unit_id,stop_start_time_local,stop_end_time_local,stop_duration_s,is_work_stop,distance_to_work_stop,planned_arrival_time_local,planned_departure_time_local,naics1,naics2,naics3,naics1_long,naics2_long,naics3_long,POIs,Stop Road Info,Nearest Intersections,Accommodation,Automative Services,Education and Learning,Emergency and Safety,Entertainment and Recreation,Events and Venues,Financial Services,Gas Stations,Government and Public Services,Healthcare and Medical,Industrial and Manufacturing,Other,Parking,Personal Care and Beauty,Pharmacy,Post,Professional and Business Services,Religious and Spiritual,Residential,"Restaurants, Fast Food and Cafes",Shopping and Retail,Tourism and Attractions,Transportation and Transit,Waste and Recycling,total_pois
1068823295,2024-06-30 17:01:13,2024-07-01 05:11:38,43825.0,0,-1.0,,,424,0,0,424420,0,0,,"[{'road_type': 'footway', 'max_speed': '', 'access': '', 'distance_m': 3.677, 'lanes': ''}]","[{'distance_m': 106.934, 'signs': [], 'intersection_type': '', 'intersection_lanes': '', 'max_speed': '', 'access': '', 'crossing': '', 'railway': '', 'barrier': '', 'road_type': {'road_type': 'residential', 'max_speed': '', 'access': '', 'distance_m': 14.905, 'lanes': ''}}]",0,0,0,0,0,0,0,0,0,0,0,0,0,0,0,0,0,0,0,0,0,0,0,0,0
1068823295,2024-07-01 05:56:04,2024-07-01 09:28:11,12727.0,1,0.0581347422577475,2024-07-01 10:30:00,2024-07-01 10:31:00,424,0,0,424420,0,0,,"[{'road_type': 'service', 'max_speed': '', 'access': '', 'distance_m': 12.159, 'lanes': ''}, {'road_type': 'service', 'max_speed': '', 'access': '', 'distance_m': 12.159, 'lanes': ''}, {'road_type': 'service', 'max_speed': '', 'access': '', 'distance_m': 12.159, 'lanes': ''}]","[{'distance_m': 12.159, 'signs': [], 'intersection_type': '', 'intersection_lanes': '', 'max_speed': '', 'access': '', 'crossing': '', 'railway': '', 'barrier': '', 'road_type': {'road_type': 'service', 'max_speed': '', 'access': '', 'distance_m': 12.159, 'lanes': ''}}, {'distance_m': 140.235, 'signs': [], 'intersection_type': '', 'intersection_lanes': '', 'max_speed': '', 'access': '', 'crossing': '', 'railway': '', 'barrier': '', 'road_type': {'road_type': 'service', 'max_speed': '', 'access': '', 'distance_m': 12.159, 'lanes': ''}}, {'distance_m': 146.632, 'signs': [], 'intersection_type': '', 'intersection_lanes': '', 'max_speed': '', 'access': '', 'crossing': '', 'railway': '', 'barrier': '', 'road_type': {'road_type': 'service', 'max_speed': '', 'access': '', 'distance_m': 12.159, 'lanes': ''}}]",0,0,0,0,0,0,0,0,0,0,0,0,0,0,0,0,0,0,0,0,0,0,0,0,0
1068823295,2024-07-01 09:41:28,2024-07-01 09:53:29,721.0,1,0.0818807579124315,2024-07-01 10:52:47,2024-07-01 11:11:54,424,0,0,424420,0,0,fitness_centre - 32.492m; convenience - 34.585m; restaurant - 36.189m; ice_cream - 40.165m; prep_school - 48.988m; cafe - 50.08m; dojo - 56.475m; prep_school - 61.989m; pharmacy - 67.831m; restaurant - 68.298m; restaurant - 76.386m; fast_food - 82.452m; dentist - 83.82m; restaurant - 87.643m; restaurant - 92.297m; post_office - 96.743m; beauty - 100.456m; hairdresser - 116.581m; platform - 124.532m; stop_position - 136.865m; fuel - 147.362m; prep_school - 149.465m,"[{'road_type': 'service', 'max_speed': '', 'access': '', 'distance_m': 6.3, 'lanes': ''}, {'road_type': 'service', 'max_speed': '', 'access': '', 'distance_m': 6.3, 'lanes': ''}]","[{'distance_m': 38.64, 'signs': [], 'intersection_type': 'turning_circle', 'intersection_lanes': '', 'max_speed': '', 'access': '', 'crossing': '', 'railway': '', 'barrier': '', 'road_type': {'road_type': 'residential', 'max_speed': '', 'access': '', 'distance_m': 6.3, 'lanes': ''}}, {'distance_m': 110.963, 'signs': ['traffic_signals'], 'intersection_type': 'traffic_signals', 'intersection_lanes': '', 'max_speed': '', 'access': '', 'crossing': '', 'railway': '', 'barrier': '', 'road_type': {'road_type': 'trunk', 'max_speed': '45 mph', 'access': '', 'distance_m': 6.3, 'lanes': '4'}}, {'distance_m': 127.42, 'signs': ['traffic_signals'], 'intersection_type': 'traffic_signals', 'intersection_lanes': '', 'max_speed': '', 'access': '', 'crossing': '', 'railway': '', 'barrier': '', 'road_type': {'road_type': 'trunk', 'max_speed': '45 mph', 'access': '', 'distance_m': 6.3, 'lanes': '3'}}]",0,0,3,0,1,0,0,1,0,2,0,1,0,2,0,1,0,0,0,8,1,0,2,0,22
1068823295,2024-07-01 09:58:01,2024-07-01 10:16:48,1127.0,1,0.1117099384084602,2024-07-01 10:42:52,2024-07-01 10:50:01,424,0,0,424420,0,0,supermarket - 24.985m; restaurant - 46.646m; restaurant - 48.986m; gift - 53.654m; cafe - 54.887m; restaurant - 56.796m; hairdresser - 57.939m; restaurant - 62.408m; restaurant - 68.402m; bank - 69.123m; restaurant - 72.587m; fast_food - 73.803m; beauty - 73.838m; post_office - 77.944m; mobile_phone - 81.394m; cafe - 82.719m; restaurant - 82.976m; restaurant - 88.095m; restaurant - 90.105m; restaurant - 90.601m; restaurant - 90.773m; restaurant - 91.476m; mobile_phone - 92.119m; travel_agency - 92.695m; dentist - 93.125m; yes - 93.267m; yes - 94.567m; bakery - 94.65m; prep_school - 95.111m; pet_grooming - 97.243m; fast_food - 99.496m; massage - 100.875m; restaurant - 102.321m; kindergarten - 109.839m; restaurant - 111.427m; bank - 116.64m; prep_school - 119.455m; beauty - 122.696m; dojo - 126.296m; optician - 127.253m; bank - 133.514m; restaurant - 135.128m; cafe - 137.281m; prep_school - 137.487m; convenience - 141.248m; restaurant - 142.378m; mobile_phone - 143.777m; beauty - 148.582m; ice_cream - 149.696m,"[{'road_type': 'service', 'max_speed': '', 'access': '', 'distance_m': 8.93, 'lanes': ''}, {'road_type': 'service', 'max_speed': '', 'access': '', 'distance_m': 8.93, 'lanes': ''}]","[{'distance_m': 32.83, 'signs': [], 'intersection_type': '', 'intersection_lanes': '', 'max_speed': '', 'access': '', 'crossing': '', 'railway': '', 'barrier': '', 'road_type': {'road_type': 'service', 'max_speed': '', 'access': '', 'distance_m': 8.93, 'lanes': ''}}, {'distance_m': 59.434, 'signs': [], 'intersection_type': '', 'intersection_lanes': '', 'max_speed': '', 'access': '', 'crossing': '', 'railway': '', 'barrier': '', 'road_type': {'road_type': 'service', 'max_speed': '', 'access': '', 'distance_m': 8.93, 'lanes': ''}}, {'distance_m': 60.946, 'signs': [], 'intersection_type': '', 'intersection_lanes': '', 'max_speed': '', 'access': '', 'crossing': '', 'railway': '', 'barrier': '', 'road_type': {'road_type': 'service', 'max_speed': '', 'access': '', 'distance_m': 8.93, 'lanes': ''}}, {'distance_m': 100.333, 'signs': [], 'intersection_type': '', 'intersection_lanes': '', 'max_speed': '', 'access': '', 'crossing': '', 'railway': '', 'barrier': '', 'road_type': {'road_type': 'primary', 'max_speed': '', 'access': '', 'distance_m': 8.93, 'lanes': ''}}, {'distance_m': 113.85, 'signs': [], 'intersection_type': '', 'intersection_lanes': '', 'max_speed': '', 'access': '', 'crossing': '', 'railway': '', 'barrier': '', 'road_type': {'road_type': 'footway', 'max_speed': '', 'access': '', 'distance_m': 8.93, 'lanes': ''}}, {'distance_m': 114.045, 'signs': [], 'intersection_type': '', 'intersection_lanes': '', 'max_speed': '', 'access': '', 'crossing': '', 'railway': '', 'barrier': '', 'road_type': {'road_type': 'service', 'max_speed': '', 'access': '', 'distance_m': 8.93, 'lanes': ''}}, {'distance_m': 116.933, 'signs': [], 'intersection_type': '', 'intersection_lanes': '', 'max_speed': '', 'access': '', 'crossing': '', 'railway': '', 'barrier': '', 'road_type': {'road_type': 'primary', 'max_speed': '', 'access': '', 'distance_m': 8.93, 'lanes': '4'}}, {'distance_m': 144.209, 'signs': [], 'intersection_type': '', 'intersection_lanes': '', 'max_speed': '', 'access': '', 'crossing': '', 'railway': '', 'barrier': '', 'road_type': {'road_type': 'primary', 'max_speed': '35 mph', 'access': '', 'distance_m': 8.93, 'lanes': '3'}}]",0,0,4,0,0,0,3,0,0,2,0,3,0,5,0,1,2,0,0,23,6,0,0,0,49
1068823295,2024-07-01 10:25:20,2024-07-01 10:34:46,566.0,1,0.0707735337468389,2024-07-01 10:52:47,2024-07-01 11:11:54,424,0,0,424420,0,0,prep_school - 2.382m; ice_cream - 11.889m; dojo - 12.612m; prep_school - 19.304m; fitness_centre - 25.821m; restaurant - 27.382m; restaurant - 36.393m; convenience - 40.849m; dentist - 45.874m; restaurant - 46.982m; restaurant - 51.47m; restaurant - 56.754m; cafe - 60.838m; post_office - 62.351m; beauty - 67.393m; hairdresser - 81.543m; pharmacy - 95.676m; prep_school - 99.827m; yes - 103.77m; travel_agency - 109.527m; beauty - 111.717m; optician - 113.719m; supermarket - 114.062m; restaurant - 114.68m; restaurant - 118.922m; restaurant - 120.189m; mobile_phone - 124.362m; restaurant - 125.078m; beauty - 127.398m; restaurant - 130.784m; fast_food - 131.518m; beauty - 134.691m; dentist - 138.666m; platform - 142.965m; restaurant - 144.065m; mobile_phone - 148.721m,"[{'road_type': 'service', 'max_speed': '', 'access': '', 'distance_m': 20.462, 'lanes': ''}]","[{'distance_m': 83.717, 'signs': [], 'intersection_type': 'turning_circle', 'intersection_lanes': '', 'max_speed': '', 'access': '', 'crossing': '', 'railway': '', 'barrier': '', 'road_type': {'road_type': 'residential', 'max_speed': '', 'access': '', 'distance_m': 20.462, 'lanes': ''}}]",0,0,3,0,1,0,0,0,0,4,0,2,0,5,0,1,1,0,0,14,4,0,1,0,36
1068823295,2024-07-01 10:36:54,2024-07-01 10:43:47,413.0,1,0.1938169798001296,2024-07-01 11:38:36,2024-07-01 11:47:24,424,0,0,424420,0,0,appliance - 17.132m; dentist - 17.95m; prep_school - 18.112m; beauty - 20.097m; restaurant - 25.681m; optician - 33.446m; mobile_phone - 38.133m; bank - 55.032m; restaurant - 57.89m; travel_agency - 59.482m; yes - 60.805m; yes - 60.965m; restaurant - 61.07m; cafe - 63.283m; yes - 68.724m; dentist - 68.859m; dentist - 72.181m; dentist - 72.425m; beauty - 73.174m; beauty - 75.776m; beauty - 76.049m; mobile_phone - 77.412m; cosmetics - 80.106m; restaurant - 81.306m; pet_grooming - 81.801m; massage - 82.399m; bakery - 83.014m; yes - 83.717m; restaurant - 83.968m; supermarket - 84.148m; mobile_phone - 84.692m; kindergarten - 84.95m; optician - 86.111m; beauty - 88.198m; beauty - 88.308m; restaurant - 90.457m; restaurant - 92.72m; restaurant - 92.736m; prep_school - 92.767m; restaurant - 95.36m; convenience - 96.531m; restaurant - 98.427m; travel_agency - 101.365m; prep_school - 103.097m; yes - 104.82m; restaurant - 106.395m; prep_school - 107.837m; restaurant - 129.985m; restaurant - 130.137m; restaurant - 131.068m; mobile_phone - 133.25m,"[{'road_type': 'service', 'max_speed': '', 'access': '', 'distance_m': 2.861, 'lanes': ''}, {'road_type': 'service', 'max_speed': '', 'access': '', 'distance_m': 2.861, 'lanes': ''}]","[{'distance_m': 18.228, 'signs': [], 'intersection_type': '', 'intersection_lanes': '', 'max_speed': '', 'access': '', 'crossing': '', 'railway': '', 'barrier': '', 'road_type': {'road_type': 'service', 'max_speed': '', 'access': '', 'distance_m': 2.861, 'lanes': ''}}, {'distance_m': 47.511, 'signs': [], 'intersection_type': '', 'intersection_lanes': '', 'max_speed': '', 'access': '', 'crossing': '', 'railway': '', 'barrier': '', 'road_type': {'road_type': 'primary', 'max_speed': '', 'access': '', 'distance_m': 2.861, 'lanes': '3'}}, {'distance_m': 63.323, 'signs': [], 'intersection_type': '', 'intersection_lanes': '', 'max_speed': '', 'access': '', 'crossing': '', 'railway': '', 'barrier': '', 'road_type': {'road_type': 'primary', 'max_speed': '35 mph', 'access': '', 'distance_m': 2.861, 'lanes': '3'}}, {'distance_m': 64.931, 'signs': [], 'intersection_type': '', 'intersection_lanes': '', 'max_speed': '', 'access': '', 'crossing': '', 'railway': '', 'barrier': '', 'road_type': {'road_type': 'primary', 'max_speed': '35 mph', 'access': '', 'distance_m': 2.861, 'lanes': '3'}}, {'distance_m': 66.866, 'signs': [], 'intersection_type': '', 'intersection_lanes': '', 'max_speed': '', 'access': '', 'crossing': '', 'railway': '', 'barrier': '', 'road_type': {'road_type': 'service', 'max_speed': '', 'access': '', 'distance_m': 2.861, 'lanes': ''}}, {'distance_m': 82.603, 'signs': [], 'intersection_type': '', 'intersection_lanes': '', 'max_speed': '', 'access': '', 'crossing': '', 'railway': '', 'barrier': '', 'road_type': {'road_type': 'primary', 'max_speed': '35 mph', 'access': '', 'distance_m': 2.861, 'lanes': '3'}}, {'distance_m': 91.776, 'signs': [], 'intersection_type': '', 'intersection_lanes': '', 'max_speed': '', 'access': '', 'crossing': '', 'railway': '', 'barrier': '', 'road_type': {'road_type': 'primary', 'max_speed': '35 mph', 'access': '', 'distance_m': 2.861, 'lanes': '3'}}, {'distance_m': 126.645, 'signs': [], 'intersection_type': '', 'intersection_lanes': '', 'max_speed': '', 'access': '', 'crossing': '', 'railway': '', 'barrier': '', 'road_type': {'road_type': 'primary', 'max_speed': '', 'access': '', 'distance_m': 2.861, 'lanes': '4'}}]",0,0,5,0,0,0,1,0,0,6,0,5,0,8,0,0,3,0,0,16,7,0,0,0,51
1068823295,2024-07-01 10:52:04,2024-07-01 11:02:05,601.0,1,0.1276111636062067,2024-07-01 10:52:47,2024-07-01 11:11:54,424,0,0,424420,0,0,prep_school - 13.642m; yes - 15.266m; beauty - 17.322m; travel_agency - 20.024m; optician - 21.534m; restaurant - 24.681m; restaurant - 29.674m; restaurant - 29.759m; restaurant - 34.323m; mobile_phone - 38.363m; restaurant - 40.122m; beauty - 43.153m; beauty - 54.119m; mobile_phone - 58.002m; dentist - 59.782m; yes - 62.202m; bakery - 67.006m; pet_grooming - 72.46m; restaurant - 80.403m; massage - 82.509m; dentist - 84.08m; restaurant - 84.281m; supermarket - 84.711m; restaurant - 85.992m; restaurant - 86.257m; hairdresser - 87.259m; restaurant - 87.793m; post_office - 88.106m; supermarket - 89.178m; prep_school - 90.616m; beauty - 90.896m; dojo - 94.169m; bank - 95.725m; kindergarten - 99.289m; prep_school - 99.87m; restaurant - 101.478m; restaurant - 101.557m; optician - 102.5m; ice_cream - 109.249m; restaurant - 111.248m; dentist - 113.086m; appliance - 116.337m; prep_school - 119.747m; fitness_centre - 120.847m; prep_school - 121.082m; beauty - 121.297m; mobile_phone - 121.53m; restaurant - 121.761m; restaurant - 121.845m; prep_school - 121.888m; cosmetics - 122.489m; beauty - 122.931m; beauty - 123.162m; cafe - 124.104m; yes - 126.21m; restaurant - 128.744m; convenience - 131.555m; yes - 133.494m; restaurant - 135.788m; restaurant - 136.697m; mobile_phone - 139.465m; travel_agency - 143.419m; cafe - 144.097m; restaurant - 145.098m; yes - 147.184m,"[{'road_type': 'service', 'max_speed': '', 'access': '', 'distance_m': 4.168, 'lanes': ''}]","[{'distance_m': 79.515, 'signs': [], 'intersection_type': '', 'intersection_lanes': '', 'max_speed': '', 'access': '', 'crossing': '', 'railway': '', 'barrier': '', 'road_type': {'road_type': 'service', 'max_speed': '', 'access': '', 'distance_m': 4.168, 'lanes': ''}}, {'distance_m': 94.57, 'signs': [], 'intersection_type': '', 'intersection_lanes': '', 'max_speed': '', 'access': '', 'crossing': '', 'railway': '', 'barrier': '', 'road_type': {'road_type': 'service', 'max_speed': '', 'access': '', 'distance_m': 4.168, 'lanes': ''}}, {'distance_m': 110.995, 'signs': [], 'intersection_type': '', 'intersection_lanes': '', 'max_speed': '', 'access': '', 'crossing': '', 'railway': '', 'barrier': '', 'road_type': {'road_type': 'service', 'max_speed': '', 'access': '', 'distance_m': 4.168, 'lanes': ''}}, {'distance_m': 129.673, 'signs': [], 'intersection_type': '', 'intersection_lanes': '', 'max_speed': '', 'access': '', 'crossing': '', 'railway': '', 'barrier': '', 'road_type': {'road_type': 'service', 'max_speed': '', 'access': '', 'distance_m': 4.168, 'lanes': ''}}, {'distance_m': 131.649, 'signs': [], 'intersection_type': '', 'intersection_lanes': '', 'max_speed': '', 'access': '', 'crossing': '', 'railway': '', 'barrier': '', 'road_type': {'road_type': 'primary', 'max_speed': '', 'access': '', 'distance_m': 4.168, 'lanes': '3'}}, {'distance_m': 136.638, 'signs': [], 'intersection_type': '', 'intersection_lanes': '', 'max_speed': '', 'access': '', 'crossing': '', 'railway': '', 'barrier': '', 'road_type': {'road_type': 'primary', 'max_speed': '35 mph', 'access': '', 'distance_m': 4.168, 'lanes': '3'}}, {'distance_m': 140.36, 'signs': [], 'intersection_type': '', 'intersection_lanes': '', 'max_speed': '', 'access': '', 'crossing': '', 'railway': '', 'barrier': '', 'road_type': {'road_type': 'service', 'max_speed': '', 'access': '', 'distance_m': 4.168, 'lanes': ''}}, {'distance_m': 142.271, 'signs': [], 'intersection_type': '', 'intersection_lanes': '', 'max_speed': '', 'access': '', 'crossing': '', 'railway': '', 'barrier': '', 'road_type': {'road_type': 'primary', 'max_speed': '', 'access': '', 'distance_m': 4.168, 'lanes': '4'}}, {'distance_m': 147.593, 'signs': [], 'intersection_type': '', 'intersection_lanes': '', 'max_speed': '', 'access': '', 'crossing': '', 'railway': '', 'barrier': '', 'road_type': {'road_type': 'primary', 'max_speed': '35 mph', 'access': '', 'distance_m': 4.168, 'lanes': '3'}}]",0,0,7,0,1,0,1,0,0,5,0,6,0,10,0,1,3,0,0,23,8,0,0,0,65
1068823295,2024-07-01 11:04:49,2024-07-01 11:13:42,533.0,1,0.1217436217965703,2024-07-01 12:14:21,2024-07-01 12:25:12,424,0,0,424420,0,0,yes - 14.152m; restaurant - 14.514m; yes - 22.473m; travel_agency - 22.6m; yes - 26.917m; beauty - 32.375m; restaurant - 32.383m; cafe - 37.084m; cosmetics - 37.457m; restaurant - 42.336m; mobile_phone - 42.976m; dentist - 44.334m; beauty - 47.529m; restaurant - 47.662m; dentist - 49.375m; beauty - 52.084m; prep_school - 53.015m; prep_school - 55.351m; appliance - 58.735m; dentist - 62.617m; restaurant - 62.687m; supermarket - 63.014m; prep_school - 64.914m; dentist - 68.63m; restaurant - 68.868m; beauty - 72.765m; optician - 81.243m; beauty - 81.308m; mobile_phone - 85.252m; restaurant - 92.785m; optician - 100.271m; bank - 102.18m; beauty - 104.096m; convenience - 106.809m; mobile_phone - 123.089m; yes - 123.28m; restaurant - 123.296m; restaurant - 123.613m; bakery - 123.823m; pet_grooming - 123.945m; restaurant - 124.637m; restaurant - 125.865m; massage - 126.555m; travel_agency - 127.033m; yes - 128.486m; prep_school - 130.397m; kindergarten - 131.454m,"[{'road_type': 'service', 'max_speed': '', 'access': '', 'distance_m': 5.544, 'lanes': ''}]","[{'distance_m': 65.04, 'signs': [], 'intersection_type': '', 'intersection_lanes': '', 'max_speed': '', 'access': '', 'crossing': '', 'railway': '', 'barrier': '', 'road_type': {'road_type': 'service', 'max_speed': '', 'access': '', 'distance_m': 5.544, 'lanes': ''}}, {'distance_m': 87.359, 'signs': [], 'intersection_type': '', 'intersection_lanes': '', 'max_speed': '', 'access': '', 'crossing': '', 'railway': '', 'barrier': '', 'road_type': {'road_type': 'primary', 'max_speed': '35 mph', 'access': '', 'distance_m': 5.544, 'lanes': '3'}}, {'distance_m': 87.459, 'signs': [], 'intersection_type': '', 'intersection_lanes': '', 'max_speed': '', 'access': '', 'crossing': '', 'railway': '', 'barrier': '', 'road_type': {'road_type': 'primary', 'max_speed': '35 mph', 'access': '', 'distance_m': 5.544, 'lanes': '3'}}, {'distance_m': 90.285, 'signs': [], 'intersection_type': '', 'intersection_lanes': '', 'max_speed': '', 'access': '', 'crossing': '', 'railway': '', 'barrier': '', 'road_type': {'road_type': 'primary', 'max_speed': '', 'access': '', 'distance_m': 5.544, 'lanes': '3'}}, {'distance_m': 103.344, 'signs': [], 'intersection_type': '', 'intersection_lanes': '', 'max_speed': '', 'access': '', 'crossing': '', 'railway': '', 'barrier': '', 'road_type': {'road_type': 'primary', 'max_speed': '35 mph', 'access': '', 'distance_m': 5.544, 'lanes': '3'}}, {'distance_m': 106.356, 'signs': [], 'intersection_type': '', 'intersection_lanes': '', 'max_speed': '', 'access': '', 'crossing': '', 'railway': '', 'barrier': '', 'road_type': {'road_type': 'residential', 'max_speed': '', 'access': '', 'distance_m': 5.544, 'lanes': '2'}}, {'distance_m': 111.088, 'signs': [], 'intersection_type': '', 'intersection_lanes': '', 'max_speed': '', 'access': '', 'crossing': '', 'railway': '', 'barrier': '', 'road_type': {'road_type': 'service', 'max_speed': '', 'access': '', 'distance_m': 5.544, 'lanes': ''}}, {'distance_m': 129.639, 'signs': [], 'intersection_type': '', 'intersection_lanes': '', 'max_speed': '', 'access': '', 'crossing': '', 'railway': '', 'barrier': '', 'road_type': {'road_type': 'residential', 'max_speed': '', 'access': '', 'distance_m': 5.544, 'lanes': '2'}}, {'distance_m': 139.16, 'signs': [], 'intersection_type': '', 'intersection_lanes': '', 'max_speed': '', 'access': '', 'crossing': '', 'railway': '', 'barrier': '', 'road_type': {'road_type': 'primary', 'max_speed': '35 mph', 'access': '', 'distance_m': 5.544, 'lanes': '3'}}, {'distance_m': 139.21, 'signs': [], 'intersection_type': '', 'intersection_lanes': '', 'max_speed': '', 'access': '', 'crossing': '', 'railway': '', 'barrier': '', 'road_type': {'road_type': 'residential', 'max_speed': '', 'access': '', 'distance_m': 5.544, 'lanes': '2'}}]",0,0,5,0,0,0,1,0,0,6,0,5,0,8,0,0,3,0,0,13,6,0,0,0,47
1068823295,2024-07-01 11:17:59,2024-07-01 11:30:00,721.0,1,0.0388717242510433,2024-07-01 13:15:24,2024-07-01 13:36:56,424,0,0,424420,0,0,restaurant - 19.815m,"[{'road_type': 'service', 'max_speed': '', 'access': '', 'distance_m': 19.992, 'lanes': ''}]","[{'distance_m': 128.59, 'signs': [], 'intersection_type': '', 'intersection_lanes': '', 'max_speed': '', 'access': '', 'crossing': '', 'railway': '', 'barrier': '', 'road_type': {'road_type': 'service', 'max_speed': '', 'access': '', 'distance_m': 19.992, 'lanes': ''}}, {'distance_m': 131.419, 'signs': [], 'intersection_type': '', 'intersection_lanes': '', 'max_speed': '', 'access': '', 'crossing': '', 'railway': '', 'barrier': '', 'road_type': {'road_type': 'residential', 'max_speed': '', 'access': '', 'distance_m': 19.992, 'lanes': '2'}}]",0,0,0,0,0,0,0,0,0,0,0,0,0,0,0,0,0,0,0,1,0,0,0,0,1
1068823295,2024-07-01 11:37:41,2024-07-01 11:42:12,271.0,1,0.1114984112140084,2024-07-01 12:14:21,2024-07-01 12:25:12,424,0,0,424420,0,0,convenience - 22.49m; mobile_phone - 46.063m; dentist - 47.58m; dentist - 50.896m; restaurant - 54.41m; cafe - 54.948m; restaurant - 58.985m; beauty - 60.434m; prep_school - 64.216m; yes - 65.744m; appliance - 68.508m; travel_agency - 69.896m; dentist - 73.005m; restaurant - 78.737m; yes - 85.547m; optician - 92.436m; yes - 102.724m; bank - 114.053m; beauty - 114.064m; cosmetics - 119.4m; restaurant - 124.55m; beauty - 129.948m; prep_school - 135.601m; kindergarten - 141.244m; dentist - 145.282m; supermarket - 146.716m; massage - 146.75m; restaurant - 147.544m; beauty - 147.676m; prep_school - 147.69m; pet_grooming - 150.183m,"[{'road_type': 'primary', 'max_speed': '35 mph', 'access': '', 'distance_m': 19.051, 'lanes': ''}, {'road_type': 'service', 'max_speed': '', 'access': '', 'distance_m': 2.692, 'lanes': ''}, {'road_type': 'primary', 'max_speed': '35 mph', 'access': '', 'distance_m': 2.692, 'lanes': '3'}]","[{'distance_m': 2.692, 'signs': [], 'intersection_type': '', 'intersection_lanes': '', 'max_speed': '', 'access': '', 'crossing': '', 'railway': '', 'barrier': '', 'road_type': {'road_type': 'primary', 'max_speed': '35 mph', 'access': '', 'distance_m': 2.692, 'lanes': '3'}}, {'distance_m': 31.121, 'signs': [], 'intersection_type': '', 'intersection_lanes': '', 'max_speed': '', 'access': '', 'crossing': '', 'railway': '', 'barrier': '', 'road_type': {'road_type': 'primary', 'max_speed': '35 mph', 'access': '', 'distance_m': 2.692, 'lanes': '3'}}, {'distance_m': 70.515, 'signs': [], 'intersection_type': '', 'intersection_lanes': '', 'max_speed': '', 'access': '', 'crossing': '', 'railway': '', 'barrier': '', 'road_type': {'road_type': 'primary', 'max_speed': '35 mph', 'access': '', 'distance_m': 2.692, 'lanes': '3'}}, {'distance_m': 72.752, 'signs': [], 'intersection_type': '', 'intersection_lanes': '', 'max_speed': '', 'access': '', 'crossing': '', 'railway': '', 'barrier': '', 'road_type': {'road_type': 'primary', 'max_speed': '', 'access': '', 'distance_m': 2.692, 'lanes': '3'}}, {'distance_m': 91.255, 'signs': [], 'intersection_type': '', 'intersection_lanes': '', 'max_speed': '', 'access': '', 'crossing': '', 'railway': '', 'barrier': '', 'road_type': {'road_type': 'service', 'max_speed': '', 'access': '', 'distance_m': 2.692, 'lanes': ''}}, {'distance_m': 91.804, 'signs': [], 'intersection_type': '', 'intersection_lanes': '', 'max_speed': '', 'access': '', 'crossing': '', 'railway': '', 'barrier': '', 'road_type': {'road_type': 'residential', 'max_speed': '', 'access': '', 'distance_m': 2.692, 'lanes': '2'}}, {'distance_m': 93.62, 'signs': [], 'intersection_type': '', 'intersection_lanes': '', 'max_speed': '', 'access': '', 'crossing': '', 'railway': '', 'barrier': '', 'road_type': {'road_type': 'residential', 'max_speed': '', 'access': '', 'distance_m': 2.692, 'lanes': '2'}}, {'distance_m': 123.656, 'signs': [], 'intersection_type': '', 'intersection_lanes': '', 'max_speed': '', 'access': '', 'crossing': '', 'railway': '', 'barrier': '', 'road_type': {'road_type': 'primary', 'max_speed': '35 mph', 'access': '', 'distance_m': 2.692, 'lanes': '3'}}, {'distance_m': 133.312, 'signs': [], 'intersection_type': '', 'intersection_lanes': '', 'max_speed': '', 'access': '', 'crossing': '', 'railway': '', 'barrier': '', 'road_type': {'road_type': 'service', 'max_speed': '', 'access': '', 'distance_m': 2.692, 'lanes': ''}}, {'distance_m': 159.48, 'signs': [], 'intersection_type': '', 'intersection_lanes': '', 'max_speed': '', 'access': '', 'crossing': '', 'railway': '', 'barrier': '', 'road_type': {'road_type': 'primary', 'max_speed': '', 'access': '', 'distance_m': 2.692, 'lanes': '2'}}]",0,0,4,0,0,0,1,0,0,5,0,3,0,6,0,0,2,0,0,6,4,0,0,0,31
1068823295,2024-07-01 11:52:08,2024-07-01 12:02:08,600.0,1,0.1124245757706318,2024-07-01 13:51:13,2024-07-01 13:57:34,424,0,0,424420,0,0,bakery - 16.739m; restaurant - 17.895m; mobile_phone - 18.22m; music_school - 23.578m; restaurant - 37.85m; restaurant - 40.121m; restaurant - 51.63m; restaurant - 53.561m; restaurant - 58.53m; platform - 63.423m; cafe - 65.505m; stop_position - 67.169m; restaurant - 73.218m; cafe - 74.902m; stop_position - 79.183m; beauty - 81.78m; platform - 85.891m; bank - 89.095m; restaurant - 96.85m; supermarket - 132.97m; restaurant - 148.642m,"[{'road_type': 'service', 'max_speed': '', 'access': '', 'distance_m': 1.392, 'lanes': ''}]","[{'distance_m': 12.402, 'signs': [], 'intersection_type': '', 'intersection_lanes': '', 'max_speed': '', 'access': '', 'crossing': '', 'railway': '', 'barrier': '', 'road_type': {'road_type': 'service', 'max_speed': '', 'access': '', 'distance_m': 1.392, 'lanes': ''}}, {'distance_m': 23.403, 'signs': [], 'intersection_type': '', 'intersection_lanes': '', 'max_speed': '', 'access': '', 'crossing': '', 'railway': '', 'barrier': '', 'road_type': {'road_type': 'service', 'max_speed': '', 'access': '', 'distance_m': 12.402, 'lanes': ''}}, {'distance_m': 43.452, 'signs': [], 'intersection_type': '', 'intersection_lanes': '', 'max_speed': '', 'access': '', 'crossing': '', 'railway': '', 'barrier': '', 'road_type': {'road_type': 'primary', 'max_speed': '', 'access': '', 'distance_m': 1.392, 'lanes': '2'}}, {'distance_m': 52.427, 'signs': [], 'intersection_type': '', 'intersection_lanes': '', 'max_speed': '', 'access': '', 'crossing': '', 'railway': '', 'barrier': '', 'road_type': {'road_type': 'primary', 'max_speed': '', 'access': '', 'distance_m': 1.392, 'lanes': '2'}}, {'distance_m': 59.451, 'signs': [], 'intersection_type': '', 'intersection_lanes': '', 'max_speed': '', 'access': '', 'crossing': '', 'railway': '', 'barrier': '', 'road_type': {'road_type': 'service', 'max_speed': '', 'access': '', 'distance_m': 1.392, 'lanes': ''}}, {'distance_m': 73.575, 'signs': [], 'intersection_type': '', 'intersection_lanes': '', 'max_speed': '', 'access': '', 'crossing': '', 'railway': '', 'barrier': '', 'road_type': {'road_type': 'primary', 'max_speed': '', 'access': '', 'distance_m': 1.392, 'lanes': '5'}}, {'distance_m': 74.835, 'signs': [], 'intersection_type': '', 'intersection_lanes': '', 'max_speed': '', 'access': '', 'crossing': '', 'railway': '', 'barrier': '', 'road_type': {'road_type': 'primary', 'max_speed': '', 'access': '', 'distance_m': 1.392, 'lanes': '3'}}, {'distance_m': 86.409, 'signs': [], 'intersection_type': '', 'intersection_lanes': '', 'max_speed': '', 'access': '', 'crossing': '', 'railway': '', 'barrier': '', 'road_type': {'road_type': 'service', 'max_speed': '', 'access': '', 'distance_m': 12.402, 'lanes': ''}}, {'distance_m': 112.85, 'signs': [], 'intersection_type': '', 'intersection_lanes': '', 'max_speed': '', 'access': '', 'crossing': '', 'railway': '', 'barrier': '', 'road_type': {'road_type': 'primary', 'max_speed': '', 'access': '', 'distance_m': 1.392, 'lanes': '2'}}, {'distance_m': 123.827, 'signs': [], 'intersection_type': '', 'intersection_lanes': '', 'max_speed': '', 'access': '', 'crossing': '', 'railway': '', 'barrier': '', 'road_type': {'road_type': 'service', 'max_speed': '', 'access': '', 'distance_m': 1.392, 'lanes': ''}}]",0,0,1,0,0,0,1,0,0,0,0,0,0,1,0,0,0,0,0,12,2,0,4,0,21
1068823295,2024-07-01 12:49:51,2024-07-01 14:11:54,4923.0,0,-1.0,,,424,0,0,424420,0,0,car_repair - 57.368m; supermarket - 62.211m; veterinary - 65.337m; restaurant - 68.725m; furniture - 75.32m; laundry - 77.284m; craft - 106.73m; bicycle_parking - 117.584m; charity - 120.831m; supermarket - 128.717m; pet - 133.613m; doityourself - 145.645m; platform - 148.344m; stop_position - 150.464m,"[{'road_type': 'service', 'max_speed': '', 'access': '', 'distance_m': 24.571, 'lanes': ''}, {'road_type': 'service', 'max_speed': '', 'access': '', 'distance_m': 24.571, 'lanes': ''}]","[{'distance_m': 48.973, 'signs': [], 'intersection_type': '', 'intersection_lanes': '', 'max_speed': '', 'access': '', 'crossing': '', 'railway': '', 'barrier': '', 'road_type': {'road_type': 'path', 'max_speed': '', 'access': '', 'distance_m': 24.571, 'lanes': ''}}, {'distance_m': 83.09, 'signs': [], 'intersection_type': '', 'intersection_lanes': '', 'max_speed': '', 'access': '', 'crossing': '', 'railway': '', 'barrier': '', 'road_type': {'road_type': 'primary', 'max_speed': '', 'access': '', 'distance_m': 24.571, 'lanes': '3'}}, {'distance_m': 87.772, 'signs': [], 'intersection_type': '', 'intersection_lanes': '', 'max_speed': '', 'access': '', 'crossing': '', 'railway': '', 'barrier': '', 'road_type': {'road_type': 'primary', 'max_speed': '', 'access': '', 'distance_m': 24.571, 'lanes': '2'}}, {'distance_m': 95.491, 'signs': [], 'intersection_type': '', 'intersection_lanes': '', 'max_speed': '', 'access': '', 'crossing': '', 'railway': '', 'barrier': '', 'road_type': {'road_type': 'primary', 'max_speed': '', 'access': '', 'distance_m': 24.571, 'lanes': '2'}}, {'distance_m': 108.578, 'signs': [], 'intersection_type': '', 'intersection_lanes': '', 'max_speed': '', 'access': '', 'crossing': '', 'railway': '', 'barrier': '', 'road_type': {'road_type': 'service', 'max_speed': '', 'access': '', 'distance_m': 24.571, 'lanes': ''}}, {'distance_m': 110.467, 'signs': [], 'intersection_type': '', 'intersection_lanes': '', 'max_speed': '', 'access': '', 'crossing': '', 'railway': '', 'barrier': '', 'road_type': {'road_type': 'service', 'max_speed': '', 'access': '', 'distance_m': 24.571, 'lanes': '3'}}, {'distance_m': 114.698, 'signs': [], 'intersection_type': '', 'intersection_lanes': '', 'max_speed': '', 'access': '', 'crossing': '', 'railway': '', 'barrier': '', 'road_type': {'road_type': 'footway', 'max_speed': '', 'access': '', 'distance_m': 24.571, 'lanes': ''}}, {'distance_m': 118.071, 'signs': [], 'intersection_type': '', 'intersection_lanes': '', 'max_speed': '', 'access': '', 'crossing': '', 'railway': '', 'barrier': '', 'road_type': {'road_type': 'service', 'max_speed': '', 'access': '', 'distance_m': 24.571, 'lanes': ''}}, {'distance_m': 128.163, 'signs': ['traffic_signals'], 'intersection_type': 'traffic_signals', 'intersection_lanes': '', 'max_speed': '', 'access': '', 'crossing': '', 'railway': '', 'barrier': '', 'road_type': {'road_type': 'primary', 'max_speed': '', 'access': '', 'distance_m': 24.571, 'lanes': '2'}}, {'distance_m': 130.863, 'signs': [], 'intersection_type': '', 'intersection_lanes': '', 'max_speed': '', 'access': '', 'crossing': '', 'railway': '', 'barrier': '', 'road_type': {'road_type': 'footway', 'max_speed': '', 'access': '', 'distance_m': 24.571, 'lanes': ''}}]",0,1,0,0,0,0,0,0,1,1,0,2,1,0,0,0,1,0,0,1,4,0,2,0,14
1068823295,2024-07-01 14:29:56,2024-07-02 05:10:26,52830.0,1,0.0181379478077557,2024-07-01 15:09:48,2024-07-01 15:10:48,424,0,0,424420,0,0,,"[{'road_type': 'footway', 'max_speed': '', 'access': '', 'distance_m': 3.557, 'lanes': ''}]","[{'distance_m': 107.038, 'signs': [], 'intersection_type': '', 'intersection_lanes': '', 'max_speed': '', 'access': '', 'crossing': '', 'railway': '', 'barrier': '', 'road_type': {'road_type': 'residential', 'max_speed': '', 'access': '', 'distance_m': 15.101, 'lanes': ''}}]",0,0,0,0,0,0,0,0,0,0,0,0,0,0,0,0,0,0,0,0,0,0,0,0,0
1068823295,2024-07-02 05:57:21,2024-07-02 09:18:37,12076.0,1,0.045435399940688,2024-07-02 10:30:00,2024-07-02 10:31:00,424,0,0,424420,0,0,,"[{'road_type': 'service', 'max_speed': '', 'access': '', 'distance_m': 4.39, 'lanes': ''}, {'road_type': 'service', 'max_speed': '', 'access': '', 'distance_m': 4.39, 'lanes': ''}, {'road_type': 'service', 'max_speed': '', 'access': '', 'distance_m': 4.39, 'lanes': ''}]","[{'distance_m': 4.39, 'signs': [], 'intersection_type': '', 'intersection_lanes': '', 'max_speed': '', 'access': '', 'crossing': '', 'railway': '', 'barrier': '', 'road_type': {'road_type': 'service', 'max_speed': '', 'access': '', 'distance_m': 4.39, 'lanes': ''}}]",0,0,0,0,0,0,0,0,0,0,0,0,0,0,0,0,0,0,0,0,0,0,0,0,0
1068823295,2024-07-02 09:38:15,2024-07-02 09:48:15,600.0,1,0.0215670768840871,2024-07-02 10:44:08,2024-07-02 10:53:57,424,0,0,424420,0,0,kitchen - 47.377m; hardware - 88.677m; electrical - 97.718m; hardware - 109.176m,"[{'road_type': 'service', 'max_speed': '', 'access': '', 'distance_m': 10.103, 'lanes': ''}]","[{'distance_m': 67.615, 'signs': [], 'intersection_type': '', 'intersection_lanes': '', 'max_speed': '', 'access': '', 'crossing': '', 'railway': '', 'barrier': '', 'road_type': {'road_type': 'footway', 'max_speed': '', 'access': '', 'distance_m': 46.035, 'lanes': ''}}, {'distance_m': 85.344, 'signs': [], 'intersection_type': '', 'intersection_lanes': '', 'max_speed': '', 'access': '', 'crossing': '', 'railway': '', 'barrier': '', 'road_type': {'road_type': 'secondary', 'max_speed': '25 mph', 'access': '', 'distance_m': 10.103, 'lanes': ''}}, {'distance_m': 87.808, 'signs': [], 'intersection_type': '', 'intersection_lanes': '', 'max_speed': '', 'access': '', 'crossing': '', 'railway': '', 'barrier': '', 'road_type': {'road_type': 'footway', 'max_speed': '', 'access': '', 'distance_m': 46.035, 'lanes': ''}}]",0,0,0,0,0,0,0,0,0,0,0,1,0,0,0,0,0,0,0,0,3,0,0,0,4
1068823295,2024-07-02 09:57:10,2024-07-02 10:09:10,720.0,1,0.0200566437954261,2024-07-02 11:07:32,2024-07-02 11:32:48,424,0,0,424420,0,0,restaurant - 24.028m; fast_food - 25.528m; military_surplus - 27.002m; restaurant - 37.937m; fast_food - 55.184m; vacant - 55.755m; vacant - 61.2m; restaurant - 62.958m; convenience - 64.408m; vacant - 65.937m; fuel - 76.82m; car_repair - 111.115m; convenience - 120.233m; bicycle_rental - 139.114m,"[{'road_type': 'service', 'max_speed': '', 'access': 'customers', 'distance_m': 47.739, 'lanes': ''}]","[{'distance_m': 106.816, 'signs': [], 'intersection_type': '', 'intersection_lanes': '', 'max_speed': '', 'access': '', 'crossing': '', 'railway': '', 'barrier': '', 'road_type': {'road_type': 'footway', 'max_speed': '', 'access': '', 'distance_m': 45.018, 'lanes': ''}}, {'distance_m': 108.412, 'signs': [], 'intersection_type': '', 'intersection_lanes': '', 'max_speed': '', 'access': '', 'crossing': '', 'railway': '', 'barrier': '', 'road_type': {'road_type': 'footway', 'max_speed': '', 'access': '', 'distance_m': 45.018, 'lanes': ''}}, {'distance_m': 114.68, 'signs': [], 'intersection_type': '', 'intersection_lanes': '', 'max_speed': '', 'access': '', 'crossing': '', 'railway': '', 'barrier': '', 'road_type': {'road_type': 'footway', 'max_speed': '', 'access': '', 'distance_m': 45.018, 'lanes': ''}}, {'distance_m': 116.87, 'signs': [], 'intersection_type': '', 'intersection_lanes': '', 'max_speed': '', 'access': '', 'crossing': '', 'railway': '', 'barrier': '', 'road_type': {'road_type': 'tertiary', 'max_speed': '25 mph', 'access': '', 'distance_m': 47.739, 'lanes': ''}}, {'distance_m': 117.474, 'signs': [], 'intersection_type': '', 'intersection_lanes': '', 'max_speed': '', 'access': '', 'crossing': '', 'railway': '', 'barrier': '', 'road_type': {'road_type': 'service', 'max_speed': '', 'access': '', 'distance_m': 45.018, 'lanes': ''}}, {'distance_m': 117.845, 'signs': ['pedestrian_traffic_signals', 'crossing'], 'intersection_type': 'crossing', 'intersection_lanes': '', 'max_speed': '', 'access': '', 'crossing': 'traffic_signals', 'railway': '', 'barrier': '', 'road_type': {'road_type': 'primary', 'max_speed': '', 'access': '', 'distance_m': 47.739, 'lanes': '3'}}, {'distance_m': 121.397, 'signs': [], 'intersection_type': '', 'intersection_lanes': '', 'max_speed': '', 'access': '', 'crossing': '', 'railway': '', 'barrier': '', 'road_type': {'road_type': 'footway', 'max_speed': '', 'access': '', 'distance_m': 47.739, 'lanes': ''}}, {'distance_m': 122.262, 'signs': [], 'intersection_type': '', 'intersection_lanes': '', 'max_speed': '', 'access': '', 'crossing': '', 'railway': '', 'barrier': '', 'road_type': {'road_type': 'footway', 'max_speed': '', 'access': '', 'distance_m': 45.018, 'lanes': ''}}, {'distance_m': 123.137, 'signs': [], 'intersection_type': '', 'intersection_lanes': '', 'max_speed': '', 'access': '', 'crossing': '', 'railway': '', 'barrier': '', 'road_type': {'road_type': 'footway', 'max_speed': '', 'access': '', 'distance_m': 45.018, 'lanes': ''}}, {'distance_m': 127.105, 'signs': [], 'intersection_type': '', 'intersection_lanes': '', 'max_speed': '', 'access': '', 'crossing': '', 'railway': '', 'barrier': '', 'road_type': {'road_type': 'footway', 'max_speed': '', 'access': '', 'distance_m': 45.018, 'lanes': ''}}]",0,1,0,0,0,0,0,1,1,0,0,3,0,0,0,0,1,0,0,5,2,0,0,0,14
1068823295,2024-07-02 10:12:22,2024-07-02 10:16:22,240.0,1,0.0171135301221019,2024-07-02 11:38:04,2024-07-02 11:46:24,424,0,0,424420,0,0,restaurant - 35.489m; stop_position - 39.138m; restaurant - 57.334m; bar - 63.229m; alcohol - 68.86m; platform - 88.845m; stop_position - 90.437m; stop_position - 100.413m; platform - 103.484m; bus_station - 120.137m; atm - 139.407m; beauty - 143.039m; convenience - 149.107m,"[{'road_type': 'service', 'max_speed': '', 'access': '', 'distance_m': 14.63, 'lanes': ''}]","[{'distance_m': 69.008, 'signs': [], 'intersection_type': '', 'intersection_lanes': '', 'max_speed': '', 'access': '', 'crossing': '', 'railway': '', 'barrier': '', 'road_type': {'road_type': 'service', 'max_speed': '', 'access': 'customers', 'distance_m': 24.691, 'lanes': ''}}, {'distance_m': 75.537, 'signs': [], 'intersection_type': '', 'intersection_lanes': '', 'max_speed': '', 'access': '', 'crossing': '', 'railway': '', 'barrier': '', 'road_type': {'road_type': 'service', 'max_speed': '', 'access': '', 'distance_m': 14.63, 'lanes': ''}}, {'distance_m': 97.392, 'signs': [], 'intersection_type': '', 'intersection_lanes': '', 'max_speed': '', 'access': '', 'crossing': '', 'railway': '', 'barrier': '', 'road_type': {'road_type': 'footway', 'max_speed': '', 'access': '', 'distance_m': 18.123, 'lanes': ''}}, {'distance_m': 101.02, 'signs': [], 'intersection_type': '', 'intersection_lanes': '', 'max_speed': '', 'access': '', 'crossing': '', 'railway': '', 'barrier': '', 'road_type': {'road_type': 'service', 'max_speed': '', 'access': '', 'distance_m': 14.63, 'lanes': ''}}, {'distance_m': 107.122, 'signs': [], 'intersection_type': '', 'intersection_lanes': '', 'max_speed': '', 'access': '', 'crossing': '', 'railway': '', 'barrier': '', 'road_type': {'road_type': 'footway', 'max_speed': '', 'access': '', 'distance_m': 18.123, 'lanes': ''}}, {'distance_m': 108.221, 'signs': ['traffic_signals'], 'intersection_type': 'traffic_signals', 'intersection_lanes': '', 'max_speed': '', 'access': '', 'crossing': '', 'railway': '', 'barrier': '', 'road_type': {'road_type': 'primary', 'max_speed': '30 mph', 'access': '', 'distance_m': 57.017, 'lanes': '3'}}, {'distance_m': 109.269, 'signs': [], 'intersection_type': '', 'intersection_lanes': '', 'max_speed': '', 'access': '', 'crossing': '', 'railway': '', 'barrier': '', 'road_type': {'road_type': 'footway', 'max_speed': '', 'access': '', 'distance_m': 24.691, 'lanes': ''}}, {'distance_m': 113.428, 'signs': ['traffic_signals'], 'intersection_type': 'traffic_signals', 'intersection_lanes': '', 'max_speed': '', 'access': '', 'crossing': '', 'railway': '', 'barrier': '', 'road_type': {'road_type': 'primary', 'max_speed': '30 mph', 'access': '', 'distance_m': 50.142, 'lanes': '2'}}, {'distance_m': 114.419, 'signs': [], 'intersection_type': '', 'intersection_lanes': '', 'max_speed': '', 'access': '', 'crossing': '', 'railway': '', 'barrier': '', 'road_type': {'road_type': 'footway', 'max_speed': '', 'access': '', 'distance_m': 18.123, 'lanes': ''}}, {'distance_m': 115.362, 'signs': [], 'intersection_type': '', 'intersection_lanes': '', 'max_speed': '', 'access': '', 'crossing': '', 'railway': '', 'barrier': '', 'road_type': {'road_type': 'footway', 'max_speed': '', 'access': '', 'distance_m': 18.123, 'lanes': ''}}]",0,0,0,0,0,0,1,0,0,0,0,0,0,1,0,0,0,0,0,3,2,0,6,0,13
1068823295,2024-07-02 10:53:45,2024-07-02 11:03:45,600.0,1,0.0425872451733429,2024-07-02 12:44:19,2024-07-02 12:52:03,424,0,0,424420,0,0,information - 12.547m; restaurant - 21.983m; hairdresser - 22.577m; cafe - 26.989m; bar - 29.255m; restaurant - 34.78m; bicycle_parking - 36.194m; bicycle_parking - 36.648m; bar - 38.187m; restaurant - 41.75m; vending_machine - 43.487m; restaurant - 43.56m; pub - 44.235m; vending_machine - 44.392m; vending_machine - 45.731m; vending_machine - 46.609m; vending_machine - 47.453m; nightclub - 51.555m; fast_food - 52.04m; bicycle_parking - 53.182m; bar - 53.97m; restaurant - 54.126m; vending_machine - 54.956m; fast_food - 57.284m; pub - 59.353m; platform - 59.806m; bar - 60.961m; bar - 68.725m; stop_position - 69.067m; post_box - 69.737m; hairdresser - 70.933m; bicycle_parking - 72.515m; stop_position - 72.576m; hairdresser - 74.445m; vacant - 75.762m; pastry - 76.065m; platform - 77.455m; information - 77.718m; bicycle_parking - 77.952m; waste_basket - 82.905m; ice_cream - 83.261m; beauty - 83.324m; bicycle_parking - 84.29m; bank - 84.72m; cafe - 85.262m; vacant - 86.359m; atm - 86.471m; fast_food - 87.173m; photo - 88.782m; restaurant - 91.878m; yes - 93.214m; tailor - 93.732m; beauty - 94.508m; vacant - 94.741m; restaurant - 95.248m; dry_cleaning - 95.579m; information - 96.21m; waste_basket - 96.429m; jewelry - 96.896m; restaurant - 99.474m; stop_position - 100.348m; jewelry - 102.108m; nightclub - 103.733m; parking_entrance - 107.63m; parking_entrance - 107.915m; waste_basket - 109.791m; studio - 110.162m; cafe - 116.384m; waste_basket - 118.243m; atm - 121.563m; toilets - 124.012m; religion - 127.727m; stop_position - 127.757m; stop_position - 129.614m; waste_basket - 130.036m; bicycle_parking - 130.383m; restaurant - 130.852m; stop_position - 131.529m; bicycle_parking - 132.56m; vacant - 133.516m; bank - 136.655m; atm - 139.886m; artwork - 140.026m; vacant - 141.122m; vending_machine - 142.291m; bicycle_parking - 142.326m; vending_machine - 142.61m; information - 142.621m; vending_machine - 142.859m; dry_cleaning;tailor - 143.187m; vending_machine - 143.235m; gift - 143.446m; vending_machine - 143.482m; vending_machine - 143.762m; artwork - 145.661m; information - 146.084m; stop_position - 146.251m; bicycle_parking - 146.303m; stop_position - 147.595m; bicycle_rental - 147.89m; police - 149.174m; information - 150.404m,"[{'road_type': 'service', 'max_speed': '', 'access': 'private', 'distance_m': 23.562, 'lanes': ''}]","[{'distance_m': 45.432, 'signs': [], 'intersection_type': '', 'intersection_lanes': '', 'max_speed': '', 'access': '', 'crossing': '', 'railway': '', 'barrier': '', 'road_type': {'road_type': 'footway', 'max_speed': '', 'access': '', 'distance_m': 45.002, 'lanes': ''}}, {'distance_m': 46.905, 'signs': [], 'intersection_type': '', 'intersection_lanes': '', 'max_speed': '', 'access': '', 'crossing': '', 'railway': '', 'barrier': '', 'road_type': {'road_type': 'footway', 'max_speed': '', 'access': '', 'distance_m': 45.002, 'lanes': ''}}, {'distance_m': 47.926, 'signs': [], 'intersection_type': '', 'intersection_lanes': '', 'max_speed': '', 'access': '', 'crossing': '', 'railway': '', 'barrier': '', 'road_type': {'road_type': 'cycleway', 'max_speed': '', 'access': '', 'distance_m': 23.562, 'lanes': ''}}, {'distance_m': 49.625, 'signs': [], 'intersection_type': '', 'intersection_lanes': '', 'max_speed': '', 'access': '', 'crossing': '', 'railway': '', 'barrier': '', 'road_type': {'road_type': 'cycleway', 'max_speed': '', 'access': '', 'distance_m': 45.002, 'lanes': ''}}, {'distance_m': 57.233, 'signs': [], 'intersection_type': '', 'intersection_lanes': '', 'max_speed': '', 'access': '', 'crossing': '', 'railway': '', 'barrier': '', 'road_type': {'road_type': 'residential', 'max_speed': '', 'access': '', 'distance_m': 45.002, 'lanes': '2'}}, {'distance_m': 63.201, 'signs': [], 'intersection_type': '', 'intersection_lanes': '', 'max_speed': '', 'access': '', 'crossing': '', 'railway': '', 'barrier': '', 'road_type': {'road_type': 'footway', 'max_speed': '', 'access': '', 'distance_m': 45.002, 'lanes': ''}}, {'distance_m': 65.508, 'signs': [], 'intersection_type': '', 'intersection_lanes': '', 'max_speed': '', 'access': '', 'crossing': '', 'railway': '', 'barrier': '', 'road_type': {'road_type': 'cycleway', 'max_speed': '', 'access': '', 'distance_m': 23.562, 'lanes': ''}}, {'distance_m': 66.565, 'signs': [], 'intersection_type': '', 'intersection_lanes': '', 'max_speed': '', 'access': '', 'crossing': '', 'railway': '', 'barrier': '', 'road_type': {'road_type': 'cycleway', 'max_speed': '', 'access': '', 'distance_m': 45.002, 'lanes': ''}}, {'distance_m': 70.159, 'signs': [], 'intersection_type': '', 'intersection_lanes': '', 'max_speed': '', 'access': '', 'crossing': '', 'railway': '', 'barrier': '', 'road_type': {'road_type': 'footway', 'max_speed': '', 'access': '', 'distance_m': 45.002, 'lanes': ''}}, {'distance_m': 70.749, 'signs': [], 'intersection_type': '', 'intersection_lanes': '', 'max_speed': '', 'access': '', 'crossing': '', 'railway': '', 'barrier': '', 'road_type': {'road_type': 'footway', 'max_speed': '', 'access': '', 'distance_m': 23.562, 'lanes': ''}}]",1,0,0,0,2,0,5,0,2,0,0,12,12,5,0,1,5,1,0,23,18,0,10,5,102
1068823295,2024-07-02 11:20:38,2024-07-02 11:32:39,721.0,1,0.0534890642006766,2024-07-02 13:20:37,2024-07-02 13:41:25,424,0,0,424420,0,0,bicycle_rental - 31.202m; table - 31.821m; table - 32.973m; table - 34.379m; table - 35.338m; table - 37.605m; table - 37.638m; bicycle_parking - 38.147m; table - 38.562m; table - 39.418m; table - 39.655m; table - 40.238m; table - 41.11m; table - 41.135m; table - 42.138m; artwork - 43.116m; table - 43.252m; table - 44.302m; table - 45.123m; table - 46.098m; table - 46.917m; table - 47.603m; parking_entrance - 48.273m; table - 50.406m; theatre - 51.101m; table - 51.548m; table - 52.862m; table - 55.546m; restaurant - 55.998m; bicycle_parking - 56.513m; parking_space - 57.143m; table - 57.355m; table - 57.877m; table - 58.777m; table - 59.552m; table - 60.607m; table - 60.916m; artwork - 62.229m; table - 62.271m; table - 63.483m; table - 65.785m; table - 66.382m; table - 67.046m; table - 67.564m; table - 67.633m; artwork - 68.233m; table - 68.733m; table - 68.804m; table - 69.335m; table - 69.89m; table - 69.91m; table - 70.487m; table - 72.756m; table - 72.869m; information - 74.185m; telephone - 78.32m; telephone - 78.32m; parking_space - 78.421m; telephone - 78.439m; bank - 78.587m; table - 80.023m; studio - 80.152m; bicycle_parking - 80.246m; table - 81.282m; table - 82.385m; table - 82.427m; table - 83.548m; table - 84.019m; table - 84.585m; bicycle_parking - 85.183m; table - 85.438m; atm - 86.286m; table - 86.397m; table - 86.604m; artwork - 87.023m; bank - 87.049m; table - 87.683m; table - 88.817m; table - 89.258m; table - 89.924m; post_box - 89.961m; table - 90.472m; restaurant - 91.522m; table - 91.561m; table - 91.833m; table - 91.841m; table - 92.804m; table - 93.146m; table - 93.536m; telephone - 93.768m; table - 94.459m; table - 94.617m; telephone - 95.07m; artwork - 96.121m; table - 96.281m; table - 99.655m; table - 100.421m; table - 100.703m; library_dropoff - 101.104m; table - 101.686m; table - 101.886m; fast_food - 102.675m; cafe - 102.709m; table - 102.793m; table - 103.016m; bank - 103.593m; table - 104.058m; events_venue - 107.256m; artwork - 114.794m; parking_space - 119.29m; bicycle_parking - 119.6m; library_dropoff - 125.419m; artwork - 137.348m; cafe - 139.286m; bicycle_parking - 141.784m; bicycle_parking - 143.992m; bicycle_parking - 147.696m; bicycle_parking - 147.722m; vacant - 149.359m,"[{'road_type': 'secondary', 'max_speed': '', 'access': '', 'distance_m': 1.167, 'lanes': '2'}, {'road_type': 'service', 'max_speed': '', 'access': '', 'distance_m': 1.167, 'lanes': ''}]","[{'distance_m': 37.425, 'signs': [], 'intersection_type': '', 'intersection_lanes': '', 'max_speed': '', 'access': '', 'crossing': '', 'railway': '', 'barrier': '', 'road_type': {'road_type': 'cycleway', 'max_speed': '', 'access': '', 'distance_m': 1.167, 'lanes': ''}}, {'distance_m': 38.292, 'signs': [], 'intersection_type': '', 'intersection_lanes': '', 'max_speed': '', 'access': '', 'crossing': '', 'railway': '', 'barrier': '', 'road_type': {'road_type': 'footway', 'max_speed': '', 'access': '', 'distance_m': 1.167, 'lanes': ''}}, {'distance_m': 48.754, 'signs': [], 'intersection_type': '', 'intersection_lanes': '', 'max_speed': '', 'access': '', 'crossing': '', 'railway': '', 'barrier': '', 'road_type': {'road_type': 'secondary', 'max_speed': '', 'access': '', 'distance_m': 1.167, 'lanes': '2'}}, {'distance_m': 50.253, 'signs': [], 'intersection_type': '', 'intersection_lanes': '', 'max_speed': '', 'access': '', 'crossing': '', 'railway': '', 'barrier': '', 'road_type': {'road_type': 'footway', 'max_speed': '', 'access': '', 'distance_m': 1.167, 'lanes': ''}}, {'distance_m': 50.875, 'signs': [], 'intersection_type': '', 'intersection_lanes': '', 'max_speed': '', 'access': '', 'crossing': '', 'railway': '', 'barrier': '', 'road_type': {'road_type': 'footway', 'max_speed': '', 'access': '', 'distance_m': 1.167, 'lanes': ''}}, {'distance_m': 53.217, 'signs': [], 'intersection_type': '', 'intersection_lanes': '', 'max_speed': '', 'access': '', 'crossing': '', 'railway': '', 'barrier': '', 'road_type': {'road_type': 'cycleway', 'max_speed': '', 'access': '', 'distance_m': 1.167, 'lanes': ''}}, {'distance_m': 53.621, 'signs': [], 'intersection_type': '', 'intersection_lanes': '', 'max_speed': '', 'access': '', 'crossing': '', 'railway': '', 'barrier': '', 'road_type': {'road_type': 'cycleway', 'max_speed': '', 'access': '', 'distance_m': 1.167, 'lanes': ''}}, {'distance_m': 54.051, 'signs': [], 'intersection_type': '', 'intersection_lanes': '', 'max_speed': '', 'access': '', 'crossing': '', 'railway': '', 'barrier': '', 'road_type': {'road_type': 'footway', 'max_speed': '', 'access': '', 'distance_m': 1.167, 'lanes': ''}}, {'distance_m': 54.748, 'signs': [], 'intersection_type': '', 'intersection_lanes': '', 'max_speed': '', 'access': '', 'crossing': '', 'railway': '', 'barrier': '', 'road_type': {'road_type': 'cycleway', 'max_speed': '', 'access': '', 'distance_m': 1.167, 'lanes': ''}}, {'distance_m': 55.499, 'signs': [], 'intersection_type': '', 'intersection_lanes': '', 'max_speed': '', 'access': '', 'crossing': '', 'railway': '', 'barrier': '', 'road_type': {'road_type': 'cycleway', 'max_speed': '', 'access': '', 'distance_m': 1.167, 'lanes': ''}}]",1,0,0,0,1,1,4,0,2,0,0,78,13,0,0,1,1,0,0,5,12,0,0,0,119
1068823295,2024-07-02 11:41:13,2024-07-02 11:53:14,721.0,1,0.0259278338770627,2024-07-02 13:43:21,2024-07-02 13:52:39,424,0,0,424420,0,0,parking_space - 24.923m; vacant - 25.553m; hotel - 29.662m; parking - 32.795m; bar - 34.584m; gift - 35.836m; post_box - 42.222m; tobacco - 45.106m; atm - 46.911m; hairdresser - 50.154m; bar - 53.208m; left_luggage - 55.421m; cafe - 55.461m; computer_repair - 56.085m; restaurant - 57.107m; restaurant - 59.827m; books - 60.799m; video_games - 62.207m; restaurant - 62.302m; information - 62.355m; restaurant - 66.377m; clothes - 66.705m; cafe - 69.526m; hairdresser - 71.351m; restaurant - 71.667m; fast_food - 71.817m; nightclub - 72.281m; restaurant - 73.893m; tailor - 75.471m; beauty - 76.679m; fitness_centre - 76.709m; copyshop - 77.624m; bicycle - 79.918m; pastry - 81.719m; parking_space - 87.168m; bar - 87.564m; bar - 87.979m; vacant - 87.999m; psychic - 88.487m; parking_space - 89.47m; pub - 90.896m; parking_space - 91.86m; telephone - 92.161m; restaurant - 94.481m; parking_space - 95.515m; studio - 98.641m; vacant - 99.217m; parking_space - 100.15m; parking_space - 102.688m; stop_position - 103.201m; parking_space - 106.197m; fast_food - 110.052m; stop_position - 110.931m; parking_space - 110.934m; convenience - 113.923m; parking_space - 114.213m; parking_space - 115.35m; parking_space - 116.712m; fuel - 116.972m; parking_space - 117.983m; convenience - 122.21m; tattoo - 122.518m; university - 122.594m; vacant - 122.936m; stop_position - 124.273m; car_repair - 124.936m; bicycle_parking - 125.704m; stop_position - 126.15m; dentist - 126.683m; parking_space - 127.345m; bicycle_rental - 128.789m; parking_space - 130.245m; parking_space - 131.723m; parking_space - 132.136m; parking_space - 132.501m; platform - 133.694m; bicycle_rental - 133.907m; stop_position - 136.074m; vending_machine - 137.499m; waste_basket - 139.8m; restaurant - 140.205m; post_box - 141.427m; fast_food - 141.465m; pastry - 144.542m; stop_position - 145.294m; pub - 148.429m; bar - 149.112m; platform - 149.491m,"[{'road_type': 'tertiary', 'max_speed': '30 mph', 'access': '', 'distance_m': 5.934, 'lanes': '2'}, {'road_type': 'service', 'max_speed': '', 'access': 'private', 'distance_m': 5.934, 'lanes': ''}]","[{'distance_m': 17.997, 'signs': [], 'intersection_type': '', 'intersection_lanes': '', 'max_speed': '', 'access': '', 'crossing': '', 'railway': '', 'barrier': '', 'road_type': {'road_type': 'service', 'max_speed': '', 'access': 'private', 'distance_m': 5.934, 'lanes': ''}}, {'distance_m': 36.554, 'signs': [], 'intersection_type': '', 'intersection_lanes': '', 'max_speed': '', 'access': '', 'crossing': '', 'railway': '', 'barrier': '', 'road_type': {'road_type': 'footway', 'max_speed': '', 'access': '', 'distance_m': 5.934, 'lanes': ''}}, {'distance_m': 37.786, 'signs': [], 'intersection_type': '', 'intersection_lanes': '', 'max_speed': '', 'access': '', 'crossing': '', 'railway': '', 'barrier': '', 'road_type': {'road_type': 'footway', 'max_speed': '', 'access': '', 'distance_m': 5.934, 'lanes': ''}}, {'distance_m': 47.823, 'signs': [], 'intersection_type': '', 'intersection_lanes': '', 'max_speed': '', 'access': '', 'crossing': '', 'railway': '', 'barrier': '', 'road_type': {'road_type': 'pedestrian', 'max_speed': '', 'access': '', 'distance_m': 5.934, 'lanes': ''}}, {'distance_m': 49.348, 'signs': [], 'intersection_type': '', 'intersection_lanes': '', 'max_speed': '', 'access': '', 'crossing': '', 'railway': '', 'barrier': '', 'road_type': {'road_type': 'tertiary', 'max_speed': '30 mph', 'access': '', 'distance_m': 5.934, 'lanes': '2'}}, {'distance_m': 62.972, 'signs': ['pedestrian_traffic_signals', 'crossing'], 'intersection_type': 'crossing', 'intersection_lanes': '', 'max_speed': '', 'access': '', 'crossing': 'traffic_signals', 'railway': '', 'barrier': '', 'road_type': {'road_type': 'cycleway', 'max_speed': '', 'access': '', 'distance_m': 5.934, 'lanes': ''}}, {'distance_m': 63.017, 'signs': [], 'intersection_type': '', 'intersection_lanes': '', 'max_speed': '', 'access': '', 'crossing': '', 'railway': '', 'barrier': '', 'road_type': {'road_type': 'footway', 'max_speed': '', 'access': '', 'distance_m': 5.934, 'lanes': ''}}, {'distance_m': 81.565, 'signs': ['crossing'], 'intersection_type': 'crossing', 'intersection_lanes': '', 'max_speed': '', 'access': '', 'crossing': 'marked', 'railway': '', 'barrier': '', 'road_type': {'road_type': 'service', 'max_speed': '', 'access': '', 'distance_m': 5.934, 'lanes': ''}}, {'distance_m': 101.558, 'signs': [], 'intersection_type': '', 'intersection_lanes': '', 'max_speed': '', 'access': '', 'crossing': '', 'railway': '', 'barrier': '', 'road_type': {'road_type': 'footway', 'max_speed': '', 'access': '', 'distance_m': 5.934, 'lanes': ''}}, {'distance_m': 104.001, 'signs': ['crossing'], 'intersection_type': 'crossing', 'intersection_lanes': '', 'max_speed': '', 'access': '', 'crossing': 'marked', 'railway': '', 'barrier': '', 'road_type': {'road_type': 'service', 'max_speed': '', 'access': '', 'distance_m': 5.934, 'lanes': ''}}]",2,1,1,0,2,0,1,1,0,1,0,6,20,4,0,2,6,0,0,20,12,0,8,1,88
1068823295,2024-07-02 12:05:02,2024-07-02 12:09:49,287.0,1,0.0386872120357502,2024-07-02 13:56:31,2024-07-02 14:02:52,424,0,0,424420,0,0,parking_space - 16.928m; parking_entrance - 35.761m; fast_food - 35.884m; vending_machine - 46.605m; information - 50.02m; parking_entrance - 63.754m; charging_station - 68.672m; parking_space - 73.284m; clothes - 76.36m; jewelry - 78.67m; vending_machine - 80.834m; vacant - 81.467m; parking_entrance - 82.226m; plants - 84.706m; parking_entrance - 94.353m; ticket - 100.92m; marketplace - 100.941m; waste_disposal - 100.987m; bar - 101.256m; vending_machine - 103.68m; restaurant - 104.13m; restaurant - 105.84m; restaurant - 107.507m; restaurant - 107.563m; restaurant - 111.082m; vacant - 112.47m; atm - 113.472m; bar - 114.135m; fast_food - 117.66m; pub - 120.531m; bank - 121.626m; platform - 121.757m; restaurant - 121.854m; fast_food - 122.066m; cafe - 122.568m; bicycle_rental - 122.695m; vacant - 123.938m; restaurant - 124.793m; artwork - 125.175m; theatre - 127.188m; candles - 129.539m; fast_food - 129.616m; restaurant - 130.254m; fast_food - 130.335m; cafe - 131.078m; escape_game - 131.124m; stop_position - 133.423m; toilets - 133.488m; cafe - 133.64m; vacant - 133.875m; toilets - 135.335m; post_box - 136.036m; restaurant - 136.266m; vending_machine - 137.594m; vending_machine - 138.466m; vacant - 139.291m; vending_machine - 139.309m; atm - 139.385m; vending_machine - 140.145m; fast_food - 140.151m; fitness_centre - 141.112m; vending_machine - 141.159m; fast_food - 142.728m; vacant - 144.364m; bar - 144.58m; bicycle_parking - 144.803m; post_box - 145.455m; parking_space - 148.342m; destination_display - 148.653m; school - 149.515m; information - 149.646m; information - 149.767m,"[{'road_type': 'primary', 'max_speed': '', 'access': '', 'distance_m': 19.683, 'lanes': '4'}, {'road_type': 'service', 'max_speed': '', 'access': '', 'distance_m': 19.683, 'lanes': ''}]","[{'distance_m': 39.534, 'signs': [], 'intersection_type': '', 'intersection_lanes': '', 'max_speed': '', 'access': '', 'crossing': '', 'railway': '', 'barrier': '', 'road_type': {'road_type': 'service', 'max_speed': '5 mph', 'access': '', 'distance_m': 19.683, 'lanes': ''}}, {'distance_m': 53.745, 'signs': [], 'intersection_type': '', 'intersection_lanes': '', 'max_speed': '', 'access': '', 'crossing': '', 'railway': '', 'barrier': '', 'road_type': {'road_type': 'primary', 'max_speed': '', 'access': '', 'distance_m': 19.683, 'lanes': '6'}}, {'distance_m': 55.277, 'signs': [], 'intersection_type': '', 'intersection_lanes': '', 'max_speed': '', 'access': '', 'crossing': '', 'railway': '', 'barrier': '', 'road_type': {'road_type': 'service', 'max_speed': '', 'access': '', 'distance_m': 19.683, 'lanes': ''}}, {'distance_m': 55.748, 'signs': [], 'intersection_type': '', 'intersection_lanes': '', 'max_speed': '', 'access': '', 'crossing': '', 'railway': '', 'barrier': '', 'road_type': {'road_type': 'footway', 'max_speed': '', 'access': '', 'distance_m': 19.683, 'lanes': ''}}, {'distance_m': 61.203, 'signs': [], 'intersection_type': '', 'intersection_lanes': '', 'max_speed': '', 'access': '', 'crossing': '', 'railway': '', 'barrier': '', 'road_type': {'road_type': 'service', 'max_speed': '', 'access': '', 'distance_m': 19.683, 'lanes': ''}}, {'distance_m': 64.454, 'signs': [], 'intersection_type': '', 'intersection_lanes': '', 'max_speed': '', 'access': '', 'crossing': '', 'railway': '', 'barrier': '', 'road_type': {'road_type': 'footway', 'max_speed': '', 'access': '', 'distance_m': 19.683, 'lanes': ''}}, {'distance_m': 65.652, 'signs': [], 'intersection_type': '', 'intersection_lanes': '', 'max_speed': '', 'access': '', 'crossing': '', 'railway': '', 'barrier': '', 'road_type': {'road_type': 'footway', 'max_speed': '', 'access': '', 'distance_m': 19.683, 'lanes': ''}}, {'distance_m': 85.011, 'signs': [], 'intersection_type': '', 'intersection_lanes': '', 'max_speed': '', 'access': '', 'crossing': '', 'railway': '', 'barrier': '', 'road_type': {'road_type': 'service', 'max_speed': '', 'access': '', 'distance_m': 19.683, 'lanes': ''}}, {'distance_m': 85.852, 'signs': [], 'intersection_type': '', 'intersection_lanes': '', 'max_speed': '', 'access': '', 'crossing': '', 'railway': '', 'barrier': '', 'road_type': {'road_type': 'service', 'max_speed': '', 'access': '', 'distance_m': 19.683, 'lanes': ''}}, {'distance_m': 88.729, 'signs': ['traffic_signals'], 'intersection_type': 'traffic_signals', 'intersection_lanes': '', 'max_speed': '', 'access': '', 'crossing': '', 'railway': '', 'barrier': '', 'road_type': {'road_type': 'primary', 'max_speed': '', 'access': '', 'distance_m': 19.683, 'lanes': '5'}}]",0,0,1,0,3,0,3,1,2,0,0,11,8,0,0,2,1,0,0,23,14,0,2,1,72
1068823295,2024-07-02 12:15:53,2024-07-02 12:37:54,1321.0,1,0.1461764338698435,2024-07-02 13:56:31,2024-07-02 14:02:52,424,0,0,424420,0,0,school - 21.514m; post_box - 24.807m; bicycle_rental - 30.4m; vacant - 39.276m; toilets - 47.347m; vending_machine - 48.409m; information - 49.083m; parking_entrance - 52.054m; toilets - 52.237m; cafe - 53.81m; fast_food - 54.212m; fitness_centre - 54.515m; cafe - 56.716m; candles - 56.837m; information - 57.17m; fast_food - 59.144m; fast_food - 61.375m; bar - 61.64m; fast_food - 63.047m; restaurant - 64.617m; fast_food - 66.298m; restaurant - 69.413m; fast_food - 69.904m; vending_machine - 70.42m; picnic_table - 74.044m; restaurant - 74.536m; bar - 74.743m; picnic_table - 76.028m; bicycle_parking - 76.271m; picnic_table - 77.538m; picnic_table - 77.749m; atm - 77.913m; picnic_table - 78.662m; restaurant - 78.89m; picnic_table - 79.69m; picnic_table - 80.438m; plants - 80.501m; cafe - 81.454m; picnic_table - 81.648m; bicycle_parking - 83.071m; trade - 83.153m; parking_space - 85.658m; vacant - 87.208m; restaurant - 87.623m; fast_food - 89.94m; charging_station - 91.064m; fast_food - 91.689m; funeral_directors - 92.744m; fast_food - 93.078m; restaurant - 93.252m; jewelry - 93.916m; dry_cleaning - 94.008m; fast_food - 94.994m; bicycle_parking - 96.874m; picnic_table - 98.357m; information - 98.965m; picnic_table - 99.833m; clothes - 100.616m; picnic_table - 101.619m; fast_food - 103.584m; picnic_table - 103.618m; cafe - 103.981m; bar - 105.535m; chemist - 106.433m; alcohol - 106.741m; picnic_table - 108.114m; bar - 109.815m; bicycle_parking - 110.858m; bicycle_parking - 113.868m; bicycle_parking - 118.447m; information - 122.141m; yes - 122.776m; parking_entrance - 125.609m; bicycle_parking - 126.1m; parking_space - 128.23m; parking_entrance - 128.791m; restaurant - 129.103m; yes - 132.916m; waste_disposal - 133.954m; cafe - 134.172m; fast_food - 134.9m; restaurant - 141.701m; hairdresser - 145.562m; bicycle_parking - 147.804m; parking_space - 149.942m,"[{'road_type': 'footway', 'max_speed': '', 'access': '', 'distance_m': 2.07, 'lanes': ''}, {'road_type': 'footway', 'max_speed': '', 'access': '', 'distance_m': 2.07, 'lanes': ''}]","[{'distance_m': 9.606, 'signs': ['stop'], 'intersection_type': 'stop', 'intersection_lanes': '', 'max_speed': '', 'access': '', 'crossing': '', 'railway': '', 'barrier': '', 'road_type': {'road_type': 'pedestrian', 'max_speed': '', 'access': '', 'distance_m': 2.07, 'lanes': ''}}, {'distance_m': 17.131, 'signs': [], 'intersection_type': '', 'intersection_lanes': '', 'max_speed': '', 'access': '', 'crossing': '', 'railway': '', 'barrier': '', 'road_type': {'road_type': 'footway', 'max_speed': '', 'access': '', 'distance_m': 2.07, 'lanes': ''}}, {'distance_m': 21.627, 'signs': [], 'intersection_type': '', 'intersection_lanes': '', 'max_speed': '', 'access': '', 'crossing': '', 'railway': '', 'barrier': '', 'road_type': {'road_type': 'footway', 'max_speed': '', 'access': '', 'distance_m': 2.07, 'lanes': ''}}, {'distance_m': 60.243, 'signs': [], 'intersection_type': '', 'intersection_lanes': '', 'max_speed': '', 'access': '', 'crossing': '', 'railway': '', 'barrier': '', 'road_type': {'road_type': 'service', 'max_speed': '', 'access': '', 'distance_m': 2.07, 'lanes': ''}}, {'distance_m': 61.031, 'signs': [], 'intersection_type': '', 'intersection_lanes': '', 'max_speed': '', 'access': '', 'crossing': '', 'railway': '', 'barrier': '', 'road_type': {'road_type': 'service', 'max_speed': '', 'access': '', 'distance_m': 2.07, 'lanes': ''}}, {'distance_m': 63.153, 'signs': [], 'intersection_type': '', 'intersection_lanes': '', 'max_speed': '', 'access': '', 'crossing': '', 'railway': '', 'barrier': '', 'road_type': {'road_type': 'footway', 'max_speed': '', 'access': '', 'distance_m': 2.07, 'lanes': ''}}, {'distance_m': 69.937, 'signs': [], 'intersection_type': '', 'intersection_lanes': '', 'max_speed': '', 'access': '', 'crossing': '', 'railway': '', 'barrier': '', 'road_type': {'road_type': 'footway', 'max_speed': '', 'access': '', 'distance_m': 2.07, 'lanes': ''}}, {'distance_m': 70.648, 'signs': [], 'intersection_type': '', 'intersection_lanes': '', 'max_speed': '', 'access': '', 'crossing': '', 'railway': '', 'barrier': '', 'road_type': {'road_type': 'footway', 'max_speed': '', 'access': '', 'distance_m': 2.07, 'lanes': ''}}, {'distance_m': 70.691, 'signs': [], 'intersection_type': '', 'intersection_lanes': '', 'max_speed': '', 'access': '', 'crossing': '', 'railway': '', 'barrier': '', 'road_type': {'road_type': 'footway', 'max_speed': '', 'access': '', 'distance_m': 2.07, 'lanes': ''}}, {'distance_m': 73.921, 'signs': [], 'intersection_type': '', 'intersection_lanes': '', 'max_speed': '', 'access': '', 'crossing': '', 'railway': '', 'barrier': '', 'road_type': {'road_type': 'footway', 'max_speed': '', 'access': '', 'distance_m': 2.07, 'lanes': ''}}]",0,0,1,0,14,0,2,1,2,0,0,8,14,1,1,1,3,0,0,29,7,0,0,1,85
1068823295,2024-07-02 13:32:26,2024-07-02 14:02:27,1801.0,0,-1.0,,,424,0,0,424420,0,0,bicycle_parking - 70.341m; bank - 72.352m; fitness_centre - 81.705m; beauty - 85.186m; bench - 95.625m; veterinary - 97.474m; bank - 103.527m; hairdresser_supply - 109.589m; bench - 112.609m; restaurant - 112.745m; beauty - 115.098m; post_office - 116.626m; bench - 119.052m; dry_cleaning - 120.493m; bench - 122.293m; alcohol - 124.502m; bicycle_parking - 126.338m; restaurant - 127.097m,"[{'road_type': 'footway', 'max_speed': '', 'access': '', 'distance_m': 31.38, 'lanes': ''}]","[{'distance_m': 52.969, 'signs': [], 'intersection_type': '', 'intersection_lanes': '', 'max_speed': '', 'access': '', 'crossing': '', 'railway': '', 'barrier': '', 'road_type': {'road_type': 'tertiary', 'max_speed': '', 'access': '', 'distance_m': 31.38, 'lanes': ''}}, {'distance_m': 53.136, 'signs': [], 'intersection_type': '', 'intersection_lanes': '', 'max_speed': '', 'access': '', 'crossing': '', 'railway': '', 'barrier': '', 'road_type': {'road_type': 'service', 'max_speed': '', 'access': '', 'distance_m': 31.38, 'lanes': ''}}, {'distance_m': 69.022, 'signs': [], 'intersection_type': '', 'intersection_lanes': '', 'max_speed': '', 'access': '', 'crossing': '', 'railway': '', 'barrier': '', 'road_type': {'road_type': 'footway', 'max_speed': '', 'access': '', 'distance_m': 31.38, 'lanes': ''}}, {'distance_m': 74.964, 'signs': [], 'intersection_type': '', 'intersection_lanes': '', 'max_speed': '', 'access': '', 'crossing': '', 'railway': '', 'barrier': '', 'road_type': {'road_type': 'tertiary', 'max_speed': '', 'access': '', 'distance_m': 31.38, 'lanes': ''}}, {'distance_m': 86.831, 'signs': [], 'intersection_type': '', 'intersection_lanes': '', 'max_speed': '', 'access': '', 'crossing': '', 'railway': '', 'barrier': '', 'road_type': {'road_type': 'secondary', 'max_speed': '', 'access': '', 'distance_m': 31.38, 'lanes': '2'}}, {'distance_m': 92.669, 'signs': [], 'intersection_type': '', 'intersection_lanes': '', 'max_speed': '', 'access': '', 'crossing': '', 'railway': '', 'barrier': '', 'road_type': {'road_type': 'service', 'max_speed': '', 'access': '', 'distance_m': 31.524, 'lanes': ''}}, {'distance_m': 110.712, 'signs': [], 'intersection_type': '', 'intersection_lanes': '', 'max_speed': '', 'access': '', 'crossing': '', 'railway': '', 'barrier': '', 'road_type': {'road_type': 'service', 'max_speed': '', 'access': '', 'distance_m': 31.524, 'lanes': ''}}, {'distance_m': 116.739, 'signs': [], 'intersection_type': '', 'intersection_lanes': '', 'max_speed': '', 'access': '', 'crossing': '', 'railway': '', 'barrier': '', 'road_type': {'road_type': 'service', 'max_speed': '', 'access': 'private', 'distance_m': 31.524, 'lanes': ''}}, {'distance_m': 141.677, 'signs': [], 'intersection_type': '', 'intersection_lanes': '', 'max_speed': '', 'access': '', 'crossing': '', 'railway': '', 'barrier': '', 'road_type': {'road_type': 'service', 'max_speed': '', 'access': '', 'distance_m': 31.38, 'lanes': ''}}, {'distance_m': 142.456, 'signs': [], 'intersection_type': '', 'intersection_lanes': '', 'max_speed': '', 'access': '', 'crossing': '', 'railway': '', 'barrier': '', 'road_type': {'road_type': 'footway', 'max_speed': '', 'access': '', 'distance_m': 31.524, 'lanes': ''}}]",0,0,0,0,1,0,2,0,0,1,0,4,2,3,0,1,1,0,0,2,1,0,0,0,18
1068823295,2024-07-02 14:28:22,2024-07-04 05:09:42,139280.0,1,0.0173931402100637,2024-07-02 15:31:53,2024-07-02 15:32:53,424,0,0,424420,0,0,,"[{'road_type': 'footway', 'max_speed': '', 'access': '', 'distance_m': 3.884, 'lanes': ''}]","[{'distance_m': 106.163, 'signs': [], 'intersection_type': '', 'intersection_lanes': '', 'max_speed': '', 'access': '', 'crossing': '', 'railway': '', 'barrier': '', 'road_type': {'road_type': 'residential', 'max_speed': '', 'access': '', 'distance_m': 14.579, 'lanes': ''}}]",0,0,0,0,0,0,0,0,0,0,0,0,0,0,0,0,0,0,0,0,0,0,0,0,0
1068823295,2024-07-04 05:52:58,2024-07-04 08:39:46,10008.0,1,0.0536346403566679,2024-07-04 10:30:00,2024-07-04 10:31:00,424,0,0,424420,0,0,,"[{'road_type': 'service', 'max_speed': '', 'access': '', 'distance_m': 6.884, 'lanes': ''}, {'road_type': 'service', 'max_speed': '', 'access': '', 'distance_m': 6.884, 'lanes': ''}, {'road_type': 'service', 'max_speed': '', 'access': '', 'distance_m': 6.884, 'lanes': ''}]","[{'distance_m': 6.884, 'signs': [], 'intersection_type': '', 'intersection_lanes': '', 'max_speed': '', 'access': '', 'crossing': '', 'railway': '', 'barrier': '', 'road_type': {'road_type': 'service', 'max_speed': '', 'access': '', 'distance_m': 6.884, 'lanes': ''}}, {'distance_m': 145.523, 'signs': [], 'intersection_type': '', 'intersection_lanes': '', 'max_speed': '', 'access': '', 'crossing': '', 'railway': '', 'barrier': '', 'road_type': {'road_type': 'service', 'max_speed': '', 'access': '', 'distance_m': 6.884, 'lanes': ''}}]",0,0,0,0,0,0,0,0,0,0,0,0,0,0,0,0,0,0,0,0,0,0,0,0,0
1068823295,2024-07-04 08:48:43,2024-07-04 09:31:40,2577.0,1,0.0131234928218451,2024-07-04 10:30:00,2024-07-04 10:31:00,424,0,0,424420,0,0,,"[{'road_type': 'service', 'max_speed': '', 'access': '', 'distance_m': 39.945, 'lanes': ''}]","[{'distance_m': 54.272, 'signs': [], 'intersection_type': '', 'intersection_lanes': '', 'max_speed': '', 'access': '', 'crossing': '', 'railway': '', 'barrier': '', 'road_type': {'road_type': 'service', 'max_speed': '', 'access': '', 'distance_m': 35.674, 'lanes': ''}}]",0,0,0,0,0,0,0,0,0,0,0,0,0,0,0,0,0,0,0,0,0,0,0,0,0
1068823295,2024-07-04 09:39:49,2024-07-04 10:04:17,1468.0,1,0.12405220804181,2024-07-04 10:37:32,2024-07-04 10:47:27,424,0,0,424420,0,0,restaurant - 29.311m; money_lender - 30.303m; dry_cleaning - 32.54m; shoes - 36.463m; prep_school - 38.375m; restaurant - 42.193m; atm - 44.014m; pharmacy - 45.396m; restaurant - 65.338m; bank - 68.294m; atm - 71.125m; hairdresser - 73.2m; restaurant - 82.856m; hairdresser - 85.631m; beauty - 89.39m; fast_food - 89.607m; dentist - 96.583m; fast_food - 102.325m; bank - 106.481m; atm - 109.629m; fast_food - 112.164m; supermarket - 115.432m; platform - 123.932m; stop_position - 134.439m,"[{'road_type': 'service', 'max_speed': '', 'access': '', 'distance_m': 6.355, 'lanes': ''}]","[{'distance_m': 92.183, 'signs': [], 'intersection_type': 'turning_circle', 'intersection_lanes': '', 'max_speed': '', 'access': '', 'crossing': '', 'railway': '', 'barrier': '', 'road_type': {'road_type': 'service', 'max_speed': '', 'access': '', 'distance_m': 6.355, 'lanes': ''}}, {'distance_m': 108.752, 'signs': [], 'intersection_type': '', 'intersection_lanes': '', 'max_speed': '', 'access': '', 'crossing': '', 'railway': '', 'barrier': '', 'road_type': {'road_type': 'service', 'max_speed': '', 'access': '', 'distance_m': 42.85, 'lanes': ''}}, {'distance_m': 128.696, 'signs': [], 'intersection_type': '', 'intersection_lanes': '', 'max_speed': '', 'access': '', 'crossing': '', 'railway': '', 'barrier': '', 'road_type': {'road_type': 'residential', 'max_speed': '', 'access': '', 'distance_m': 6.355, 'lanes': ''}}, {'distance_m': 129.005, 'signs': [], 'intersection_type': '', 'intersection_lanes': '', 'max_speed': '', 'access': '', 'crossing': '', 'railway': '', 'barrier': '', 'road_type': {'road_type': 'residential', 'max_speed': '', 'access': '', 'distance_m': 42.85, 'lanes': ''}}, {'distance_m': 136.704, 'signs': [], 'intersection_type': '', 'intersection_lanes': '', 'max_speed': '', 'access': '', 'crossing': '', 'railway': '', 'barrier': '', 'road_type': {'road_type': 'service', 'max_speed': '', 'access': '', 'distance_m': 6.355, 'lanes': ''}}]",0,0,1,0,0,0,6,0,0,2,0,0,0,3,0,0,1,0,0,7,2,0,2,0,24
1068823295,2024-07-04 10:12:59,2024-07-04 10:25:00,721.0,1,0.0358809557602057,2024-07-04 11:14:23,2024-07-04 11:42:06,424,0,0,424420,0,0,beauty - 14.026m; restaurant - 14.473m; school - 24.675m; restaurant - 26.508m; water - 32.337m; laundry - 39.703m; computer - 48.88m; platform - 92.662m; stop_position - 97.222m; platform - 146.767m,"[{'road_type': 'service', 'max_speed': '', 'access': '', 'distance_m': 24.659, 'lanes': ''}]","[{'distance_m': 31.265, 'signs': [], 'intersection_type': '', 'intersection_lanes': '', 'max_speed': '', 'access': '', 'crossing': '', 'railway': '', 'barrier': '', 'road_type': {'road_type': 'service', 'max_speed': '', 'access': '', 'distance_m': 24.659, 'lanes': ''}}, {'distance_m': 71.766, 'signs': [], 'intersection_type': '', 'intersection_lanes': '', 'max_speed': '', 'access': '', 'crossing': '', 'railway': '', 'barrier': '', 'road_type': {'road_type': 'primary', 'max_speed': '35 mph', 'access': '', 'distance_m': 42.295, 'lanes': '4'}}, {'distance_m': 79.183, 'signs': [], 'intersection_type': '', 'intersection_lanes': '', 'max_speed': '', 'access': '', 'crossing': '', 'railway': '', 'barrier': '', 'road_type': {'road_type': 'service', 'max_speed': '', 'access': '', 'distance_m': 42.295, 'lanes': ''}}, {'distance_m': 87.638, 'signs': [], 'intersection_type': '', 'intersection_lanes': '', 'max_speed': '', 'access': '', 'crossing': '', 'railway': '', 'barrier': '', 'road_type': {'road_type': 'secondary', 'max_speed': '', 'access': '', 'distance_m': 42.295, 'lanes': ''}}, {'distance_m': 90.629, 'signs': ['traffic_signals'], 'intersection_type': 'traffic_signals', 'intersection_lanes': '', 'max_speed': '', 'access': '', 'crossing': '', 'railway': '', 'barrier': '', 'road_type': {'road_type': 'secondary', 'max_speed': '', 'access': '', 'distance_m': 42.295, 'lanes': '2'}}]",0,0,1,0,0,0,0,0,0,0,0,1,0,1,0,0,1,0,0,2,1,0,3,0,10
1068823295,2024-07-04 11:19:19,2024-07-04 11:29:19,600.0,1,0.129478508619854,2024-07-04 12:44:53,2024-07-04 12:51:03,424,0,0,424420,0,0,restaurant - 9.738m; restaurant - 13.28m; hairdresser - 33.421m; waste_disposal - 36.204m; waste_disposal - 51.184m; convenience - 71.298m; car_repair - 79.175m; car_repair - 88.928m; restaurant - 120.61m; beauty - 121.659m; money_lender - 124.264m; parking - 128.639m; restaurant - 130.656m; hairdresser - 136.824m; charging_station - 137.384m; beauty - 141.683m; cafe - 143.062m; restaurant - 149.113m; convenience - 149.589m; dojo - 149.927m,"[{'road_type': 'service', 'max_speed': '', 'access': '', 'distance_m': 7.662, 'lanes': ''}]","[{'distance_m': 80.7, 'signs': [], 'intersection_type': 'motorway_junction', 'intersection_lanes': '', 'max_speed': '', 'access': '', 'crossing': '', 'railway': '', 'barrier': '', 'road_type': {'road_type': 'trunk', 'max_speed': '35 mph', 'access': '', 'distance_m': 7.662, 'lanes': '3'}}, {'distance_m': 91.933, 'signs': [], 'intersection_type': 'turning_circle', 'intersection_lanes': '', 'max_speed': '', 'access': '', 'crossing': '', 'railway': '', 'barrier': '', 'road_type': {'road_type': 'service', 'max_speed': '', 'access': '', 'distance_m': 18.327, 'lanes': ''}}, {'distance_m': 115.918, 'signs': [], 'intersection_type': '', 'intersection_lanes': '', 'max_speed': '', 'access': '', 'crossing': '', 'railway': '', 'barrier': '', 'road_type': {'road_type': 'residential', 'max_speed': '', 'access': '', 'distance_m': 7.662, 'lanes': ''}}, {'distance_m': 116.575, 'signs': [], 'intersection_type': '', 'intersection_lanes': '', 'max_speed': '', 'access': '', 'crossing': '', 'railway': '', 'barrier': '', 'road_type': {'road_type': 'trunk', 'max_speed': '35 mph', 'access': '', 'distance_m': 7.662, 'lanes': '3'}}, {'distance_m': 138.192, 'signs': ['pedestrian_traffic_signals', 'traffic_signals'], 'intersection_type': 'traffic_signals', 'intersection_lanes': '', 'max_speed': '', 'access': '', 'crossing': 'traffic_signals', 'railway': '', 'barrier': '', 'road_type': {'road_type': 'trunk', 'max_speed': '35 mph', 'access': '', 'distance_m': 51.306, 'lanes': '3'}}, {'distance_m': 139.717, 'signs': [], 'intersection_type': '', 'intersection_lanes': '', 'max_speed': '', 'access': '', 'crossing': '', 'railway': '', 'barrier': '', 'road_type': {'road_type': 'service', 'max_speed': '', 'access': '', 'distance_m': 51.306, 'lanes': ''}}, {'distance_m': 140.109, 'signs': [], 'intersection_type': '', 'intersection_lanes': '', 'max_speed': '', 'access': '', 'crossing': '', 'railway': '', 'barrier': '', 'road_type': {'road_type': 'service', 'max_speed': '', 'access': '', 'distance_m': 7.662, 'lanes': ''}}, {'distance_m': 143.385, 'signs': ['traffic_signals'], 'intersection_type': 'traffic_signals', 'intersection_lanes': '', 'max_speed': '', 'access': '', 'crossing': '', 'railway': '', 'barrier': '', 'road_type': {'road_type': 'trunk', 'max_speed': '35 mph', 'access': '', 'distance_m': 7.662, 'lanes': '4'}}]",0,2,0,0,0,0,1,1,0,0,0,1,1,4,0,0,0,0,0,6,2,0,0,2,20
1068823295,2024-07-04 11:40:08,2024-07-04 11:46:50,402.0,1,0.075912050908414,2024-07-04 13:31:49,2024-07-04 13:41:41,424,0,0,424420,0,0,optician - 41.853m; bank - 46.28m; mobile_phone - 46.709m; restaurant - 47.264m; beauty - 47.275m; dentist - 49.019m; optician - 49.816m; mobile_phone - 50.2m; beauty - 50.374m; yes - 50.676m; beauty - 50.962m; restaurant - 51.641m; bakery - 51.788m; appliance - 52.28m; dentist - 52.778m; pet_grooming - 52.905m; restaurant - 53.165m; restaurant - 55.4m; prep_school - 55.872m; massage - 57.832m; restaurant - 58.217m; beauty - 59.374m; travel_agency - 61.078m; yes - 64.607m; restaurant - 65.892m; prep_school - 67.716m; kindergarten - 67.842m; supermarket - 75.485m; mobile_phone - 78.14m; restaurant - 86.666m; yes - 87.036m; yes - 87.331m; restaurant - 89.799m; beauty - 90.0m; travel_agency - 91.636m; cosmetics - 92.111m; restaurant - 94.12m; yes - 94.301m; restaurant - 96.424m; beauty - 96.537m; restaurant - 96.806m; prep_school - 99.332m; cafe - 99.579m; restaurant - 101.854m; restaurant - 105.217m; dentist - 105.982m; prep_school - 106.383m; restaurant - 108.517m; dentist - 109.908m; mobile_phone - 111.187m; cafe - 129.413m; supermarket - 130.202m; convenience - 135.031m; hairdresser - 141.687m; dentist - 146.433m; restaurant - 146.851m; restaurant - 147.498m; post_office - 147.602m; restaurant - 147.674m; beauty - 149.341m,"[{'road_type': 'service', 'max_speed': '', 'access': '', 'distance_m': 26.789, 'lanes': ''}, {'road_type': 'service', 'max_speed': '', 'access': '', 'distance_m': 26.789, 'lanes': ''}]","[{'distance_m': 30.653, 'signs': [], 'intersection_type': '', 'intersection_lanes': '', 'max_speed': '', 'access': '', 'crossing': '', 'railway': '', 'barrier': '', 'road_type': {'road_type': 'service', 'max_speed': '', 'access': '', 'distance_m': 26.789, 'lanes': ''}}, {'distance_m': 43.896, 'signs': [], 'intersection_type': '', 'intersection_lanes': '', 'max_speed': '', 'access': '', 'crossing': '', 'railway': '', 'barrier': '', 'road_type': {'road_type': 'service', 'max_speed': '', 'access': '', 'distance_m': 26.789, 'lanes': ''}}, {'distance_m': 70.163, 'signs': [], 'intersection_type': '', 'intersection_lanes': '', 'max_speed': '', 'access': '', 'crossing': '', 'railway': '', 'barrier': '', 'road_type': {'road_type': 'primary', 'max_speed': '', 'access': '', 'distance_m': 26.789, 'lanes': '3'}}, {'distance_m': 86.86, 'signs': [], 'intersection_type': '', 'intersection_lanes': '', 'max_speed': '', 'access': '', 'crossing': '', 'railway': '', 'barrier': '', 'road_type': {'road_type': 'primary', 'max_speed': '35 mph', 'access': '', 'distance_m': 26.789, 'lanes': '3'}}, {'distance_m': 92.049, 'signs': [], 'intersection_type': '', 'intersection_lanes': '', 'max_speed': '', 'access': '', 'crossing': '', 'railway': '', 'barrier': '', 'road_type': {'road_type': 'primary', 'max_speed': '35 mph', 'access': '', 'distance_m': 26.789, 'lanes': '3'}}, {'distance_m': 101.315, 'signs': [], 'intersection_type': '', 'intersection_lanes': '', 'max_speed': '', 'access': '', 'crossing': '', 'railway': '', 'barrier': '', 'road_type': {'road_type': 'primary', 'max_speed': '35 mph', 'access': '', 'distance_m': 26.789, 'lanes': '3'}}, {'distance_m': 115.292, 'signs': [], 'intersection_type': '', 'intersection_lanes': '', 'max_speed': '', 'access': '', 'crossing': '', 'railway': '', 'barrier': '', 'road_type': {'road_type': 'primary', 'max_speed': '', 'access': '', 'distance_m': 26.789, 'lanes': '4'}}, {'distance_m': 122.41, 'signs': [], 'intersection_type': '', 'intersection_lanes': '', 'max_speed': '', 'access': '', 'crossing': '', 'railway': '', 'barrier': '', 'road_type': {'road_type': 'primary', 'max_speed': '35 mph', 'access': '', 'distance_m': 26.789, 'lanes': '3'}}, {'distance_m': 127.264, 'signs': [], 'intersection_type': '', 'intersection_lanes': '', 'max_speed': '', 'access': '', 'crossing': '', 'railway': '', 'barrier': '', 'road_type': {'road_type': 'service', 'max_speed': '', 'access': '', 'distance_m': 26.789, 'lanes': ''}}, {'distance_m': 132.515, 'signs': [], 'intersection_type': '', 'intersection_lanes': '', 'max_speed': '', 'access': '', 'crossing': '', 'railway': '', 'barrier': '', 'road_type': {'road_type': 'service', 'max_speed': '', 'access': '', 'distance_m': 26.789, 'lanes': ''}}]",0,0,5,0,0,0,1,0,0,7,0,5,0,10,0,1,3,0,0,20,8,0,0,0,60
1068823295,2024-07-04 11:51:50,2024-07-04 12:01:50,600.0,1,0.1319802817595014,2024-07-04 13:31:49,2024-07-04 13:41:41,424,0,0,424420,0,0,yes - 11.092m; yes - 15.737m; beauty - 19.467m; restaurant - 20.859m; cosmetics - 24.416m; restaurant - 29.229m; travel_agency - 30.688m; beauty - 34.397m; yes - 35.426m; prep_school - 39.878m; restaurant - 41.852m; cafe - 46.673m; restaurant - 50.607m; prep_school - 51.791m; supermarket - 52.986m; dentist - 53.62m; restaurant - 55.76m; mobile_phone - 56.095m; dentist - 58.685m; restaurant - 60.461m; dentist - 62.999m; beauty - 64.366m; prep_school - 67.278m; beauty - 67.762m; appliance - 70.26m; dentist - 73.731m; beauty - 77.357m; mobile_phone - 81.694m; restaurant - 89.818m; optician - 90.874m; optician - 97.698m; beauty - 101.815m; bank - 110.615m; convenience - 119.325m; restaurant - 125.088m; restaurant - 125.4m; restaurant - 125.594m; restaurant - 126.234m; travel_agency - 126.847m; mobile_phone - 127.081m; yes - 127.678m; yes - 127.699m; bakery - 128.714m; prep_school - 129.224m; pet_grooming - 129.38m; massage - 132.873m; kindergarten - 139.118m,"[{'road_type': 'service', 'max_speed': '', 'access': '', 'distance_m': 18.149, 'lanes': ''}]","[{'distance_m': 73.859, 'signs': [], 'intersection_type': '', 'intersection_lanes': '', 'max_speed': '', 'access': '', 'crossing': '', 'railway': '', 'barrier': '', 'road_type': {'road_type': 'service', 'max_speed': '', 'access': '', 'distance_m': 18.149, 'lanes': ''}}, {'distance_m': 96.446, 'signs': [], 'intersection_type': '', 'intersection_lanes': '', 'max_speed': '', 'access': '', 'crossing': '', 'railway': '', 'barrier': '', 'road_type': {'road_type': 'residential', 'max_speed': '', 'access': '', 'distance_m': 18.149, 'lanes': '2'}}, {'distance_m': 99.634, 'signs': [], 'intersection_type': '', 'intersection_lanes': '', 'max_speed': '', 'access': '', 'crossing': '', 'railway': '', 'barrier': '', 'road_type': {'road_type': 'primary', 'max_speed': '35 mph', 'access': '', 'distance_m': 18.149, 'lanes': '3'}}, {'distance_m': 100.594, 'signs': [], 'intersection_type': '', 'intersection_lanes': '', 'max_speed': '', 'access': '', 'crossing': '', 'railway': '', 'barrier': '', 'road_type': {'road_type': 'primary', 'max_speed': '35 mph', 'access': '', 'distance_m': 18.149, 'lanes': '3'}}, {'distance_m': 102.138, 'signs': [], 'intersection_type': '', 'intersection_lanes': '', 'max_speed': '', 'access': '', 'crossing': '', 'railway': '', 'barrier': '', 'road_type': {'road_type': 'primary', 'max_speed': '', 'access': '', 'distance_m': 18.149, 'lanes': '3'}}, {'distance_m': 115.709, 'signs': [], 'intersection_type': '', 'intersection_lanes': '', 'max_speed': '', 'access': '', 'crossing': '', 'railway': '', 'barrier': '', 'road_type': {'road_type': 'primary', 'max_speed': '35 mph', 'access': '', 'distance_m': 18.149, 'lanes': '3'}}, {'distance_m': 117.648, 'signs': [], 'intersection_type': '', 'intersection_lanes': '', 'max_speed': '', 'access': '', 'crossing': '', 'railway': '', 'barrier': '', 'road_type': {'road_type': 'service', 'max_speed': '', 'access': '', 'distance_m': 18.149, 'lanes': ''}}, {'distance_m': 135.395, 'signs': [], 'intersection_type': '', 'intersection_lanes': '', 'max_speed': '', 'access': '', 'crossing': '', 'railway': '', 'barrier': '', 'road_type': {'road_type': 'residential', 'max_speed': '', 'access': '', 'distance_m': 18.149, 'lanes': '2'}}, {'distance_m': 145.697, 'signs': [], 'intersection_type': '', 'intersection_lanes': '', 'max_speed': '', 'access': '', 'crossing': '', 'railway': '', 'barrier': '', 'road_type': {'road_type': 'residential', 'max_speed': '', 'access': '', 'distance_m': 18.149, 'lanes': '2'}}, {'distance_m': 148.232, 'signs': [], 'intersection_type': '', 'intersection_lanes': '', 'max_speed': '', 'access': '', 'crossing': '', 'railway': '', 'barrier': '', 'road_type': {'road_type': 'service', 'max_speed': '', 'access': '', 'distance_m': 18.149, 'lanes': ''}}]",0,0,5,0,0,0,1,0,0,6,0,5,0,8,0,0,3,0,0,13,6,0,0,0,47
1068823295,2024-07-04 12:06:32,2024-07-04 12:18:33,721.0,1,0.0487794264500373,2024-07-04 14:19:14,2024-07-04 14:34:21,424,0,0,424420,0,0,restaurant - 29.706m,"[{'road_type': 'service', 'max_speed': '', 'access': '', 'distance_m': 7.367, 'lanes': ''}]","[{'distance_m': 142.484, 'signs': [], 'intersection_type': '', 'intersection_lanes': '', 'max_speed': '', 'access': '', 'crossing': '', 'railway': '', 'barrier': '', 'road_type': {'road_type': 'service', 'max_speed': '', 'access': '', 'distance_m': 7.367, 'lanes': ''}}, {'distance_m': 143.919, 'signs': [], 'intersection_type': '', 'intersection_lanes': '', 'max_speed': '', 'access': '', 'crossing': '', 'railway': '', 'barrier': '', 'road_type': {'road_type': 'residential', 'max_speed': '', 'access': '', 'distance_m': 7.367, 'lanes': '2'}}]",0,0,0,0,0,0,0,0,0,0,0,0,0,0,0,0,0,0,0,1,0,0,0,0,1
1068823295,2024-07-04 12:37:31,2024-07-04 12:49:32,721.0,1,0.1457164984993933,2024-07-04 13:31:49,2024-07-04 13:41:41,424,0,0,424420,0,0,supermarket - 26.76m; restaurant - 47.276m; restaurant - 47.333m; gift - 51.908m; cafe - 53.989m; restaurant - 55.016m; hairdresser - 59.562m; restaurant - 62.284m; restaurant - 66.619m; bank - 67.562m; fast_food - 72.022m; restaurant - 72.272m; beauty - 75.423m; post_office - 79.564m; mobile_phone - 80.913m; cafe - 80.949m; restaurant - 84.619m; restaurant - 89.749m; restaurant - 91.289m; restaurant - 91.87m; restaurant - 92.108m; restaurant - 92.882m; mobile_phone - 93.013m; yes - 94.09m; travel_agency - 94.162m; dentist - 94.801m; bakery - 95.393m; yes - 96.093m; prep_school - 96.674m; pet_grooming - 97.899m; fast_food - 99.394m; massage - 101.371m; restaurant - 104.012m; kindergarten - 110.094m; restaurant - 113.119m; bank - 116.262m; prep_school - 121.15m; beauty - 124.194m; dojo - 127.992m; optician - 128.746m; bank - 134.037m; restaurant - 136.602m; cafe - 138.604m; prep_school - 139.187m; convenience - 142.736m; restaurant - 143.823m; mobile_phone - 145.239m,"[{'road_type': 'service', 'max_speed': '', 'access': '', 'distance_m': 9.213, 'lanes': ''}, {'road_type': 'service', 'max_speed': '', 'access': '', 'distance_m': 9.213, 'lanes': ''}]","[{'distance_m': 32.155, 'signs': [], 'intersection_type': '', 'intersection_lanes': '', 'max_speed': '', 'access': '', 'crossing': '', 'railway': '', 'barrier': '', 'road_type': {'road_type': 'service', 'max_speed': '', 'access': '', 'distance_m': 9.213, 'lanes': ''}}, {'distance_m': 58.121, 'signs': [], 'intersection_type': '', 'intersection_lanes': '', 'max_speed': '', 'access': '', 'crossing': '', 'railway': '', 'barrier': '', 'road_type': {'road_type': 'service', 'max_speed': '', 'access': '', 'distance_m': 9.213, 'lanes': ''}}, {'distance_m': 59.971, 'signs': [], 'intersection_type': '', 'intersection_lanes': '', 'max_speed': '', 'access': '', 'crossing': '', 'railway': '', 'barrier': '', 'road_type': {'road_type': 'service', 'max_speed': '', 'access': '', 'distance_m': 9.213, 'lanes': ''}}, {'distance_m': 99.01, 'signs': [], 'intersection_type': '', 'intersection_lanes': '', 'max_speed': '', 'access': '', 'crossing': '', 'railway': '', 'barrier': '', 'road_type': {'road_type': 'primary', 'max_speed': '', 'access': '', 'distance_m': 9.213, 'lanes': ''}}, {'distance_m': 112.666, 'signs': [], 'intersection_type': '', 'intersection_lanes': '', 'max_speed': '', 'access': '', 'crossing': '', 'railway': '', 'barrier': '', 'road_type': {'road_type': 'footway', 'max_speed': '', 'access': '', 'distance_m': 9.213, 'lanes': ''}}, {'distance_m': 114.67, 'signs': [], 'intersection_type': '', 'intersection_lanes': '', 'max_speed': '', 'access': '', 'crossing': '', 'railway': '', 'barrier': '', 'road_type': {'road_type': 'service', 'max_speed': '', 'access': '', 'distance_m': 9.213, 'lanes': ''}}, {'distance_m': 116.445, 'signs': [], 'intersection_type': '', 'intersection_lanes': '', 'max_speed': '', 'access': '', 'crossing': '', 'railway': '', 'barrier': '', 'road_type': {'road_type': 'primary', 'max_speed': '', 'access': '', 'distance_m': 9.213, 'lanes': '4'}}, {'distance_m': 144.164, 'signs': [], 'intersection_type': '', 'intersection_lanes': '', 'max_speed': '', 'access': '', 'crossing': '', 'railway': '', 'barrier': '', 'road_type': {'road_type': 'primary', 'max_speed': '35 mph', 'access': '', 'distance_m': 9.213, 'lanes': '3'}}]",0,0,4,0,0,0,3,0,0,2,0,3,0,4,0,1,2,0,0,22,6,0,0,0,47
1068823295,2024-07-04 13:17:52,2024-07-04 14:09:53,3121.0,0,-1.0,,,424,0,0,424420,0,0,bicycle_parking - 70.563m; bank - 72.629m; fitness_centre - 81.988m; beauty - 85.469m; bench - 95.644m; veterinary - 97.759m; bank - 103.812m; hairdresser_supply - 109.84m; bench - 112.606m; restaurant - 113.01m; beauty - 115.369m; post_office - 116.9m; bench - 119.113m; dry_cleaning - 120.772m; bench - 122.317m; alcohol - 124.784m; bicycle_parking - 126.613m; restaurant - 127.382m,"[{'road_type': 'footway', 'max_speed': '', 'access': '', 'distance_m': 31.098, 'lanes': ''}]","[{'distance_m': 52.729, 'signs': [], 'intersection_type': '', 'intersection_lanes': '', 'max_speed': '', 'access': '', 'crossing': '', 'railway': '', 'barrier': '', 'road_type': {'road_type': 'tertiary', 'max_speed': '', 'access': '', 'distance_m': 31.098, 'lanes': ''}}, {'distance_m': 52.951, 'signs': [], 'intersection_type': '', 'intersection_lanes': '', 'max_speed': '', 'access': '', 'crossing': '', 'railway': '', 'barrier': '', 'road_type': {'road_type': 'service', 'max_speed': '', 'access': '', 'distance_m': 31.098, 'lanes': ''}}, {'distance_m': 68.761, 'signs': [], 'intersection_type': '', 'intersection_lanes': '', 'max_speed': '', 'access': '', 'crossing': '', 'railway': '', 'barrier': '', 'road_type': {'road_type': 'footway', 'max_speed': '', 'access': '', 'distance_m': 31.098, 'lanes': ''}}, {'distance_m': 74.729, 'signs': [], 'intersection_type': '', 'intersection_lanes': '', 'max_speed': '', 'access': '', 'crossing': '', 'railway': '', 'barrier': '', 'road_type': {'road_type': 'tertiary', 'max_speed': '', 'access': '', 'distance_m': 31.098, 'lanes': ''}}, {'distance_m': 86.597, 'signs': [], 'intersection_type': '', 'intersection_lanes': '', 'max_speed': '', 'access': '', 'crossing': '', 'railway': '', 'barrier': '', 'road_type': {'road_type': 'secondary', 'max_speed': '', 'access': '', 'distance_m': 31.098, 'lanes': '2'}}, {'distance_m': 92.681, 'signs': [], 'intersection_type': '', 'intersection_lanes': '', 'max_speed': '', 'access': '', 'crossing': '', 'railway': '', 'barrier': '', 'road_type': {'road_type': 'service', 'max_speed': '', 'access': '', 'distance_m': 31.272, 'lanes': ''}}, {'distance_m': 110.989, 'signs': [], 'intersection_type': '', 'intersection_lanes': '', 'max_speed': '', 'access': '', 'crossing': '', 'railway': '', 'barrier': '', 'road_type': {'road_type': 'service', 'max_speed': '', 'access': '', 'distance_m': 31.272, 'lanes': ''}}, {'distance_m': 116.607, 'signs': [], 'intersection_type': '', 'intersection_lanes': '', 'max_speed': '', 'access': '', 'crossing': '', 'railway': '', 'barrier': '', 'road_type': {'road_type': 'service', 'max_speed': '', 'access': 'private', 'distance_m': 31.272, 'lanes': ''}}, {'distance_m': 141.939, 'signs': [], 'intersection_type': '', 'intersection_lanes': '', 'max_speed': '', 'access': '', 'crossing': '', 'railway': '', 'barrier': '', 'road_type': {'road_type': 'service', 'max_speed': '', 'access': '', 'distance_m': 31.098, 'lanes': ''}}, {'distance_m': 142.686, 'signs': [], 'intersection_type': '', 'intersection_lanes': '', 'max_speed': '', 'access': '', 'crossing': '', 'railway': '', 'barrier': '', 'road_type': {'road_type': 'footway', 'max_speed': '', 'access': '', 'distance_m': 31.272, 'lanes': ''}}]",0,0,0,0,1,0,2,0,0,1,0,4,2,3,0,1,1,0,0,2,1,0,0,0,18
1068823295,2024-07-04 14:27:54,2024-07-05 05:10:24,52950.0,1,0.0177334087658606,2024-07-04 16:04:56,2024-07-04 16:05:56,424,0,0,424420,0,0,,"[{'road_type': 'footway', 'max_speed': '', 'access': '', 'distance_m': 4.137, 'lanes': ''}]","[{'distance_m': 106.488, 'signs': [], 'intersection_type': '', 'intersection_lanes': '', 'max_speed': '', 'access': '', 'crossing': '', 'railway': '', 'barrier': '', 'road_type': {'road_type': 'residential', 'max_speed': '', 'access': '', 'distance_m': 14.321, 'lanes': ''}}]",0,0,0,0,0,0,0,0,0,0,0,0,0,0,0,0,0,0,0,0,0,0,0,0,0
1068823295,2024-07-05 05:53:34,2024-07-05 08:37:49,9855.0,1,0.0148331564915504,2024-07-05 10:30:00,2024-07-05 10:31:00,424,0,0,424420,0,0,,"[{'road_type': 'residential', 'max_speed': '30 mph', 'access': '', 'distance_m': 29.833, 'lanes': ''}, {'road_type': 'service', 'max_speed': '', 'access': '', 'distance_m': 29.833, 'lanes': ''}]","[{'distance_m': 38.692, 'signs': [], 'intersection_type': '', 'intersection_lanes': '', 'max_speed': '', 'access': '', 'crossing': '', 'railway': '', 'barrier': '', 'road_type': {'road_type': 'service', 'max_speed': '', 'access': '', 'distance_m': 29.833, 'lanes': ''}}]",0,0,0,0,0,0,0,0,0,0,0,0,0,0,0,0,0,0,0,0,0,0,0,0,0
1068823295,2024-07-05 08:46:09,2024-07-05 09:25:15,2346.0,1,0.0067116260847111,2024-07-05 10:30:00,2024-07-05 10:31:00,424,0,0,424420,0,0,,"[{'road_type': 'service', 'max_speed': '', 'access': '', 'distance_m': 34.27, 'lanes': ''}]","[{'distance_m': 54.082, 'signs': [], 'intersection_type': '', 'intersection_lanes': '', 'max_speed': '', 'access': '', 'crossing': '', 'railway': '', 'barrier': '', 'road_type': {'road_type': 'service', 'max_speed': '', 'access': '', 'distance_m': 25.301, 'lanes': ''}}]",0,0,0,0,0,0,0,0,0,0,0,0,0,0,0,0,0,0,0,0,0,0,0,0,0
1068823295,2024-07-05 09:49:15,2024-07-05 09:55:49,394.0,1,0.0293606174605965,2024-07-05 10:44:12,2024-07-05 10:52:10,424,0,0,424420,0,0,cafe - 16.073m; prep_school - 20.316m; beauty - 22.059m; dance - 31.585m; pastry - 41.76m; beauty - 61.368m; convenience - 76.797m; platform - 77.003m; stop_position - 82.833m,"[{'road_type': 'service', 'max_speed': '', 'access': '', 'distance_m': 30.439, 'lanes': ''}, {'road_type': 'service', 'max_speed': '', 'access': '', 'distance_m': 23.778, 'lanes': ''}]","[{'distance_m': 52.609, 'signs': [], 'intersection_type': '', 'intersection_lanes': '', 'max_speed': '', 'access': '', 'crossing': '', 'railway': '', 'barrier': '', 'road_type': {'road_type': 'secondary', 'max_speed': '', 'access': '', 'distance_m': 23.778, 'lanes': '3'}}, {'distance_m': 58.574, 'signs': [], 'intersection_type': '', 'intersection_lanes': '', 'max_speed': '', 'access': '', 'crossing': '', 'railway': '', 'barrier': '', 'road_type': {'road_type': 'secondary', 'max_speed': '', 'access': '', 'distance_m': 23.778, 'lanes': '3'}}, {'distance_m': 90.131, 'signs': [], 'intersection_type': '', 'intersection_lanes': '', 'max_speed': '', 'access': '', 'crossing': '', 'railway': '', 'barrier': '', 'road_type': {'road_type': 'path', 'max_speed': '', 'access': '', 'distance_m': 23.778, 'lanes': ''}}, {'distance_m': 101.37, 'signs': [], 'intersection_type': '', 'intersection_lanes': '', 'max_speed': '', 'access': '', 'crossing': '', 'railway': '', 'barrier': '', 'road_type': {'road_type': 'footway', 'max_speed': '', 'access': '', 'distance_m': 23.778, 'lanes': ''}}, {'distance_m': 104.627, 'signs': [], 'intersection_type': '', 'intersection_lanes': '', 'max_speed': '', 'access': '', 'crossing': '', 'railway': '', 'barrier': '', 'road_type': {'road_type': 'footway', 'max_speed': '', 'access': '', 'distance_m': 23.778, 'lanes': ''}}, {'distance_m': 118.023, 'signs': ['traffic_signals'], 'intersection_type': 'traffic_signals', 'intersection_lanes': '', 'max_speed': '', 'access': '', 'crossing': '', 'railway': '', 'barrier': '', 'road_type': {'road_type': 'service', 'max_speed': '', 'access': 'private', 'distance_m': 23.778, 'lanes': ''}}, {'distance_m': 124.273, 'signs': [], 'intersection_type': '', 'intersection_lanes': '', 'max_speed': '', 'access': '', 'crossing': '', 'railway': '', 'barrier': '', 'road_type': {'road_type': 'footway', 'max_speed': '', 'access': '', 'distance_m': 23.778, 'lanes': ''}}, {'distance_m': 133.062, 'signs': [], 'intersection_type': '', 'intersection_lanes': '', 'max_speed': '', 'access': '', 'crossing': '', 'railway': '', 'barrier': '', 'road_type': {'road_type': 'footway', 'max_speed': '', 'access': '', 'distance_m': 23.778, 'lanes': ''}}, {'distance_m': 134.246, 'signs': [], 'intersection_type': '', 'intersection_lanes': '', 'max_speed': '', 'access': '', 'crossing': '', 'railway': '', 'barrier': '', 'road_type': {'road_type': 'footway', 'max_speed': '', 'access': '', 'distance_m': 23.778, 'lanes': ''}}, {'distance_m': 145.527, 'signs': [], 'intersection_type': '', 'intersection_lanes': '', 'max_speed': '', 'access': '', 'crossing': '', 'railway': '', 'barrier': '', 'road_type': {'road_type': 'tertiary', 'max_speed': '', 'access': '', 'distance_m': 23.778, 'lanes': '5'}}]",0,0,2,0,0,0,0,0,0,0,0,0,0,2,0,0,0,0,0,1,2,0,2,0,9
1068823295,2024-07-05 11:29:29,2024-07-05 11:41:29,720.0,1,0.0125491191645696,2024-07-05 13:07:20,2024-07-05 13:17:56,424,0,0,424420,0,0,restaurant - 9.122m; clothes - 9.192m; gift - 11.304m; restaurant - 11.697m; bakery - 16.052m; bicycle_parking - 18.185m; vending_machine - 18.576m; bicycle_parking - 18.872m; cosmetics - 19.528m; information - 21.205m; variety_store - 21.288m; tattoo - 25.335m; shoes - 25.911m; vending_machine - 26.009m; vending_machine - 26.233m; vending_machine - 26.446m; information - 26.494m; vending_machine - 26.699m; pet_food - 26.798m; yes - 27.372m; gift - 28.275m; optician - 29.142m; fast_food - 30.689m; vacant - 32.418m; beauty - 34.651m; arts_centre - 35.337m; picnic_table - 39.702m; picnic_table - 43.331m; music_school - 43.687m; clothes - 47.319m; picnic_table - 47.739m; picnic_table - 48.154m; picnic_table - 49.52m; bicycle_parking - 49.962m; information - 50.238m; post_box - 50.275m; picnic_table - 50.364m; variety_store - 51.367m; picnic_table - 52.027m; clothes - 52.358m; information - 52.411m; bicycle_parking - 52.542m; beauty - 52.809m; bench - 53.54m; picnic_table - 53.765m; ice_cream - 57.566m; gallery - 58.571m; musical_instrument - 61.458m; vacant - 61.864m; vending_machine - 62.202m; dance - 62.594m; anime - 64.415m; vacant - 64.656m; art - 66.707m; clothes - 67.738m; restaurant - 70.562m; restaurant - 70.892m; picnic_table - 72.407m; hairdresser - 73.092m; picnic_table - 73.842m; bench - 74.814m; picnic_table - 75.202m; restaurant - 75.243m; picnic_table - 75.434m; picnic_table - 76.704m; picnic_table - 76.744m; picnic_table - 77.907m; bicycle_parking - 78.503m; picnic_table - 79.471m; bench - 83.581m; bench - 84.643m; artwork - 85.425m; bicycle_parking - 87.366m; artwork - 87.856m; bicycle_parking - 89.632m; bicycle_rental - 90.366m; artwork - 90.589m; bicycle_parking - 91.389m; restaurant - 96.786m; restaurant - 99.581m; massage - 102.228m; bank - 102.482m; vacant - 103.273m; clothes - 104.723m; atm - 104.738m; vacant - 105.291m; beauty - 106.942m; vacant - 109.677m; restaurant - 111.879m; kindergarten - 113.421m; bar - 114.787m; hairdresser - 115.602m; vacant - 117.103m; language_school - 118.127m; bench - 121.845m; yes - 121.85m; school - 123.017m; restaurant - 128.095m; restaurant - 128.8m; artwork - 128.824m; toys - 129.504m; information - 134.503m; doctors - 135.339m; studio - 135.582m; bench - 137.042m; vacant - 137.253m; bicycle_parking - 140.574m; artwork - 142.516m; picnic_table - 145.668m; drinking_water - 146.115m; waste_basket - 146.943m; information - 147.011m; picnic_table - 147.62m; information - 147.647m; information - 148.282m; bench - 148.393m; information - 148.932m; information - 149.583m,"[{'road_type': 'footway', 'max_speed': '', 'access': '', 'distance_m': 26.644, 'lanes': ''}, {'road_type': 'footway', 'max_speed': '', 'access': '', 'distance_m': 21.532, 'lanes': ''}]","[{'distance_m': 26.644, 'signs': [], 'intersection_type': '', 'intersection_lanes': '', 'max_speed': '', 'access': '', 'crossing': '', 'railway': '', 'barrier': '', 'road_type': {'road_type': 'footway', 'max_speed': '', 'access': '', 'distance_m': 21.532, 'lanes': ''}}, {'distance_m': 30.766, 'signs': [], 'intersection_type': '', 'intersection_lanes': '', 'max_speed': '', 'access': '', 'crossing': '', 'railway': '', 'barrier': '', 'road_type': {'road_type': 'footway', 'max_speed': '', 'access': '', 'distance_m': 21.532, 'lanes': ''}}, {'distance_m': 35.914, 'signs': ['stop'], 'intersection_type': 'stop', 'intersection_lanes': '', 'max_speed': '', 'access': '', 'crossing': '', 'railway': '', 'barrier': '', 'road_type': {'road_type': 'residential', 'max_speed': '25 mph', 'access': '', 'distance_m': 21.532, 'lanes': '3'}}, {'distance_m': 44.479, 'signs': [], 'intersection_type': '', 'intersection_lanes': '', 'max_speed': '', 'access': '', 'crossing': '', 'railway': '', 'barrier': '', 'road_type': {'road_type': 'footway', 'max_speed': '', 'access': '', 'distance_m': 21.532, 'lanes': ''}}, {'distance_m': 46.871, 'signs': [], 'intersection_type': '', 'intersection_lanes': '', 'max_speed': '', 'access': '', 'crossing': '', 'railway': '', 'barrier': '', 'road_type': {'road_type': 'footway', 'max_speed': '', 'access': '', 'distance_m': 21.532, 'lanes': ''}}, {'distance_m': 48.863, 'signs': [], 'intersection_type': '', 'intersection_lanes': '', 'max_speed': '', 'access': '', 'crossing': '', 'railway': '', 'barrier': '', 'road_type': {'road_type': 'footway', 'max_speed': '', 'access': '', 'distance_m': 21.532, 'lanes': ''}}, {'distance_m': 65.233, 'signs': [], 'intersection_type': '', 'intersection_lanes': '', 'max_speed': '', 'access': '', 'crossing': '', 'railway': '', 'barrier': '', 'road_type': {'road_type': 'footway', 'max_speed': '', 'access': '', 'distance_m': 21.532, 'lanes': ''}}, {'distance_m': 68.27, 'signs': [], 'intersection_type': '', 'intersection_lanes': '', 'max_speed': '', 'access': '', 'crossing': '', 'railway': '', 'barrier': '', 'road_type': {'road_type': 'footway', 'max_speed': '', 'access': '', 'distance_m': 21.532, 'lanes': ''}}, {'distance_m': 75.267, 'signs': ['stop'], 'intersection_type': 'stop', 'intersection_lanes': '', 'max_speed': '', 'access': '', 'crossing': '', 'railway': '', 'barrier': '', 'road_type': {'road_type': 'tertiary', 'max_speed': '20 mph', 'access': '', 'distance_m': 21.532, 'lanes': '2'}}, {'distance_m': 83.993, 'signs': [], 'intersection_type': '', 'intersection_lanes': '', 'max_speed': '', 'access': '', 'crossing': '', 'railway': '', 'barrier': '', 'road_type': {'road_type': 'footway', 'max_speed': '', 'access': '', 'distance_m': 21.532, 'lanes': ''}}]",1,0,5,0,18,0,2,0,0,2,0,30,9,8,0,1,1,0,0,14,24,2,0,1,118
1068823295,2024-07-05 11:54:17,2024-07-05 12:14:17,1200.0,1,0.0596175307574489,2024-07-05 13:31:25,2024-07-05 14:04:50,424,0,0,424420,0,0,table - 20.909m; table - 21.685m; bicycle_rental - 21.84m; table - 23.833m; table - 24.393m; table - 26.11m; table - 27.409m; table - 27.783m; table - 27.973m; table - 28.752m; table - 29.376m; table - 30.309m; table - 30.821m; table - 31.44m; table - 31.512m; table - 32.871m; table - 33.228m; table - 34.554m; table - 34.96m; table - 35.977m; bicycle_parking - 38.926m; table - 39.348m; table - 40.275m; table - 41.365m; table - 43.502m; table - 45.168m; bicycle_parking - 45.697m; table - 46.003m; table - 46.506m; table - 47.512m; table - 48.787m; table - 48.936m; table - 50.427m; table - 51.53m; theatre - 53.537m; artwork - 54.459m; table - 57.26m; table - 57.441m; table - 57.447m; parking_entrance - 57.488m; table - 57.506m; restaurant - 57.732m; table - 57.733m; table - 58.13m; table - 59.657m; table - 60.477m; table - 60.575m; table - 60.782m; table - 61.117m; table - 62.664m; information - 62.762m; table - 63.079m; telephone - 67.757m; telephone - 67.757m; telephone - 67.87m; table - 68.401m; table - 69.56m; parking_space - 69.601m; table - 70.612m; table - 70.885m; table - 71.945m; table - 72.086m; artwork - 72.644m; table - 72.887m; table - 73.426m; table - 74.526m; table - 74.572m; bank - 74.607m; atm - 75.404m; table - 75.78m; bicycle_parking - 76.828m; table - 76.844m; bank - 78.036m; table - 78.453m; table - 79.331m; artwork - 79.854m; table - 79.96m; table - 80.321m; table - 81.433m; table - 81.475m; studio - 81.545m; table - 81.784m; table - 81.896m; table - 82.932m; table - 83.124m; telephone - 83.8m; table - 84.045m; table - 84.664m; telephone - 86.368m; table - 89.251m; table - 89.307m; table - 90.15m; table - 90.453m; library_dropoff - 90.753m; parking_space - 91.102m; table - 91.177m; table - 91.66m; table - 91.98m; table - 92.621m; bicycle_parking - 92.657m; fast_food - 93.973m; post_box - 98.924m; artwork - 99.612m; restaurant - 101.621m; artwork - 108.804m; bank - 109.944m; bicycle_parking - 111.574m; library_dropoff - 113.011m; cafe - 115.068m; events_venue - 115.455m; artwork - 127.453m; cafe - 130.946m; parking_space - 131.983m; bicycle_parking - 133.179m; bicycle_parking - 136.013m; bicycle_parking - 139.758m; vacant - 140.498m; bicycle_parking - 141.426m; convenience - 148.543m,"[{'road_type': 'secondary', 'max_speed': '', 'access': '', 'distance_m': 12.887, 'lanes': '2'}, {'road_type': 'service', 'max_speed': '', 'access': '', 'distance_m': 12.887, 'lanes': ''}]","[{'distance_m': 41.267, 'signs': [], 'intersection_type': '', 'intersection_lanes': '', 'max_speed': '', 'access': '', 'crossing': '', 'railway': '', 'barrier': '', 'road_type': {'road_type': 'footway', 'max_speed': '', 'access': '', 'distance_m': 12.887, 'lanes': ''}}, {'distance_m': 42.244, 'signs': [], 'intersection_type': '', 'intersection_lanes': '', 'max_speed': '', 'access': '', 'crossing': '', 'railway': '', 'barrier': '', 'road_type': {'road_type': 'footway', 'max_speed': '', 'access': '', 'distance_m': 12.887, 'lanes': ''}}, {'distance_m': 43.911, 'signs': [], 'intersection_type': '', 'intersection_lanes': '', 'max_speed': '', 'access': '', 'crossing': '', 'railway': '', 'barrier': '', 'road_type': {'road_type': 'cycleway', 'max_speed': '', 'access': '', 'distance_m': 12.887, 'lanes': ''}}, {'distance_m': 45.34, 'signs': [], 'intersection_type': '', 'intersection_lanes': '', 'max_speed': '', 'access': '', 'crossing': '', 'railway': '', 'barrier': '', 'road_type': {'road_type': 'cycleway', 'max_speed': '', 'access': '', 'distance_m': 12.887, 'lanes': ''}}, {'distance_m': 46.153, 'signs': [], 'intersection_type': '', 'intersection_lanes': '', 'max_speed': '', 'access': '', 'crossing': '', 'railway': '', 'barrier': '', 'road_type': {'road_type': 'cycleway', 'max_speed': '', 'access': '', 'distance_m': 12.887, 'lanes': ''}}, {'distance_m': 48.97, 'signs': [], 'intersection_type': '', 'intersection_lanes': '', 'max_speed': '', 'access': '', 'crossing': '', 'railway': '', 'barrier': '', 'road_type': {'road_type': 'cycleway', 'max_speed': '', 'access': '', 'distance_m': 12.887, 'lanes': ''}}, {'distance_m': 49.102, 'signs': [], 'intersection_type': '', 'intersection_lanes': '', 'max_speed': '', 'access': '', 'crossing': '', 'railway': '', 'barrier': '', 'road_type': {'road_type': 'footway', 'max_speed': '', 'access': '', 'distance_m': 12.887, 'lanes': ''}}, {'distance_m': 50.37, 'signs': [], 'intersection_type': '', 'intersection_lanes': '', 'max_speed': '', 'access': '', 'crossing': '', 'railway': '', 'barrier': '', 'road_type': {'road_type': 'footway', 'max_speed': '', 'access': '', 'distance_m': 12.887, 'lanes': ''}}, {'distance_m': 51.242, 'signs': [], 'intersection_type': '', 'intersection_lanes': '', 'max_speed': '', 'access': '', 'crossing': '', 'railway': '', 'barrier': '', 'road_type': {'road_type': 'cycleway', 'max_speed': '', 'access': '', 'distance_m': 12.887, 'lanes': ''}}, {'distance_m': 57.179, 'signs': [], 'intersection_type': '', 'intersection_lanes': '', 'max_speed': '', 'access': '', 'crossing': '', 'railway': '', 'barrier': '', 'road_type': {'road_type': 'secondary', 'max_speed': '', 'access': '', 'distance_m': 12.887, 'lanes': '2'}}]",1,0,0,0,1,1,4,0,2,0,0,78,13,0,0,1,1,0,0,5,12,0,0,0,119
1068823295,2024-07-05 12:20:15,2024-07-05 12:23:29,194.0,1,0.0357298643313215,2024-07-05 14:06:14,2024-07-05 14:12:14,424,0,0,424420,0,0,stop_position - 26.068m; platform - 33.364m; motorcycle_parking - 44.947m; table - 111.62m; table - 111.887m; platform - 115.106m; stop_position - 115.305m; table - 115.457m; table - 115.73m; table - 115.969m; community_centre - 117.655m; post_box - 118.308m; table - 119.648m; table - 120.001m; table - 120.19m; restaurant - 122.357m; studio - 142.473m; picnic_table - 146.331m; picnic_table - 147.323m; picnic_table - 148.398m; artwork - 148.815m; picnic_table - 149.265m; cafe - 149.873m,"[{'road_type': 'secondary', 'max_speed': '', 'access': '', 'distance_m': 21.391, 'lanes': '2'}, {'road_type': 'secondary', 'max_speed': '', 'access': '', 'distance_m': 16.763, 'lanes': '2'}]","[{'distance_m': 35.708, 'signs': [], 'intersection_type': '', 'intersection_lanes': '', 'max_speed': '', 'access': '', 'crossing': '', 'railway': '', 'barrier': '', 'road_type': {'road_type': 'cycleway', 'max_speed': '', 'access': '', 'distance_m': 16.763, 'lanes': ''}}, {'distance_m': 42.708, 'signs': [], 'intersection_type': '', 'intersection_lanes': '', 'max_speed': '', 'access': '', 'crossing': '', 'railway': '', 'barrier': '', 'road_type': {'road_type': 'footway', 'max_speed': '', 'access': '', 'distance_m': 16.763, 'lanes': ''}}, {'distance_m': 47.528, 'signs': [], 'intersection_type': '', 'intersection_lanes': '', 'max_speed': '', 'access': '', 'crossing': '', 'railway': '', 'barrier': '', 'road_type': {'road_type': 'secondary', 'max_speed': '', 'access': '', 'distance_m': 16.763, 'lanes': '2'}}, {'distance_m': 47.995, 'signs': [], 'intersection_type': '', 'intersection_lanes': '', 'max_speed': '', 'access': '', 'crossing': '', 'railway': '', 'barrier': '', 'road_type': {'road_type': 'footway', 'max_speed': '', 'access': '', 'distance_m': 16.763, 'lanes': ''}}, {'distance_m': 56.481, 'signs': [], 'intersection_type': '', 'intersection_lanes': '', 'max_speed': '', 'access': '', 'crossing': '', 'railway': '', 'barrier': '', 'road_type': {'road_type': 'cycleway', 'max_speed': '', 'access': '', 'distance_m': 16.763, 'lanes': ''}}, {'distance_m': 59.584, 'signs': [], 'intersection_type': '', 'intersection_lanes': '', 'max_speed': '', 'access': '', 'crossing': '', 'railway': '', 'barrier': '', 'road_type': {'road_type': 'footway', 'max_speed': '', 'access': '', 'distance_m': 16.763, 'lanes': ''}}, {'distance_m': 61.344, 'signs': [], 'intersection_type': '', 'intersection_lanes': '', 'max_speed': '', 'access': '', 'crossing': '', 'railway': '', 'barrier': '', 'road_type': {'road_type': 'footway', 'max_speed': '', 'access': '', 'distance_m': 16.763, 'lanes': ''}}, {'distance_m': 64.332, 'signs': ['traffic_signals'], 'intersection_type': 'traffic_signals', 'intersection_lanes': '', 'max_speed': '', 'access': '', 'crossing': '', 'railway': '', 'barrier': '', 'road_type': {'road_type': 'residential', 'max_speed': '', 'access': '', 'distance_m': 16.763, 'lanes': '2'}}, {'distance_m': 73.374, 'signs': [], 'intersection_type': '', 'intersection_lanes': '', 'max_speed': '', 'access': '', 'crossing': '', 'railway': '', 'barrier': '', 'road_type': {'road_type': 'footway', 'max_speed': '', 'access': '', 'distance_m': 16.763, 'lanes': ''}}, {'distance_m': 76.206, 'signs': [], 'intersection_type': '', 'intersection_lanes': '', 'max_speed': '', 'access': '', 'crossing': '', 'railway': '', 'barrier': '', 'road_type': {'road_type': 'footway', 'max_speed': '', 'access': '', 'distance_m': 16.763, 'lanes': ''}}]",1,0,0,0,4,0,0,0,1,0,0,8,1,0,0,1,0,0,0,2,1,0,4,0,23
1068823295,2024-07-05 12:30:09,2024-07-05 12:36:10,361.0,1,0.0262010624962864,2024-07-05 14:29:52,2024-07-05 14:36:41,424,0,0,424420,0,0,convenience - 69.315m; kindergarten - 113.158m,"[{'road_type': 'footway', 'max_speed': '', 'access': '', 'distance_m': 38.721, 'lanes': ''}, {'road_type': 'footway', 'max_speed': '', 'access': '', 'distance_m': 38.721, 'lanes': ''}]","[{'distance_m': 39.818, 'signs': [], 'intersection_type': '', 'intersection_lanes': '', 'max_speed': '', 'access': '', 'crossing': '', 'railway': '', 'barrier': '', 'road_type': {'road_type': 'footway', 'max_speed': '', 'access': '', 'distance_m': 38.721, 'lanes': ''}}, {'distance_m': 40.184, 'signs': [], 'intersection_type': '', 'intersection_lanes': '', 'max_speed': '', 'access': '', 'crossing': '', 'railway': '', 'barrier': '', 'road_type': {'road_type': 'footway', 'max_speed': '', 'access': '', 'distance_m': 38.721, 'lanes': ''}}, {'distance_m': 49.614, 'signs': [], 'intersection_type': '', 'intersection_lanes': '', 'max_speed': '', 'access': '', 'crossing': '', 'railway': '', 'barrier': '', 'road_type': {'road_type': 'residential', 'max_speed': '25 mph', 'access': '', 'distance_m': 39.405, 'lanes': '2'}}, {'distance_m': 49.817, 'signs': [], 'intersection_type': '', 'intersection_lanes': '', 'max_speed': '', 'access': '', 'crossing': '', 'railway': '', 'barrier': '', 'road_type': {'road_type': 'footway', 'max_speed': '', 'access': '', 'distance_m': 38.721, 'lanes': ''}}, {'distance_m': 49.822, 'signs': [], 'intersection_type': '', 'intersection_lanes': '', 'max_speed': '', 'access': '', 'crossing': '', 'railway': '', 'barrier': '', 'road_type': {'road_type': 'footway', 'max_speed': '', 'access': '', 'distance_m': 38.721, 'lanes': ''}}, {'distance_m': 50.594, 'signs': [], 'intersection_type': '', 'intersection_lanes': '', 'max_speed': '', 'access': '', 'crossing': '', 'railway': '', 'barrier': '', 'road_type': {'road_type': 'footway', 'max_speed': '', 'access': '', 'distance_m': 38.721, 'lanes': ''}}, {'distance_m': 59.612, 'signs': ['traffic_signals'], 'intersection_type': 'traffic_signals', 'intersection_lanes': '', 'max_speed': '', 'access': '', 'crossing': '', 'railway': '', 'barrier': '', 'road_type': {'road_type': 'residential', 'max_speed': '25 mph', 'access': '', 'distance_m': 38.721, 'lanes': '2'}}, {'distance_m': 60.442, 'signs': [], 'intersection_type': '', 'intersection_lanes': '', 'max_speed': '', 'access': '', 'crossing': '', 'railway': '', 'barrier': '', 'road_type': {'road_type': 'footway', 'max_speed': '', 'access': '', 'distance_m': 38.721, 'lanes': ''}}, {'distance_m': 61.191, 'signs': [], 'intersection_type': '', 'intersection_lanes': '', 'max_speed': '', 'access': '', 'crossing': '', 'railway': '', 'barrier': '', 'road_type': {'road_type': 'footway', 'max_speed': '', 'access': '', 'distance_m': 38.721, 'lanes': ''}}, {'distance_m': 68.993, 'signs': [], 'intersection_type': '', 'intersection_lanes': '', 'max_speed': '', 'access': '', 'crossing': '', 'railway': '', 'barrier': '', 'road_type': {'road_type': 'footway', 'max_speed': '', 'access': '', 'distance_m': 38.721, 'lanes': ''}}]",0,0,1,0,0,0,0,0,0,0,0,0,0,0,0,0,0,0,0,0,1,0,0,0,2
1068823295,2024-07-05 12:38:10,2024-07-05 12:50:10,720.0,1,0.043061414403308,2024-07-05 14:41:17,2024-07-05 14:48:39,424,0,0,424420,0,0,toilets - 16.027m; bar - 29.732m; food_court - 35.029m; bar - 49.015m; nightclub - 51.487m; stop_position - 54.142m; restaurant - 54.278m; telephone - 54.602m; platform - 55.062m; sports_centre - 58.343m; nightclub - 63.778m; nightclub - 73.47m; cafe - 80.268m; fast_food - 86.864m; cafe - 89.389m; gallery - 89.875m; newsagent - 93.391m; parking_space - 97.251m; nightclub - 102.053m; restaurant - 102.734m; bicycle_parking - 115.322m; pub - 120.74m; platform - 121.001m; bar - 124.122m; gallery - 127.194m; convenience - 129.213m; restaurant - 129.305m; stop_position - 130.191m; parking_entrance - 133.64m; platform - 136.631m; parking_space - 136.93m; college - 139.913m; loading_dock - 140.132m; car_repair - 140.703m; stop_position - 144.207m; pub - 145.514m; dojo - 147.63m; parking_entrance - 149.104m; stop_position - 149.128m,"[{'road_type': 'tertiary', 'max_speed': '20 mph', 'access': '', 'distance_m': 19.096, 'lanes': '2'}, {'road_type': 'footway', 'max_speed': '', 'access': '', 'distance_m': 19.096, 'lanes': ''}]","[{'distance_m': 59.314, 'signs': [], 'intersection_type': '', 'intersection_lanes': '', 'max_speed': '', 'access': '', 'crossing': '', 'railway': '', 'barrier': '', 'road_type': {'road_type': 'footway', 'max_speed': '', 'access': '', 'distance_m': 19.096, 'lanes': ''}}, {'distance_m': 59.887, 'signs': [], 'intersection_type': '', 'intersection_lanes': '', 'max_speed': '', 'access': '', 'crossing': '', 'railway': '', 'barrier': '', 'road_type': {'road_type': 'footway', 'max_speed': '', 'access': '', 'distance_m': 19.096, 'lanes': ''}}, {'distance_m': 66.512, 'signs': [], 'intersection_type': '', 'intersection_lanes': '', 'max_speed': '', 'access': '', 'crossing': '', 'railway': '', 'barrier': '', 'road_type': {'road_type': 'tertiary', 'max_speed': '20 mph', 'access': '', 'distance_m': 19.096, 'lanes': '3'}}, {'distance_m': 74.792, 'signs': [], 'intersection_type': '', 'intersection_lanes': '', 'max_speed': '', 'access': '', 'crossing': '', 'railway': '', 'barrier': '', 'road_type': {'road_type': 'footway', 'max_speed': '', 'access': '', 'distance_m': 19.096, 'lanes': ''}}, {'distance_m': 74.851, 'signs': [], 'intersection_type': '', 'intersection_lanes': '', 'max_speed': '', 'access': '', 'crossing': '', 'railway': '', 'barrier': '', 'road_type': {'road_type': 'footway', 'max_speed': '', 'access': '', 'distance_m': 19.096, 'lanes': ''}}, {'distance_m': 84.393, 'signs': [], 'intersection_type': '', 'intersection_lanes': '', 'max_speed': '', 'access': '', 'crossing': '', 'railway': '', 'barrier': '', 'road_type': {'road_type': 'service', 'max_speed': '', 'access': '', 'distance_m': 19.096, 'lanes': ''}}, {'distance_m': 98.723, 'signs': [], 'intersection_type': '', 'intersection_lanes': '', 'max_speed': '', 'access': '', 'crossing': '', 'railway': '', 'barrier': '', 'road_type': {'road_type': 'footway', 'max_speed': '', 'access': '', 'distance_m': 19.096, 'lanes': ''}}, {'distance_m': 104.826, 'signs': [], 'intersection_type': '', 'intersection_lanes': '', 'max_speed': '', 'access': '', 'crossing': '', 'railway': '', 'barrier': '', 'road_type': {'road_type': 'footway', 'max_speed': '', 'access': '', 'distance_m': 19.096, 'lanes': ''}}, {'distance_m': 112.357, 'signs': [], 'intersection_type': '', 'intersection_lanes': '', 'max_speed': '', 'access': '', 'crossing': '', 'railway': '', 'barrier': '', 'road_type': {'road_type': 'footway', 'max_speed': '', 'access': '', 'distance_m': 19.096, 'lanes': ''}}, {'distance_m': 112.595, 'signs': [], 'intersection_type': '', 'intersection_lanes': '', 'max_speed': '', 'access': '', 'crossing': '', 'railway': '', 'barrier': '', 'road_type': {'road_type': 'footway', 'max_speed': '', 'access': '', 'distance_m': 19.096, 'lanes': ''}}]",0,1,1,0,5,0,0,0,1,0,0,1,5,0,0,0,1,0,0,12,2,2,8,0,39
1068823295,2024-07-05 13:03:47,2024-07-05 13:15:47,720.0,1,0.1512313766404286,2024-07-05 15:16:08,2024-07-05 15:22:56,424,0,0,424420,0,0,bicycle_rental - 23.065m; vacant - 29.442m; school - 31.27m; post_box - 32.443m; toilets - 37.441m; vending_machine - 42.344m; toilets - 42.362m; information - 43.583m; cafe - 44.427m; fast_food - 44.856m; candles - 47.067m; fast_food - 49.231m; information - 49.439m; parking_entrance - 50.808m; fast_food - 52.18m; bar - 52.481m; fast_food - 53.112m; restaurant - 54.996m; fast_food - 56.487m; restaurant - 59.499m; fast_food - 60.255m; fitness_centre - 62.966m; cafe - 64.153m; restaurant - 64.729m; picnic_table - 64.762m; bar - 64.818m; picnic_table - 66.607m; picnic_table - 68.49m; picnic_table - 68.581m; atm - 68.745m; bicycle_parking - 69.313m; picnic_table - 69.379m; restaurant - 69.843m; picnic_table - 70.32m; vending_machine - 70.746m; picnic_table - 70.985m; picnic_table - 72.131m; plants - 73.535m; bicycle_parking - 76.179m; restaurant - 78.691m; vacant - 80.183m; fast_food - 82.025m; fast_food - 83.487m; restaurant - 84.375m; fast_food - 84.625m; charging_station - 85.163m; fast_food - 86.317m; jewelry - 86.842m; picnic_table - 88.545m; picnic_table - 90.061m; bicycle_parking - 90.076m; cafe - 91.204m; picnic_table - 91.892m; trade - 93.085m; clothes - 93.5m; picnic_table - 93.927m; fast_food - 94.516m; parking_space - 94.877m; cafe - 96.238m; bar - 96.846m; information - 97.679m; picnic_table - 98.454m; alcohol - 98.462m; chemist - 98.983m; bar - 100.727m; funeral_directors - 102.648m; bicycle_parking - 103.114m; dry_cleaning - 103.582m; bicycle_parking - 105.396m; bicycle_parking - 109.395m; information - 112.658m; bicycle_parking - 117.845m; restaurant - 119.23m; cafe - 126.884m; yes - 127.351m; parking_entrance - 128.038m; parking_entrance - 129.961m; restaurant - 133.116m; fast_food - 134.495m; yes - 135.613m; parking_space - 135.632m; waste_disposal - 138.232m; parking_entrance - 145.326m; restaurant - 148.036m; parking_space - 148.189m,"[{'road_type': 'residential', 'max_speed': '20 mph', 'access': '', 'distance_m': 8.693, 'lanes': '2'}, {'road_type': 'residential', 'max_speed': '20 mph', 'access': '', 'distance_m': 0.899, 'lanes': '2'}, {'road_type': 'tertiary', 'max_speed': '', 'access': '', 'distance_m': 0.899, 'lanes': ''}, {'road_type': 'pedestrian', 'max_speed': '', 'access': '', 'distance_m': 0.899, 'lanes': ''}]","[{'distance_m': 0.899, 'signs': ['stop'], 'intersection_type': 'stop', 'intersection_lanes': '', 'max_speed': '', 'access': '', 'crossing': '', 'railway': '', 'barrier': '', 'road_type': {'road_type': 'pedestrian', 'max_speed': '', 'access': '', 'distance_m': 0.899, 'lanes': ''}}, {'distance_m': 12.187, 'signs': [], 'intersection_type': '', 'intersection_lanes': '', 'max_speed': '', 'access': '', 'crossing': '', 'railway': '', 'barrier': '', 'road_type': {'road_type': 'footway', 'max_speed': '', 'access': '', 'distance_m': 0.899, 'lanes': ''}}, {'distance_m': 12.228, 'signs': [], 'intersection_type': '', 'intersection_lanes': '', 'max_speed': '', 'access': '', 'crossing': '', 'railway': '', 'barrier': '', 'road_type': {'road_type': 'footway', 'max_speed': '', 'access': '', 'distance_m': 0.899, 'lanes': ''}}, {'distance_m': 57.462, 'signs': [], 'intersection_type': '', 'intersection_lanes': '', 'max_speed': '', 'access': '', 'crossing': '', 'railway': '', 'barrier': '', 'road_type': {'road_type': 'service', 'max_speed': '', 'access': '', 'distance_m': 0.899, 'lanes': ''}}, {'distance_m': 58.387, 'signs': [], 'intersection_type': '', 'intersection_lanes': '', 'max_speed': '', 'access': '', 'crossing': '', 'railway': '', 'barrier': '', 'road_type': {'road_type': 'service', 'max_speed': '', 'access': '', 'distance_m': 0.899, 'lanes': ''}}, {'distance_m': 64.247, 'signs': [], 'intersection_type': '', 'intersection_lanes': '', 'max_speed': '', 'access': '', 'crossing': '', 'railway': '', 'barrier': '', 'road_type': {'road_type': 'footway', 'max_speed': '', 'access': '', 'distance_m': 0.899, 'lanes': ''}}, {'distance_m': 67.869, 'signs': [], 'intersection_type': '', 'intersection_lanes': '', 'max_speed': '', 'access': '', 'crossing': '', 'railway': '', 'barrier': '', 'road_type': {'road_type': 'footway', 'max_speed': '', 'access': '', 'distance_m': 0.899, 'lanes': ''}}, {'distance_m': 68.13, 'signs': [], 'intersection_type': '', 'intersection_lanes': '', 'max_speed': '', 'access': '', 'crossing': '', 'railway': '', 'barrier': '', 'road_type': {'road_type': 'footway', 'max_speed': '', 'access': '', 'distance_m': 0.899, 'lanes': ''}}, {'distance_m': 72.17, 'signs': [], 'intersection_type': '', 'intersection_lanes': '', 'max_speed': '', 'access': '', 'crossing': '', 'railway': '', 'barrier': '', 'road_type': {'road_type': 'footway', 'max_speed': '', 'access': '', 'distance_m': 0.899, 'lanes': ''}}, {'distance_m': 73.033, 'signs': [], 'intersection_type': '', 'intersection_lanes': '', 'max_speed': '', 'access': '', 'crossing': '', 'railway': '', 'barrier': '', 'road_type': {'road_type': 'footway', 'max_speed': '', 'access': '', 'distance_m': 0.899, 'lanes': ''}}]",0,0,1,0,14,0,2,1,2,0,0,8,14,0,1,1,3,0,0,30,7,0,0,1,85
1068823295,2024-07-05 14:01:02,2024-07-05 14:23:03,1321.0,0,-1.0,,,424,0,0,424420,0,0,bicycle_parking - 76.05m; bank - 81.306m; fitness_centre - 91.397m; beauty - 95.689m; bench - 101.001m; veterinary - 107.532m; bank - 113.307m; bench - 117.215m; hairdresser_supply - 120.434m; restaurant - 123.631m; bench - 125.666m; beauty - 125.954m; post_office - 127.441m; bench - 127.732m; dry_cleaning - 131.201m; bicycle_parking - 134.98m; alcohol - 135.077m; restaurant - 137.228m,"[{'road_type': 'tertiary', 'max_speed': '', 'access': '', 'distance_m': 20.694, 'lanes': ''}, {'road_type': 'service', 'max_speed': '', 'access': '', 'distance_m': 20.694, 'lanes': ''}]","[{'distance_m': 42.261, 'signs': [], 'intersection_type': '', 'intersection_lanes': '', 'max_speed': '', 'access': '', 'crossing': '', 'railway': '', 'barrier': '', 'road_type': {'road_type': 'tertiary', 'max_speed': '', 'access': '', 'distance_m': 20.694, 'lanes': ''}}, {'distance_m': 43.656, 'signs': [], 'intersection_type': '', 'intersection_lanes': '', 'max_speed': '', 'access': '', 'crossing': '', 'railway': '', 'barrier': '', 'road_type': {'road_type': 'service', 'max_speed': '', 'access': '', 'distance_m': 20.694, 'lanes': ''}}, {'distance_m': 58.136, 'signs': [], 'intersection_type': '', 'intersection_lanes': '', 'max_speed': '', 'access': '', 'crossing': '', 'railway': '', 'barrier': '', 'road_type': {'road_type': 'footway', 'max_speed': '', 'access': '', 'distance_m': 20.694, 'lanes': ''}}, {'distance_m': 64.321, 'signs': [], 'intersection_type': '', 'intersection_lanes': '', 'max_speed': '', 'access': '', 'crossing': '', 'railway': '', 'barrier': '', 'road_type': {'road_type': 'tertiary', 'max_speed': '', 'access': '', 'distance_m': 20.694, 'lanes': ''}}, {'distance_m': 76.204, 'signs': [], 'intersection_type': '', 'intersection_lanes': '', 'max_speed': '', 'access': '', 'crossing': '', 'railway': '', 'barrier': '', 'road_type': {'road_type': 'secondary', 'max_speed': '', 'access': '', 'distance_m': 20.694, 'lanes': '2'}}, {'distance_m': 89.385, 'signs': [], 'intersection_type': '', 'intersection_lanes': '', 'max_speed': '', 'access': '', 'crossing': '', 'railway': '', 'barrier': '', 'road_type': {'road_type': 'service', 'max_speed': '', 'access': '', 'distance_m': 20.694, 'lanes': ''}}, {'distance_m': 108.558, 'signs': [], 'intersection_type': '', 'intersection_lanes': '', 'max_speed': '', 'access': '', 'crossing': '', 'railway': '', 'barrier': '', 'road_type': {'road_type': 'service', 'max_speed': '', 'access': 'private', 'distance_m': 20.694, 'lanes': ''}}, {'distance_m': 119.605, 'signs': [], 'intersection_type': '', 'intersection_lanes': '', 'max_speed': '', 'access': '', 'crossing': '', 'railway': '', 'barrier': '', 'road_type': {'road_type': 'service', 'max_speed': '', 'access': '', 'distance_m': 20.694, 'lanes': ''}}, {'distance_m': 146.88, 'signs': [], 'intersection_type': '', 'intersection_lanes': '', 'max_speed': '', 'access': '', 'crossing': '', 'railway': '', 'barrier': '', 'road_type': {'road_type': 'footway', 'max_speed': '', 'access': '', 'distance_m': 20.694, 'lanes': ''}}, {'distance_m': 149.413, 'signs': [], 'intersection_type': '', 'intersection_lanes': '', 'max_speed': '', 'access': '', 'crossing': '', 'railway': '', 'barrier': '', 'road_type': {'road_type': 'service', 'max_speed': '', 'access': '', 'distance_m': 20.694, 'lanes': ''}}]",0,0,0,0,1,0,2,0,0,1,0,4,2,3,0,1,1,0,0,2,1,0,0,0,18
1068823295,2024-07-05 14:41:47,2024-07-05 16:51:52,7805.0,1,0.0172774862353697,2024-07-05 16:22:40,2024-07-05 16:23:40,424,0,0,424420,0,0,,"[{'road_type': 'footway', 'max_speed': '', 'access': '', 'distance_m': 2.496, 'lanes': ''}]","[{'distance_m': 106.235, 'signs': [], 'intersection_type': '', 'intersection_lanes': '', 'max_speed': '', 'access': '', 'crossing': '', 'railway': '', 'barrier': '', 'road_type': {'road_type': 'residential', 'max_speed': '', 'access': '', 'distance_m': 16.066, 'lanes': ''}}]",0,0,0,0,0,0,0,0,0,0,0,0,0,0,0,0,0,0,0,0,0,0,0,0,0
1068823853,2024-06-30 19:10:52,2024-07-01 06:25:11,40459.0,0,-1.0,,,424,0,0,424420,0,0,clinic - 88.009m; social_facility - 113.385m,"[{'road_type': 'tertiary', 'max_speed': '', 'access': '', 'distance_m': 5.034, 'lanes': ''}]","[{'distance_m': 109.594, 'signs': [], 'intersection_type': '', 'intersection_lanes': '', 'max_speed': '', 'access': '', 'crossing': '', 'railway': '', 'barrier': '', 'road_type': {'road_type': 'service', 'max_speed': '', 'access': 'private', 'distance_m': 5.034, 'lanes': ''}}, {'distance_m': 126.449, 'signs': [], 'intersection_type': '', 'intersection_lanes': '', 'max_speed': '', 'access': '', 'crossing': '', 'railway': '', 'barrier': '', 'road_type': {'road_type': 'service', 'max_speed': '', 'access': '', 'distance_m': 5.034, 'lanes': ''}}]",0,0,0,0,1,0,0,0,0,1,0,0,0,0,0,0,0,0,0,0,0,0,0,0,2
1068823853,2024-07-01 07:00:11.001000,2024-07-01 09:31:15,9063.999,1,0.0893008337381315,2024-07-01 10:00:00,2024-07-01 10:01:00,424,0,0,424420,0,0,,"[{'road_type': 'service', 'max_speed': '', 'access': '', 'distance_m': 10.691, 'lanes': ''}]","[{'distance_m': 23.012, 'signs': [], 'intersection_type': '', 'intersection_lanes': '', 'max_speed': '', 'access': '', 'crossing': '', 'railway': '', 'barrier': '', 'road_type': {'road_type': 'service', 'max_speed': '', 'access': '', 'distance_m': 12.46, 'lanes': ''}}, {'distance_m': 121.726, 'signs': [], 'intersection_type': 'turning_circle', 'intersection_lanes': '', 'max_speed': '', 'access': '', 'crossing': '', 'railway': '', 'barrier': '', 'road_type': {'road_type': 'service', 'max_speed': '', 'access': '', 'distance_m': 10.691, 'lanes': ''}}]",0,0,0,0,0,0,0,0,0,0,0,0,0,0,0,0,0,0,0,0,0,0,0,0,0
1068823853,2024-07-01 10:18:03,2024-07-01 10:45:23.001000,1640.001,1,0.0106051977596694,2024-07-01 10:46:52,2024-07-01 11:05:52,424,0,0,424420,0,0,restaurant - 4.846m; wine - 13.007m; hairdresser - 18.639m; restaurant - 24.18m; restaurant - 27.685m; wine - 52.522m; vacant - 55.471m; gallery - 55.918m; hairdresser - 58.031m; clothes - 59.517m; wine - 62.886m; restaurant - 62.997m; restaurant - 63.59m; hairdresser - 69.06m; restaurant - 76.374m; restaurant - 76.962m; hairdresser - 80.821m; fitness_centre - 81.805m; public_bookcase - 82.38m; restaurant - 90.033m; bar - 92.181m; second_hand - 94.381m; dry_cleaning - 95.564m; beauty - 100.991m; hairdresser - 109.946m; gift - 113.599m; confectionery - 118.123m; hairdresser - 120.594m; hairdresser - 122.83m; bank - 130.053m; picnic_table - 134.229m; picnic_table - 136.948m; restaurant - 137.387m; picnic_table - 140.199m; cafe - 143.34m; hairdresser - 145.399m,"[{'road_type': 'footway', 'max_speed': '', 'access': '', 'distance_m': 36.965, 'lanes': ''}]","[{'distance_m': 56.766, 'signs': [], 'intersection_type': '', 'intersection_lanes': '', 'max_speed': '', 'access': '', 'crossing': '', 'railway': '', 'barrier': '', 'road_type': {'road_type': 'secondary', 'max_speed': '25 mph', 'access': '', 'distance_m': 38.384, 'lanes': '2'}}, {'distance_m': 59.194, 'signs': [], 'intersection_type': '', 'intersection_lanes': '', 'max_speed': '', 'access': '', 'crossing': '', 'railway': '', 'barrier': '', 'road_type': {'road_type': 'footway', 'max_speed': '', 'access': '', 'distance_m': 36.965, 'lanes': ''}}, {'distance_m': 67.323, 'signs': [], 'intersection_type': '', 'intersection_lanes': '', 'max_speed': '', 'access': '', 'crossing': '', 'railway': '', 'barrier': '', 'road_type': {'road_type': 'footway', 'max_speed': '', 'access': '', 'distance_m': 36.965, 'lanes': ''}}, {'distance_m': 68.72, 'signs': [], 'intersection_type': '', 'intersection_lanes': '', 'max_speed': '', 'access': '', 'crossing': '', 'railway': '', 'barrier': '', 'road_type': {'road_type': 'residential', 'max_speed': '', 'access': '', 'distance_m': 38.384, 'lanes': '2'}}, {'distance_m': 78.181, 'signs': [], 'intersection_type': '', 'intersection_lanes': '', 'max_speed': '', 'access': '', 'crossing': '', 'railway': '', 'barrier': '', 'road_type': {'road_type': 'residential', 'max_speed': '', 'access': '', 'distance_m': 38.384, 'lanes': '2'}}, {'distance_m': 86.075, 'signs': [], 'intersection_type': '', 'intersection_lanes': '', 'max_speed': '', 'access': '', 'crossing': '', 'railway': '', 'barrier': '', 'road_type': {'road_type': 'footway', 'max_speed': '', 'access': '', 'distance_m': 38.384, 'lanes': ''}}, {'distance_m': 90.523, 'signs': [], 'intersection_type': '', 'intersection_lanes': '', 'max_speed': '', 'access': '', 'crossing': '', 'railway': '', 'barrier': '', 'road_type': {'road_type': 'residential', 'max_speed': '', 'access': '', 'distance_m': 38.384, 'lanes': '2'}}, {'distance_m': 104.797, 'signs': [], 'intersection_type': '', 'intersection_lanes': '', 'max_speed': '', 'access': '', 'crossing': '', 'railway': '', 'barrier': '', 'road_type': {'road_type': 'service', 'max_speed': '', 'access': '', 'distance_m': 36.965, 'lanes': ''}}, {'distance_m': 124.635, 'signs': [], 'intersection_type': '', 'intersection_lanes': '', 'max_speed': '', 'access': '', 'crossing': '', 'railway': '', 'barrier': '', 'road_type': {'road_type': 'service', 'max_speed': '', 'access': '', 'distance_m': 38.384, 'lanes': ''}}, {'distance_m': 127.55, 'signs': [], 'intersection_type': '', 'intersection_lanes': '', 'max_speed': '', 'access': '', 'crossing': '', 'railway': '', 'barrier': '', 'road_type': {'road_type': 'service', 'max_speed': '', 'access': '', 'distance_m': 38.384, 'lanes': ''}}]",0,0,0,0,4,0,1,0,1,0,0,1,0,9,0,0,1,0,0,11,7,1,0,0,36
1068823853,2024-07-01 10:53:20,2024-07-01 11:05:23,723.0,1,0.0193392536123302,2024-07-01 11:25:07,2024-07-01 11:34:57,424,0,0,424420,0,0,cafe - 46.863m; restaurant - 108.357m; stop_position - 133.694m; platform - 137.636m; beauty - 140.304m,"[{'road_type': 'service', 'max_speed': '', 'access': '', 'distance_m': 10.345, 'lanes': ''}]","[{'distance_m': 68.553, 'signs': [], 'intersection_type': '', 'intersection_lanes': '', 'max_speed': '', 'access': '', 'crossing': '', 'railway': '', 'barrier': '', 'road_type': {'road_type': 'primary', 'max_speed': '40 mph', 'access': '', 'distance_m': 10.345, 'lanes': '2'}}, {'distance_m': 85.401, 'signs': [], 'intersection_type': '', 'intersection_lanes': '', 'max_speed': '', 'access': '', 'crossing': '', 'railway': '', 'barrier': '', 'road_type': {'road_type': 'residential', 'max_speed': '', 'access': '', 'distance_m': 31.899, 'lanes': ''}}, {'distance_m': 101.622, 'signs': [], 'intersection_type': '', 'intersection_lanes': '', 'max_speed': '', 'access': '', 'crossing': '', 'railway': '', 'barrier': '', 'road_type': {'road_type': 'primary', 'max_speed': '40 mph', 'access': '', 'distance_m': 10.345, 'lanes': '3'}}, {'distance_m': 102.328, 'signs': [], 'intersection_type': '', 'intersection_lanes': '', 'max_speed': '', 'access': '', 'crossing': '', 'railway': '', 'barrier': '', 'road_type': {'road_type': 'residential', 'max_speed': '', 'access': '', 'distance_m': 31.899, 'lanes': ''}}, {'distance_m': 108.996, 'signs': [], 'intersection_type': '', 'intersection_lanes': '', 'max_speed': '', 'access': '', 'crossing': '', 'railway': '', 'barrier': '', 'road_type': {'road_type': 'primary', 'max_speed': '40 mph', 'access': '', 'distance_m': 10.345, 'lanes': '3'}}, {'distance_m': 150.008, 'signs': [], 'intersection_type': '', 'intersection_lanes': '', 'max_speed': '', 'access': '', 'crossing': '', 'railway': '', 'barrier': '', 'road_type': {'road_type': 'service', 'max_speed': '', 'access': '', 'distance_m': 10.345, 'lanes': ''}}]",0,0,0,0,0,0,0,0,0,0,0,0,0,1,0,0,0,0,0,2,0,0,2,0,5
1068823853,2024-07-01 11:06:21,2024-07-01 11:10:18,237.0,1,0.0772685896621395,2024-07-01 11:25:07,2024-07-01 11:34:57,424,0,0,424420,0,0,cafe - 49.095m; stop_position - 49.833m; platform - 56.813m; childcare - 58.835m; dentist - 147.803m; restaurant - 147.992m,"[{'road_type': 'service', 'max_speed': '', 'access': '', 'distance_m': 7.841, 'lanes': ''}]","[{'distance_m': 58.059, 'signs': [], 'intersection_type': '', 'intersection_lanes': '', 'max_speed': '', 'access': '', 'crossing': '', 'railway': '', 'barrier': '', 'road_type': {'road_type': 'primary', 'max_speed': '40 mph', 'access': '', 'distance_m': 7.841, 'lanes': '2'}}, {'distance_m': 71.436, 'signs': [], 'intersection_type': '', 'intersection_lanes': '', 'max_speed': '', 'access': '', 'crossing': '', 'railway': '', 'barrier': '', 'road_type': {'road_type': 'service', 'max_speed': '', 'access': '', 'distance_m': 7.841, 'lanes': ''}}, {'distance_m': 87.422, 'signs': [], 'intersection_type': '', 'intersection_lanes': '', 'max_speed': '', 'access': '', 'crossing': '', 'railway': '', 'barrier': '', 'road_type': {'road_type': 'footway', 'max_speed': '', 'access': '', 'distance_m': 7.841, 'lanes': ''}}, {'distance_m': 103.217, 'signs': ['traffic_signals'], 'intersection_type': 'traffic_signals', 'intersection_lanes': '', 'max_speed': '', 'access': '', 'crossing': '', 'railway': '', 'barrier': '', 'road_type': {'road_type': 'primary', 'max_speed': '40 mph', 'access': '', 'distance_m': 7.841, 'lanes': '6'}}, {'distance_m': 105.428, 'signs': ['traffic_signals'], 'intersection_type': 'traffic_signals', 'intersection_lanes': '', 'max_speed': '', 'access': '', 'crossing': '', 'railway': '', 'barrier': '', 'road_type': {'road_type': 'secondary', 'max_speed': '35 mph', 'access': '', 'distance_m': 7.841, 'lanes': '4'}}, {'distance_m': 108.812, 'signs': [], 'intersection_type': '', 'intersection_lanes': '', 'max_speed': '', 'access': '', 'crossing': '', 'railway': '', 'barrier': '', 'road_type': {'road_type': 'primary', 'max_speed': '40 mph', 'access': '', 'distance_m': 7.841, 'lanes': '4'}}, {'distance_m': 117.273, 'signs': [], 'intersection_type': '', 'intersection_lanes': '', 'max_speed': '', 'access': '', 'crossing': '', 'railway': '', 'barrier': '', 'road_type': {'road_type': 'secondary', 'max_speed': '35 mph', 'access': '', 'distance_m': 7.841, 'lanes': '4'}}, {'distance_m': 122.274, 'signs': [], 'intersection_type': '', 'intersection_lanes': '', 'max_speed': '', 'access': '', 'crossing': '', 'railway': '', 'barrier': '', 'road_type': {'road_type': 'secondary', 'max_speed': '35 mph', 'access': '', 'distance_m': 7.841, 'lanes': '5'}}, {'distance_m': 122.79, 'signs': [], 'intersection_type': '', 'intersection_lanes': '', 'max_speed': '', 'access': '', 'crossing': '', 'railway': '', 'barrier': '', 'road_type': {'road_type': 'footway', 'max_speed': '', 'access': '', 'distance_m': 7.841, 'lanes': ''}}, {'distance_m': 129.63, 'signs': [], 'intersection_type': '', 'intersection_lanes': '', 'max_speed': '', 'access': '', 'crossing': '', 'railway': '', 'barrier': '', 'road_type': {'road_type': 'primary', 'max_speed': '40 mph', 'access': '', 'distance_m': 7.841, 'lanes': '5'}}]",0,0,1,0,0,0,0,0,0,1,0,0,0,0,0,0,0,0,0,2,0,0,2,0,6
1068823853,2024-07-01 11:12:44,2024-07-01 11:27:23,879.0,1,0.0510109685075123,2024-07-01 11:47:56,2024-07-01 11:58:21,424,0,0,424420,0,0,food - 52.071m; restaurant - 52.37m; fitness_centre - 52.89m; fast_food - 53.857m; music_school - 63.442m; prep_school - 66.356m; dentist - 73.752m; supermarket - 86.733m; restaurant - 92.89m; hairdresser - 114.397m; dentist - 123.573m; dentist - 123.642m; dentist - 124.167m; dentist - 133.844m; dentist - 134.293m; dentist - 134.91m,"[{'road_type': 'service', 'max_speed': '', 'access': 'private', 'distance_m': 28.947, 'lanes': ''}]","[{'distance_m': 131.178, 'signs': [], 'intersection_type': '', 'intersection_lanes': '', 'max_speed': '', 'access': '', 'crossing': '', 'railway': '', 'barrier': '', 'road_type': {'road_type': 'service', 'max_speed': '', 'access': '', 'distance_m': 28.434, 'lanes': ''}}, {'distance_m': 137.242, 'signs': [], 'intersection_type': '', 'intersection_lanes': '', 'max_speed': '', 'access': '', 'crossing': '', 'railway': '', 'barrier': '', 'road_type': {'road_type': 'primary', 'max_speed': '40 mph', 'access': '', 'distance_m': 28.434, 'lanes': '3'}}, {'distance_m': 157.835, 'signs': [], 'intersection_type': '', 'intersection_lanes': '', 'max_speed': '', 'access': '', 'crossing': '', 'railway': '', 'barrier': '', 'road_type': {'road_type': 'service', 'max_speed': '', 'access': '', 'distance_m': 28.434, 'lanes': ''}}]",0,0,2,0,1,0,0,0,0,7,0,0,0,1,0,0,0,0,0,4,1,0,0,0,16
1068823853,2024-07-01 11:28:54,2024-07-01 11:37:24,510.0,1,0.1077170775692584,2024-07-01 11:47:56,2024-07-01 11:58:21,424,0,0,424420,0,0,supermarket - 16.351m; hairdresser - 32.896m; prep_school - 56.235m; music_school - 60.337m; fast_food - 78.688m; fitness_centre - 93.728m; restaurant - 103.457m; food - 105.839m; platform - 108.106m; stop_position - 115.869m,"[{'road_type': 'service', 'max_speed': '', 'access': '', 'distance_m': 12.22, 'lanes': ''}]","[{'distance_m': 81.966, 'signs': [], 'intersection_type': '', 'intersection_lanes': '', 'max_speed': '', 'access': '', 'crossing': '', 'railway': '', 'barrier': '', 'road_type': {'road_type': 'service', 'max_speed': '', 'access': '', 'distance_m': 22.76, 'lanes': ''}}, {'distance_m': 88.848, 'signs': [], 'intersection_type': '', 'intersection_lanes': '', 'max_speed': '', 'access': '', 'crossing': '', 'railway': '', 'barrier': '', 'road_type': {'road_type': 'service', 'max_speed': '', 'access': '', 'distance_m': 22.76, 'lanes': ''}}, {'distance_m': 94.201, 'signs': [], 'intersection_type': '', 'intersection_lanes': '', 'max_speed': '', 'access': '', 'crossing': '', 'railway': '', 'barrier': '', 'road_type': {'road_type': 'service', 'max_speed': '', 'access': '', 'distance_m': 22.76, 'lanes': ''}}, {'distance_m': 109.685, 'signs': [], 'intersection_type': '', 'intersection_lanes': '', 'max_speed': '', 'access': '', 'crossing': '', 'railway': '', 'barrier': '', 'road_type': {'road_type': 'primary', 'max_speed': '40 mph', 'access': '', 'distance_m': 22.76, 'lanes': '3'}}, {'distance_m': 137.568, 'signs': [], 'intersection_type': '', 'intersection_lanes': '', 'max_speed': '', 'access': '', 'crossing': '', 'railway': '', 'barrier': '', 'road_type': {'road_type': 'primary', 'max_speed': '40 mph', 'access': '', 'distance_m': 22.76, 'lanes': '3'}}]",0,0,2,0,1,0,0,0,0,0,0,0,0,1,0,0,0,0,0,3,1,0,2,0,10
1068823853,2024-07-01 11:40:55,2024-07-01 11:45:24,269.0,1,0.0200752003922404,2024-07-01 12:27:23,2024-07-01 12:33:57,424,0,0,424420,0,0,fishing - 55.521m; platform - 62.889m; supermarket - 65.689m; stop_position - 68.205m; stop_position - 72.215m; platform - 78.158m; beauty - 91.729m; cafe - 92.339m; kitchen - 108.667m; ice_cream - 109.679m; bank - 111.371m; restaurant - 116.68m; vacant - 120.671m; dry_cleaning - 125.212m; cafe - 126.852m; optician - 130.521m; beauty - 134.03m; bathroom_furnishing - 134.071m; charity - 136.965m; restaurant - 139.458m; beauty - 141.899m,"[{'road_type': 'service', 'max_speed': '', 'access': '', 'distance_m': 0.903, 'lanes': ''}, {'road_type': 'service', 'max_speed': '', 'access': '', 'distance_m': 0.903, 'lanes': ''}]","[{'distance_m': 43.509, 'signs': [], 'intersection_type': '', 'intersection_lanes': '', 'max_speed': '', 'access': '', 'crossing': '', 'railway': '', 'barrier': '', 'road_type': {'road_type': 'service', 'max_speed': '', 'access': '', 'distance_m': 0.903, 'lanes': ''}}, {'distance_m': 52.958, 'signs': ['traffic_signals'], 'intersection_type': 'traffic_signals', 'intersection_lanes': '', 'max_speed': '', 'access': '', 'crossing': '', 'railway': '', 'barrier': '', 'road_type': {'road_type': 'primary', 'max_speed': '40 mph', 'access': '', 'distance_m': 0.903, 'lanes': '3'}}, {'distance_m': 53.886, 'signs': [], 'intersection_type': '', 'intersection_lanes': '', 'max_speed': '', 'access': '', 'crossing': '', 'railway': '', 'barrier': '', 'road_type': {'road_type': 'service', 'max_speed': '', 'access': '', 'distance_m': 0.903, 'lanes': ''}}, {'distance_m': 72.255, 'signs': [], 'intersection_type': '', 'intersection_lanes': '', 'max_speed': '', 'access': '', 'crossing': '', 'railway': '', 'barrier': '', 'road_type': {'road_type': 'service', 'max_speed': '', 'access': '', 'distance_m': 0.903, 'lanes': ''}}, {'distance_m': 73.965, 'signs': [], 'intersection_type': '', 'intersection_lanes': '', 'max_speed': '', 'access': '', 'crossing': '', 'railway': '', 'barrier': '', 'road_type': {'road_type': 'primary_link', 'max_speed': '', 'access': '', 'distance_m': 0.903, 'lanes': ''}}, {'distance_m': 81.572, 'signs': [], 'intersection_type': '', 'intersection_lanes': '', 'max_speed': '', 'access': '', 'crossing': '', 'railway': '', 'barrier': '', 'road_type': {'road_type': 'primary', 'max_speed': '40 mph', 'access': '', 'distance_m': 0.903, 'lanes': '3'}}, {'distance_m': 93.728, 'signs': [], 'intersection_type': '', 'intersection_lanes': '', 'max_speed': '', 'access': '', 'crossing': '', 'railway': '', 'barrier': '', 'road_type': {'road_type': 'primary', 'max_speed': '40 mph', 'access': '', 'distance_m': 0.903, 'lanes': '3'}}, {'distance_m': 94.866, 'signs': [], 'intersection_type': '', 'intersection_lanes': '', 'max_speed': '', 'access': '', 'crossing': '', 'railway': '', 'barrier': '', 'road_type': {'road_type': 'footway', 'max_speed': '', 'access': '', 'distance_m': 0.903, 'lanes': ''}}, {'distance_m': 120.726, 'signs': [], 'intersection_type': '', 'intersection_lanes': '', 'max_speed': '', 'access': '', 'crossing': '', 'railway': '', 'barrier': '', 'road_type': {'road_type': 'service', 'max_speed': '', 'access': '', 'distance_m': 0.903, 'lanes': ''}}, {'distance_m': 143.53, 'signs': [], 'intersection_type': '', 'intersection_lanes': '', 'max_speed': '', 'access': '', 'crossing': '', 'railway': '', 'barrier': '', 'road_type': {'road_type': 'service', 'max_speed': '', 'access': '', 'distance_m': 0.903, 'lanes': ''}}]",0,0,0,0,1,0,1,0,1,1,0,2,0,3,0,0,2,0,0,5,1,0,4,0,21
1068823853,2024-07-01 11:47:22,2024-07-01 11:51:24,242.0,1,0.0702947876890479,2024-07-01 12:36:05,2024-07-01 12:42:49,424,0,0,424420,0,0,beauty - 24.094m; post_office - 41.186m; stationery - 64.803m; school - 64.95m; school - 66.366m; stationery - 67.941m; fast_food - 72.226m; restaurant - 72.849m; dance - 75.828m; hairdresser - 77.26m; dentist - 85.669m; hairdresser - 92.13m; stop_position - 96.311m; platform - 98.125m; stop_position - 103.143m; platform - 103.849m; restaurant - 126.893m,"[{'road_type': 'service', 'max_speed': '', 'access': '', 'distance_m': 28.385, 'lanes': ''}]","[{'distance_m': 121.922, 'signs': [], 'intersection_type': '', 'intersection_lanes': '', 'max_speed': '', 'access': '', 'crossing': '', 'railway': '', 'barrier': '', 'road_type': {'road_type': 'primary', 'max_speed': '40 mph', 'access': '', 'distance_m': 5.421, 'lanes': '4'}}, {'distance_m': 130.312, 'signs': [], 'intersection_type': '', 'intersection_lanes': '', 'max_speed': '', 'access': '', 'crossing': '', 'railway': '', 'barrier': '', 'road_type': {'road_type': 'primary', 'max_speed': '40 mph', 'access': '', 'distance_m': 5.421, 'lanes': '3'}}, {'distance_m': 131.314, 'signs': [], 'intersection_type': '', 'intersection_lanes': '', 'max_speed': '', 'access': '', 'crossing': '', 'railway': '', 'barrier': '', 'road_type': {'road_type': 'footway', 'max_speed': '', 'access': '', 'distance_m': 5.421, 'lanes': ''}}]",0,0,3,0,0,0,0,0,0,1,0,0,0,3,0,1,0,0,0,3,2,0,4,0,17
1068823853,2024-07-01 11:53:22,2024-07-01 12:07:25,843.0,1,0.0132456268142291,2024-07-01 12:53:55,2024-07-01 13:12:07,424,0,0,424420,0,0,bicycle_parking - 20.789m; platform - 83.769m; stop_position - 87.918m; swimming_pool - 110.412m; prep_school - 124.739m; dentist - 127.275m; dentist - 129.755m; dance - 137.389m; optician - 145.28m; tailor - 145.727m,"[{'road_type': 'service', 'max_speed': '', 'access': '', 'distance_m': 1.301, 'lanes': ''}, {'road_type': 'service', 'max_speed': '', 'access': '', 'distance_m': 1.301, 'lanes': ''}]","[{'distance_m': 71.002, 'signs': [], 'intersection_type': '', 'intersection_lanes': '', 'max_speed': '', 'access': '', 'crossing': '', 'railway': '', 'barrier': '', 'road_type': {'road_type': 'primary_link', 'max_speed': '', 'access': '', 'distance_m': 1.301, 'lanes': ''}}, {'distance_m': 74.293, 'signs': [], 'intersection_type': '', 'intersection_lanes': '', 'max_speed': '', 'access': '', 'crossing': '', 'railway': '', 'barrier': '', 'road_type': {'road_type': 'primary_link', 'max_speed': '', 'access': '', 'distance_m': 1.301, 'lanes': ''}}, {'distance_m': 81.095, 'signs': [], 'intersection_type': '', 'intersection_lanes': '', 'max_speed': '', 'access': '', 'crossing': '', 'railway': '', 'barrier': '', 'road_type': {'road_type': 'primary_link', 'max_speed': '', 'access': '', 'distance_m': 1.301, 'lanes': ''}}, {'distance_m': 101.25, 'signs': [], 'intersection_type': '', 'intersection_lanes': '', 'max_speed': '', 'access': '', 'crossing': '', 'railway': '', 'barrier': '', 'road_type': {'road_type': 'primary_link', 'max_speed': '', 'access': '', 'distance_m': 1.301, 'lanes': ''}}, {'distance_m': 138.09, 'signs': [], 'intersection_type': '', 'intersection_lanes': '', 'max_speed': '', 'access': '', 'crossing': '', 'railway': '', 'barrier': '', 'road_type': {'road_type': 'primary', 'max_speed': '40 mph', 'access': '', 'distance_m': 1.301, 'lanes': '3'}}]",0,0,2,0,1,0,0,0,0,3,0,0,1,0,0,0,1,0,0,0,0,0,2,0,10
1068823853,2024-07-01 12:09:23,2024-07-01 12:17:25,482.0,1,0.1215889047021912,2024-07-01 12:36:05,2024-07-01 12:42:49,424,0,0,424420,0,0,restaurant - 22.497m; platform - 49.342m; stop_position - 57.601m; stop_position - 83.039m; beauty - 87.212m; platform - 90.139m; beauty - 99.971m; hairdresser - 103.528m; fast_food - 103.786m; dentist - 105.634m; dance - 112.625m; beauty - 121.142m; restaurant - 124.738m; tailor - 126.314m; optician - 129.518m; post_office - 134.48m; restaurant - 135.294m; dance - 137.359m; school - 141.49m; dentist - 144.928m; school - 147.558m,"[{'road_type': 'service', 'max_speed': '', 'access': '', 'distance_m': 3.574, 'lanes': ''}]","[{'distance_m': 74.036, 'signs': [], 'intersection_type': '', 'intersection_lanes': '', 'max_speed': '', 'access': '', 'crossing': '', 'railway': '', 'barrier': '', 'road_type': {'road_type': 'footway', 'max_speed': '', 'access': '', 'distance_m': 3.574, 'lanes': ''}}, {'distance_m': 86.672, 'signs': [], 'intersection_type': '', 'intersection_lanes': '', 'max_speed': '', 'access': '', 'crossing': '', 'railway': '', 'barrier': '', 'road_type': {'road_type': 'primary', 'max_speed': '40 mph', 'access': '', 'distance_m': 3.574, 'lanes': '3'}}, {'distance_m': 97.498, 'signs': [], 'intersection_type': '', 'intersection_lanes': '', 'max_speed': '', 'access': '', 'crossing': '', 'railway': '', 'barrier': '', 'road_type': {'road_type': 'primary', 'max_speed': '40 mph', 'access': '', 'distance_m': 3.574, 'lanes': '4'}}, {'distance_m': 139.185, 'signs': [], 'intersection_type': '', 'intersection_lanes': '', 'max_speed': '', 'access': '', 'crossing': '', 'railway': '', 'barrier': '', 'road_type': {'road_type': 'residential', 'max_speed': '', 'access': '', 'distance_m': 3.574, 'lanes': ''}}, {'distance_m': 142.08, 'signs': [], 'intersection_type': '', 'intersection_lanes': '', 'max_speed': '', 'access': '', 'crossing': '', 'railway': '', 'barrier': '', 'road_type': {'road_type': 'footway', 'max_speed': '', 'access': '', 'distance_m': 3.574, 'lanes': ''}}, {'distance_m': 200.888, 'signs': [], 'intersection_type': '', 'intersection_lanes': '', 'max_speed': '', 'access': '', 'crossing': '', 'railway': '', 'barrier': '', 'road_type': {'road_type': 'service', 'max_speed': '', 'access': '', 'distance_m': 3.574, 'lanes': ''}}]",0,0,4,0,0,0,0,0,0,3,0,0,0,4,0,1,1,0,0,4,0,0,4,0,21
1068823853,2024-07-01 12:19:23,2024-07-01 12:23:25,242.0,1,0.0731726289221426,2024-07-01 12:36:05,2024-07-01 12:42:49,424,0,0,424420,0,0,restaurant - 14.985m; restaurant - 75.672m; school - 90.822m; restaurant - 107.093m; cafe - 121.131m; stationery - 123.521m; beauty - 123.564m; stationery - 125.719m; beauty - 131.921m; bathroom_furnishing - 134.967m; platform - 139.146m; stop_position - 140.533m; hairdresser - 141.237m; charity - 146.017m,"[{'road_type': 'service', 'max_speed': '', 'access': '', 'distance_m': 14.011, 'lanes': ''}]","[{'distance_m': 58.766, 'signs': [], 'intersection_type': '', 'intersection_lanes': '', 'max_speed': '', 'access': '', 'crossing': '', 'railway': '', 'barrier': '', 'road_type': {'road_type': 'primary', 'max_speed': '40 mph', 'access': '', 'distance_m': 14.011, 'lanes': '4'}}, {'distance_m': 67.257, 'signs': [], 'intersection_type': '', 'intersection_lanes': '', 'max_speed': '', 'access': '', 'crossing': '', 'railway': '', 'barrier': '', 'road_type': {'road_type': 'primary', 'max_speed': '40 mph', 'access': '', 'distance_m': 14.011, 'lanes': '4'}}, {'distance_m': 143.13, 'signs': [], 'intersection_type': '', 'intersection_lanes': '', 'max_speed': '', 'access': '', 'crossing': '', 'railway': '', 'barrier': '', 'road_type': {'road_type': 'service', 'max_speed': '', 'access': '', 'distance_m': 14.011, 'lanes': ''}}]",0,0,1,0,0,0,0,0,1,0,0,0,0,3,0,0,1,0,0,4,2,0,2,0,14
1068823853,2024-07-01 12:24:51,2024-07-01 12:40:21,930.0,1,0.1650720018314408,2024-07-01 12:27:23,2024-07-01 12:33:57,424,0,0,424420,0,0,beauty - 32.338m; beauty - 44.843m; vacant - 61.855m; dry_cleaning - 62.909m; ice_cream - 64.89m; bank - 65.715m; charity - 68.569m; restaurant - 105.434m; optician - 108.905m; stop_position - 112.973m; cafe - 116.42m; platform - 120.307m; restaurant - 120.976m; platform - 124.144m; cafe - 127.815m; stop_position - 128.468m,"[{'road_type': 'service', 'max_speed': '', 'access': '', 'distance_m': 5.332, 'lanes': ''}]","[{'distance_m': 99.596, 'signs': [], 'intersection_type': '', 'intersection_lanes': '', 'max_speed': '', 'access': '', 'crossing': '', 'railway': '', 'barrier': '', 'road_type': {'road_type': 'primary_link', 'max_speed': '', 'access': '', 'distance_m': 5.332, 'lanes': ''}}, {'distance_m': 120.509, 'signs': ['traffic_signals'], 'intersection_type': 'traffic_signals', 'intersection_lanes': '', 'max_speed': '', 'access': '', 'crossing': '', 'railway': '', 'barrier': '', 'road_type': {'road_type': 'primary', 'max_speed': '40 mph', 'access': '', 'distance_m': 5.332, 'lanes': '3'}}, {'distance_m': 145.237, 'signs': [], 'intersection_type': '', 'intersection_lanes': '', 'max_speed': '', 'access': '', 'crossing': '', 'railway': '', 'barrier': '', 'road_type': {'road_type': 'footway', 'max_speed': '', 'access': '', 'distance_m': 5.332, 'lanes': ''}}, {'distance_m': 146.568, 'signs': [], 'intersection_type': '', 'intersection_lanes': '', 'max_speed': '', 'access': '', 'crossing': '', 'railway': '', 'barrier': '', 'road_type': {'road_type': 'service', 'max_speed': '', 'access': '', 'distance_m': 5.332, 'lanes': ''}}]",0,0,0,0,0,0,1,0,1,1,0,1,0,2,0,0,1,0,0,5,0,0,4,0,16
1068823853,2024-07-01 12:41:24,2024-07-01 13:16:31,2107.0,1,0.1302690080302404,2024-07-01 12:27:23,2024-07-01 12:33:57,424,0,0,424420,0,0,restaurant - 21.768m; optician - 28.378m; cafe - 36.646m; restaurant - 45.349m; beauty - 52.658m; beauty - 53.063m; bank - 57.3m; cafe - 64.115m; platform - 71.488m; stop_position - 77.689m; ice_cream - 83.396m; dentist - 91.929m; dentist - 98.839m; vacant - 98.947m; dry_cleaning - 105.912m; dentist - 112.426m; stop_position - 116.593m; charity - 122.316m; platform - 122.626m; beauty - 133.495m; tobacco - 143.003m,"[{'road_type': 'service', 'max_speed': '', 'access': '', 'distance_m': 6.667, 'lanes': ''}, {'road_type': 'service', 'max_speed': '', 'access': '', 'distance_m': 6.667, 'lanes': ''}]","[{'distance_m': 76.648, 'signs': [], 'intersection_type': '', 'intersection_lanes': '', 'max_speed': '', 'access': '', 'crossing': '', 'railway': '', 'barrier': '', 'road_type': {'road_type': 'footway', 'max_speed': '', 'access': '', 'distance_m': 6.667, 'lanes': ''}}, {'distance_m': 89.729, 'signs': [], 'intersection_type': '', 'intersection_lanes': '', 'max_speed': '', 'access': '', 'crossing': '', 'railway': '', 'barrier': '', 'road_type': {'road_type': 'primary', 'max_speed': '40 mph', 'access': '', 'distance_m': 6.667, 'lanes': '3'}}, {'distance_m': 92.483, 'signs': [], 'intersection_type': '', 'intersection_lanes': '', 'max_speed': '', 'access': '', 'crossing': '', 'railway': '', 'barrier': '', 'road_type': {'road_type': 'primary_link', 'max_speed': '', 'access': '', 'distance_m': 6.667, 'lanes': ''}}, {'distance_m': 92.762, 'signs': [], 'intersection_type': '', 'intersection_lanes': '', 'max_speed': '', 'access': '', 'crossing': '', 'railway': '', 'barrier': '', 'road_type': {'road_type': 'footway', 'max_speed': '', 'access': '', 'distance_m': 6.667, 'lanes': ''}}, {'distance_m': 102.758, 'signs': ['traffic_signals'], 'intersection_type': 'traffic_signals', 'intersection_lanes': '', 'max_speed': '', 'access': '', 'crossing': '', 'railway': '', 'barrier': '', 'road_type': {'road_type': 'primary', 'max_speed': '40 mph', 'access': '', 'distance_m': 6.667, 'lanes': '3'}}, {'distance_m': 104.491, 'signs': [], 'intersection_type': '', 'intersection_lanes': '', 'max_speed': '', 'access': '', 'crossing': '', 'railway': '', 'barrier': '', 'road_type': {'road_type': 'primary', 'max_speed': '40 mph', 'access': '', 'distance_m': 6.667, 'lanes': '3'}}, {'distance_m': 117.977, 'signs': [], 'intersection_type': '', 'intersection_lanes': '', 'max_speed': '', 'access': '', 'crossing': '', 'railway': '', 'barrier': '', 'road_type': {'road_type': 'service', 'max_speed': '', 'access': '', 'distance_m': 6.667, 'lanes': ''}}, {'distance_m': 119.36, 'signs': [], 'intersection_type': '', 'intersection_lanes': '', 'max_speed': '', 'access': '', 'crossing': '', 'railway': '', 'barrier': '', 'road_type': {'road_type': 'service', 'max_speed': '', 'access': '', 'distance_m': 6.667, 'lanes': ''}}, {'distance_m': 123.698, 'signs': [], 'intersection_type': '', 'intersection_lanes': '', 'max_speed': '', 'access': '', 'crossing': '', 'railway': '', 'barrier': '', 'road_type': {'road_type': 'residential', 'max_speed': '', 'access': '', 'distance_m': 6.667, 'lanes': ''}}, {'distance_m': 125.288, 'signs': [], 'intersection_type': '', 'intersection_lanes': '', 'max_speed': '', 'access': '', 'crossing': '', 'railway': '', 'barrier': '', 'road_type': {'road_type': 'footway', 'max_speed': '', 'access': '', 'distance_m': 6.667, 'lanes': ''}}]",0,0,0,0,0,0,1,0,1,4,0,1,0,3,0,0,1,0,0,5,1,0,4,0,21
1068823853,2024-07-01 13:18:20,2024-07-01 13:23:19.001000,299.001,1,0.1052548992789989,2024-07-01 14:05:42,2024-07-01 14:15:12,424,0,0,424420,0,0,cafe - 28.928m; tobacco - 38.919m; beauty - 48.803m; dentist - 63.639m; dentist - 77.488m; dentist - 84.883m; convenience - 136.935m; prep_school - 137.13m; restaurant - 147.879m; cafe - 147.988m,"[{'road_type': 'service', 'max_speed': '', 'access': '', 'distance_m': 15.603, 'lanes': ''}]","[{'distance_m': 50.858, 'signs': [], 'intersection_type': '', 'intersection_lanes': '', 'max_speed': '', 'access': '', 'crossing': '', 'railway': '', 'barrier': '', 'road_type': {'road_type': 'footway', 'max_speed': '', 'access': '', 'distance_m': 15.603, 'lanes': ''}}, {'distance_m': 61.633, 'signs': [], 'intersection_type': '', 'intersection_lanes': '', 'max_speed': '', 'access': '', 'crossing': '', 'railway': '', 'barrier': '', 'road_type': {'road_type': 'service', 'max_speed': '', 'access': '', 'distance_m': 22.667, 'lanes': ''}}, {'distance_m': 74.069, 'signs': [], 'intersection_type': '', 'intersection_lanes': '', 'max_speed': '', 'access': '', 'crossing': '', 'railway': '', 'barrier': '', 'road_type': {'road_type': 'primary', 'max_speed': '40 mph', 'access': '', 'distance_m': 15.603, 'lanes': '4'}}, {'distance_m': 75.688, 'signs': [], 'intersection_type': '', 'intersection_lanes': '', 'max_speed': '', 'access': '', 'crossing': '', 'railway': '', 'barrier': '', 'road_type': {'road_type': 'residential', 'max_speed': '', 'access': '', 'distance_m': 15.603, 'lanes': ''}}, {'distance_m': 78.899, 'signs': [], 'intersection_type': '', 'intersection_lanes': '', 'max_speed': '', 'access': '', 'crossing': '', 'railway': '', 'barrier': '', 'road_type': {'road_type': 'footway', 'max_speed': '', 'access': '', 'distance_m': 22.667, 'lanes': ''}}, {'distance_m': 88.845, 'signs': [], 'intersection_type': '', 'intersection_lanes': '', 'max_speed': '', 'access': '', 'crossing': '', 'railway': '', 'barrier': '', 'road_type': {'road_type': 'footway', 'max_speed': '', 'access': '', 'distance_m': 15.603, 'lanes': ''}}, {'distance_m': 101.825, 'signs': ['traffic_signals'], 'intersection_type': 'traffic_signals', 'intersection_lanes': '', 'max_speed': '', 'access': '', 'crossing': '', 'railway': '', 'barrier': '', 'road_type': {'road_type': 'primary', 'max_speed': '40 mph', 'access': '', 'distance_m': 22.667, 'lanes': '3'}}, {'distance_m': 102.019, 'signs': [], 'intersection_type': '', 'intersection_lanes': '', 'max_speed': '', 'access': '', 'crossing': '', 'railway': '', 'barrier': '', 'road_type': {'road_type': 'footway', 'max_speed': '', 'access': '', 'distance_m': 15.603, 'lanes': ''}}, {'distance_m': 109.302, 'signs': [], 'intersection_type': '', 'intersection_lanes': '', 'max_speed': '', 'access': '', 'crossing': '', 'railway': '', 'barrier': '', 'road_type': {'road_type': 'service', 'max_speed': '', 'access': '', 'distance_m': 22.667, 'lanes': ''}}, {'distance_m': 110.142, 'signs': [], 'intersection_type': '', 'intersection_lanes': '', 'max_speed': '', 'access': '', 'crossing': '', 'railway': '', 'barrier': '', 'road_type': {'road_type': 'service', 'max_speed': '', 'access': '', 'distance_m': 22.667, 'lanes': ''}}]",0,0,1,0,0,0,0,0,0,3,0,0,0,1,0,0,0,0,0,3,2,0,0,0,10
1068823853,2024-07-01 13:47:09,2024-07-01 13:53:15,366.0,0,-1.0,,,424,0,0,424420,0,0,car_repair - 31.225m; bus_station - 31.622m; stop_position - 31.794m; convenience - 32.304m; platform - 35.589m; stop_position - 41.077m; convenience - 53.294m; stop_position - 57.205m; platform - 62.661m; florist - 63.38m; hairdresser - 65.039m; platform - 71.286m; bar - 71.358m; stop_position - 71.507m; stop_position - 73.267m; restaurant - 74.532m; platform - 75.716m; stop_position - 80.412m; restaurant - 91.996m; hairdresser - 94.563m; bar - 96.369m; fast_food - 105.779m; mobile_phone - 115.705m; convenience - 123.741m; vacant - 128.829m; supermarket - 137.909m; hairdresser - 148.623m,"[{'road_type': 'service', 'max_speed': '', 'access': 'customers', 'distance_m': 5.472, 'lanes': ''}]","[{'distance_m': 12.618, 'signs': [], 'intersection_type': '', 'intersection_lanes': '', 'max_speed': '', 'access': '', 'crossing': '', 'railway': '', 'barrier': '', 'road_type': {'road_type': 'footway', 'max_speed': '', 'access': '', 'distance_m': 7.314, 'lanes': ''}}, {'distance_m': 27.354, 'signs': ['traffic_signals'], 'intersection_type': 'traffic_signals', 'intersection_lanes': '', 'max_speed': '', 'access': '', 'crossing': '', 'railway': '', 'barrier': '', 'road_type': {'road_type': 'primary', 'max_speed': '', 'access': '', 'distance_m': 5.472, 'lanes': '2'}}, {'distance_m': 30.726, 'signs': ['traffic_signals'], 'intersection_type': 'traffic_signals', 'intersection_lanes': '', 'max_speed': '', 'access': '', 'crossing': '', 'railway': '', 'barrier': '', 'road_type': {'road_type': 'busway', 'max_speed': '', 'access': 'no', 'distance_m': 5.472, 'lanes': '2'}}, {'distance_m': 34.842, 'signs': [], 'intersection_type': '', 'intersection_lanes': '', 'max_speed': '', 'access': '', 'crossing': '', 'railway': '', 'barrier': '', 'road_type': {'road_type': 'footway', 'max_speed': '', 'access': '', 'distance_m': 9.915, 'lanes': ''}}, {'distance_m': 36.971, 'signs': ['traffic_signals'], 'intersection_type': 'traffic_signals', 'intersection_lanes': '', 'max_speed': '', 'access': '', 'crossing': '', 'railway': '', 'barrier': '', 'road_type': {'road_type': 'primary', 'max_speed': '', 'access': '', 'distance_m': 5.472, 'lanes': '3'}}, {'distance_m': 40.267, 'signs': [], 'intersection_type': '', 'intersection_lanes': '', 'max_speed': '', 'access': '', 'crossing': '', 'railway': '', 'barrier': '', 'road_type': {'road_type': 'service', 'max_speed': '', 'access': 'customers', 'distance_m': 7.314, 'lanes': ''}}, {'distance_m': 42.645, 'signs': [], 'intersection_type': '', 'intersection_lanes': '', 'max_speed': '', 'access': '', 'crossing': '', 'railway': '', 'barrier': '', 'road_type': {'road_type': 'footway', 'max_speed': '', 'access': '', 'distance_m': 7.314, 'lanes': ''}}, {'distance_m': 50.843, 'signs': [], 'intersection_type': '', 'intersection_lanes': '', 'max_speed': '', 'access': '', 'crossing': '', 'railway': '', 'barrier': '', 'road_type': {'road_type': 'footway', 'max_speed': '', 'access': '', 'distance_m': 7.314, 'lanes': ''}}, {'distance_m': 74.214, 'signs': [], 'intersection_type': '', 'intersection_lanes': '', 'max_speed': '', 'access': '', 'crossing': '', 'railway': '', 'barrier': '', 'road_type': {'road_type': 'service', 'max_speed': '', 'access': '', 'distance_m': 7.314, 'lanes': ''}}, {'distance_m': 109.782, 'signs': [], 'intersection_type': '', 'intersection_lanes': '', 'max_speed': '', 'access': '', 'crossing': '', 'railway': '', 'barrier': '', 'road_type': {'road_type': 'primary', 'max_speed': '', 'access': '', 'distance_m': 5.472, 'lanes': '3'}}]",0,1,0,0,0,0,0,0,0,0,0,1,0,3,0,0,0,0,0,5,6,0,11,0,27
1068823853,2024-07-01 13:57:15,2024-07-02 06:19:29,58934.0,0,-1.0,,,424,0,0,424420,0,0,clinic - 107.612m; social_facility - 133.869m,"[{'road_type': 'tertiary', 'max_speed': '', 'access': '', 'distance_m': 13.051, 'lanes': ''}, {'road_type': 'service', 'max_speed': '', 'access': '', 'distance_m': 13.051, 'lanes': ''}]","[{'distance_m': 121.196, 'signs': [], 'intersection_type': '', 'intersection_lanes': '', 'max_speed': '', 'access': '', 'crossing': '', 'railway': '', 'barrier': '', 'road_type': {'road_type': 'service', 'max_speed': '', 'access': 'private', 'distance_m': 13.051, 'lanes': ''}}, {'distance_m': 142.566, 'signs': [], 'intersection_type': '', 'intersection_lanes': '', 'max_speed': '', 'access': '', 'crossing': '', 'railway': '', 'barrier': '', 'road_type': {'road_type': 'service', 'max_speed': '', 'access': '', 'distance_m': 13.051, 'lanes': ''}}]",0,0,0,0,1,0,0,0,0,1,0,0,0,0,0,0,0,0,0,0,0,0,0,0,2
1068823853,2024-07-02 06:55:16,2024-07-02 07:20:43,1527.0,1,0.0879493328958449,2024-07-02 10:00:00,2024-07-02 10:01:00,424,0,0,424420,0,0,,"[{'road_type': 'service', 'max_speed': '', 'access': '', 'distance_m': 11.421, 'lanes': ''}]","[{'distance_m': 23.232, 'signs': [], 'intersection_type': '', 'intersection_lanes': '', 'max_speed': '', 'access': '', 'crossing': '', 'railway': '', 'barrier': '', 'road_type': {'road_type': 'service', 'max_speed': '', 'access': '', 'distance_m': 11.421, 'lanes': ''}}, {'distance_m': 120.577, 'signs': [], 'intersection_type': 'turning_circle', 'intersection_lanes': '', 'max_speed': '', 'access': '', 'crossing': '', 'railway': '', 'barrier': '', 'road_type': {'road_type': 'service', 'max_speed': '', 'access': '', 'distance_m': 11.421, 'lanes': ''}}]",0,0,0,0,0,0,0,0,0,0,0,0,0,0,0,0,0,0,0,0,0,0,0,0,0
1068823853,2024-07-02 07:21:44,2024-07-02 09:10:43,6539.0,1,0.0887685383624956,2024-07-02 10:00:00,2024-07-02 10:01:00,424,0,0,424420,0,0,,"[{'road_type': 'service', 'max_speed': '', 'access': '', 'distance_m': 8.098, 'lanes': ''}]","[{'distance_m': 20.614, 'signs': [], 'intersection_type': '', 'intersection_lanes': '', 'max_speed': '', 'access': '', 'crossing': '', 'railway': '', 'barrier': '', 'road_type': {'road_type': 'service', 'max_speed': '', 'access': '', 'distance_m': 8.098, 'lanes': ''}}, {'distance_m': 117.329, 'signs': [], 'intersection_type': 'turning_circle', 'intersection_lanes': '', 'max_speed': '', 'access': '', 'crossing': '', 'railway': '', 'barrier': '', 'road_type': {'road_type': 'service', 'max_speed': '', 'access': '', 'distance_m': 8.098, 'lanes': ''}}]",0,0,0,0,0,0,0,0,0,0,0,0,0,0,0,0,0,0,0,0,0,0,0,0,0
1068823853,2024-07-02 10:01:21,2024-07-02 10:06:38,317.0,1,0.1246859819205194,2024-07-02 10:39:58,2024-07-02 10:47:52,424,0,0,424420,0,0,cafe - 28.167m; car_rental - 34.955m; car_parts - 39.5m; parking_space - 41.889m; dojo - 46.804m; restaurant - 47.402m; parking_space - 50.69m; beauty - 56.37m; parking_space - 58.739m; dance - 65.306m; hairdresser_supply - 67.995m; restaurant - 74.622m; car_repair - 80.272m; florist - 82.697m; copyshop - 92.514m; swimming_pool - 98.527m; fast_food - 104.103m; platform - 114.253m; stop_position - 124.214m; parking_space - 133.941m; parking_space - 136.24m; parking_space - 138.618m; stop_position - 140.712m; platform - 149.467m,"[{'road_type': 'service', 'max_speed': '', 'access': '', 'distance_m': 6.459, 'lanes': ''}]","[{'distance_m': 30.51, 'signs': [], 'intersection_type': '', 'intersection_lanes': '', 'max_speed': '', 'access': '', 'crossing': '', 'railway': '', 'barrier': '', 'road_type': {'road_type': 'service', 'max_speed': '', 'access': '', 'distance_m': 6.459, 'lanes': ''}}, {'distance_m': 131.047, 'signs': [], 'intersection_type': '', 'intersection_lanes': '', 'max_speed': '', 'access': '', 'crossing': '', 'railway': '', 'barrier': '', 'road_type': {'road_type': 'service', 'max_speed': '', 'access': '', 'distance_m': 24.745, 'lanes': '2'}}, {'distance_m': 143.43, 'signs': [], 'intersection_type': '', 'intersection_lanes': '', 'max_speed': '', 'access': '', 'crossing': '', 'railway': '', 'barrier': '', 'road_type': {'road_type': 'primary', 'max_speed': '35 mph', 'access': '', 'distance_m': 6.459, 'lanes': '3'}}, {'distance_m': 148.108, 'signs': [], 'intersection_type': '', 'intersection_lanes': '', 'max_speed': '', 'access': '', 'crossing': '', 'railway': '', 'barrier': '', 'road_type': {'road_type': 'residential', 'max_speed': '25 mph', 'access': '', 'distance_m': 67.128, 'lanes': ''}}]",0,3,1,0,1,0,0,0,0,0,0,1,6,2,0,0,1,0,0,4,1,0,4,0,24
1068823853,2024-07-02 10:13:25,2024-07-02 10:21:27,482.0,1,0.0228899221316013,2024-07-02 10:54:52,2024-07-02 11:05:25,424,0,0,424420,0,0,antiques - 11.857m; restaurant - 16.479m; charity - 17.291m; kitchen - 20.623m; ice_cream - 23.547m; hairdresser - 33.452m; restaurant - 34.665m; restaurant - 36.792m; cafe - 38.587m; restaurant - 64.34m; bench - 71.394m; bicycle_parking - 77.065m; tobacco - 77.351m; dentist - 78.618m; stop_position - 78.642m; platform - 80.881m; museum - 88.024m; parking_space - 88.492m; hairdresser - 89.247m; drinking_water - 94.28m; bicycle_repair_station - 95.596m; artwork - 96.272m; stop_position - 105.955m; platform - 106.479m; bench - 110.408m; artwork - 130.492m; charging_station - 130.93m; bench - 136.102m; drinking_water - 138.177m,"[{'road_type': 'secondary', 'max_speed': '25 mph', 'access': '', 'distance_m': 4.318, 'lanes': ''}]","[{'distance_m': 59.891, 'signs': [], 'intersection_type': '', 'intersection_lanes': '', 'max_speed': '', 'access': '', 'crossing': '', 'railway': '', 'barrier': '', 'road_type': {'road_type': 'footway', 'max_speed': '', 'access': '', 'distance_m': 4.318, 'lanes': ''}}, {'distance_m': 67.904, 'signs': [], 'intersection_type': '', 'intersection_lanes': '', 'max_speed': '', 'access': '', 'crossing': '', 'railway': '', 'barrier': '', 'road_type': {'road_type': 'footway', 'max_speed': '', 'access': '', 'distance_m': 7.969, 'lanes': ''}}, {'distance_m': 78.335, 'signs': [], 'intersection_type': '', 'intersection_lanes': '', 'max_speed': '', 'access': '', 'crossing': '', 'railway': '', 'barrier': '', 'road_type': {'road_type': 'cycleway', 'max_speed': '15 mph', 'access': '', 'distance_m': 4.318, 'lanes': ''}}, {'distance_m': 82.737, 'signs': [], 'intersection_type': '', 'intersection_lanes': '', 'max_speed': '', 'access': '', 'crossing': '', 'railway': '', 'barrier': '', 'road_type': {'road_type': 'service', 'max_speed': '', 'access': '', 'distance_m': 7.969, 'lanes': ''}}, {'distance_m': 89.948, 'signs': [], 'intersection_type': '', 'intersection_lanes': '', 'max_speed': '', 'access': '', 'crossing': '', 'railway': '', 'barrier': '', 'road_type': {'road_type': 'service', 'max_speed': '', 'access': '', 'distance_m': 5.586, 'lanes': ''}}, {'distance_m': 90.264, 'signs': [], 'intersection_type': '', 'intersection_lanes': '', 'max_speed': '', 'access': '', 'crossing': '', 'railway': '', 'barrier': '', 'road_type': {'road_type': 'cycleway', 'max_speed': '', 'access': '', 'distance_m': 7.969, 'lanes': ''}}, {'distance_m': 90.618, 'signs': [], 'intersection_type': '', 'intersection_lanes': '', 'max_speed': '', 'access': '', 'crossing': '', 'railway': '', 'barrier': '', 'road_type': {'road_type': 'footway', 'max_speed': '', 'access': '', 'distance_m': 7.969, 'lanes': ''}}, {'distance_m': 92.78, 'signs': [], 'intersection_type': '', 'intersection_lanes': '', 'max_speed': '', 'access': '', 'crossing': '', 'railway': '', 'barrier': '', 'road_type': {'road_type': 'footway', 'max_speed': '', 'access': '', 'distance_m': 4.318, 'lanes': ''}}, {'distance_m': 105.657, 'signs': [], 'intersection_type': '', 'intersection_lanes': '', 'max_speed': '', 'access': '', 'crossing': '', 'railway': '', 'barrier': '', 'road_type': {'road_type': 'footway', 'max_speed': '', 'access': '', 'distance_m': 5.586, 'lanes': ''}}, {'distance_m': 121.52, 'signs': [], 'intersection_type': '', 'intersection_lanes': '', 'max_speed': '', 'access': '', 'crossing': '', 'railway': '', 'barrier': '', 'road_type': {'road_type': 'service', 'max_speed': '', 'access': '', 'distance_m': 46.351, 'lanes': ''}}]",0,0,0,0,0,0,0,1,1,1,0,6,2,2,0,0,1,0,0,6,4,1,4,0,29
1068823853,2024-07-02 10:24:48,2024-07-02 10:33:28,520.0,1,0.0326017991132344,2024-07-02 11:07:45,2024-07-02 11:18:38,424,0,0,424420,0,0,jewelry - 37.319m; parking_entrance - 37.727m; clothes - 39.723m; furniture - 39.782m; florist - 40.981m; art - 41.233m; furniture - 42.581m; boutique - 44.053m; furniture - 44.622m; bar - 45.975m; kitchen - 49.617m; cafe - 49.693m; fast_food - 52.753m; clothes - 57.858m; bathroom_furnishing - 61.014m; restaurant - 61.71m; clothes - 62.355m; bicycle_parking - 63.198m; boutique - 63.894m; houseware - 64.399m; cafe - 64.568m; restaurant - 65.307m; bench - 65.388m; bridal - 65.94m; nightclub - 66.294m; clothes - 67.437m; restaurant - 67.668m; beauty - 67.69m; mobile_phone - 67.717m; restaurant - 67.811m; electronics - 68.695m; waste_basket - 69.004m; gift - 69.679m; clothes - 70.425m; beauty - 70.865m; clothes - 71.872m; shoes - 73.355m; waste_basket - 73.964m; fast_food - 74.361m; clothes - 76.041m; hairdresser - 76.19m; restaurant - 77.009m; hairdresser - 77.116m; shoes - 77.994m; stop_position - 78.054m; mall - 79.828m; furniture - 79.899m; interior_decoration - 80.522m; toys - 81.742m; parking_space - 82.206m; jewelry - 83.301m; kitchen - 83.74m; clothes - 85.068m; parking_space - 85.397m; confectionery - 85.937m; restaurant - 87.462m; waste_basket - 88.711m; platform - 89.407m; bench - 91.645m; bench - 91.98m; cafe - 92.645m; bench - 93.184m; drinking_water - 93.924m; bench - 94.854m; waste_basket - 95.029m; bench - 95.124m; bench - 95.458m; bench - 97.156m; waste_basket - 100.733m; bakery - 101.018m; clothes - 101.172m; bench - 101.678m; bicycle_parking - 102.353m; bench - 102.63m; clothes - 103.058m; restaurant - 106.529m; cafe - 107.846m; platform - 107.92m; optician - 108.035m; fast_food - 108.474m; parking_space - 108.533m; fast_food - 108.925m; cafe - 110.184m; kids - 110.994m; bench - 111.258m; waste_basket - 111.773m; stop_position - 112.337m; parking_space - 112.503m; waste_basket - 113.162m; bench - 113.257m; hairdresser - 113.345m; restaurant - 113.48m; restaurant - 114.092m; bicycle_parking - 115.326m; clothes - 116.38m; boutique - 117.559m; hairdresser - 118.502m; bench - 118.717m; clothes - 119.164m; art - 120.378m; optician - 122.148m; mobile_phone - 123.532m; parking_entrance - 123.798m; music_school - 124.703m; sports - 125.819m; bench - 126.125m; sports - 126.296m; dry_cleaning - 127.278m; bench - 127.717m; stop_position - 128.908m; hairdresser - 129.539m; jewelry - 129.942m; boutique - 130.21m; restaurant - 130.957m; platform - 131.506m; school - 132.73m; restaurant - 134.082m; bench - 134.167m; bench - 135.27m; pharmacy - 135.62m; parking_space - 135.784m; stationery - 136.764m; parking_space - 138.287m; waste_basket - 138.633m; clothes - 140.18m; vending_machine - 142.094m; restaurant - 142.729m; clothes - 144.321m; art - 146.326m; parking_space - 146.44m,"[{'road_type': 'service', 'max_speed': '', 'access': '', 'distance_m': 14.289, 'lanes': ''}, {'road_type': 'service', 'max_speed': '', 'access': '', 'distance_m': 14.289, 'lanes': ''}]","[{'distance_m': 61.695, 'signs': [], 'intersection_type': '', 'intersection_lanes': '', 'max_speed': '', 'access': '', 'crossing': '', 'railway': '', 'barrier': '', 'road_type': {'road_type': 'service', 'max_speed': '', 'access': '', 'distance_m': 14.289, 'lanes': ''}}, {'distance_m': 66.99, 'signs': [], 'intersection_type': '', 'intersection_lanes': '', 'max_speed': '', 'access': '', 'crossing': '', 'railway': '', 'barrier': '', 'road_type': {'road_type': 'footway', 'max_speed': '', 'access': '', 'distance_m': 14.289, 'lanes': ''}}, {'distance_m': 75.638, 'signs': [], 'intersection_type': '', 'intersection_lanes': '', 'max_speed': '', 'access': '', 'crossing': '', 'railway': '', 'barrier': '', 'road_type': {'road_type': 'footway', 'max_speed': '', 'access': '', 'distance_m': 14.289, 'lanes': ''}}, {'distance_m': 76.949, 'signs': [], 'intersection_type': '', 'intersection_lanes': '', 'max_speed': '', 'access': '', 'crossing': '', 'railway': '', 'barrier': '', 'road_type': {'road_type': 'footway', 'max_speed': '', 'access': '', 'distance_m': 14.289, 'lanes': ''}}, {'distance_m': 78.555, 'signs': [], 'intersection_type': '', 'intersection_lanes': '', 'max_speed': '', 'access': '', 'crossing': '', 'railway': '', 'barrier': '', 'road_type': {'road_type': 'secondary', 'max_speed': '', 'access': '', 'distance_m': 14.289, 'lanes': '2'}}, {'distance_m': 78.931, 'signs': [], 'intersection_type': '', 'intersection_lanes': '', 'max_speed': '', 'access': '', 'crossing': '', 'railway': '', 'barrier': '', 'road_type': {'road_type': 'secondary', 'max_speed': '', 'access': '', 'distance_m': 14.289, 'lanes': '2'}}, {'distance_m': 78.969, 'signs': [], 'intersection_type': '', 'intersection_lanes': '', 'max_speed': '', 'access': '', 'crossing': '', 'railway': '', 'barrier': '', 'road_type': {'road_type': 'footway', 'max_speed': '', 'access': '', 'distance_m': 14.289, 'lanes': ''}}, {'distance_m': 85.738, 'signs': [], 'intersection_type': '', 'intersection_lanes': '', 'max_speed': '', 'access': '', 'crossing': '', 'railway': '', 'barrier': '', 'road_type': {'road_type': 'footway', 'max_speed': '', 'access': '', 'distance_m': 14.289, 'lanes': ''}}, {'distance_m': 87.792, 'signs': ['traffic_signals'], 'intersection_type': 'traffic_signals', 'intersection_lanes': '', 'max_speed': '', 'access': '', 'crossing': '', 'railway': '', 'barrier': '', 'road_type': {'road_type': 'secondary', 'max_speed': '', 'access': '', 'distance_m': 14.289, 'lanes': ''}}, {'distance_m': 90.112, 'signs': [], 'intersection_type': '', 'intersection_lanes': '', 'max_speed': '', 'access': '', 'crossing': '', 'railway': '', 'barrier': '', 'road_type': {'road_type': 'footway', 'max_speed': '', 'access': '', 'distance_m': 14.289, 'lanes': ''}}]",0,0,2,0,3,0,0,0,0,3,0,24,12,7,0,0,2,0,0,23,40,0,6,8,130
1068823853,2024-07-02 10:35:26,2024-07-02 10:39:31.002000,245.002,1,0.1299213162298687,2024-07-02 11:07:45,2024-07-02 11:18:38,424,0,0,424420,0,0,music_school - 43.806m; fast_food - 44.024m; bench - 50.66m; bicycle_parking - 51.765m; restaurant - 51.806m; waste_basket - 52.003m; restaurant - 53.889m; jewelry - 57.219m; stop_position - 61.917m; shoes - 62.788m; hairdresser - 64.206m; fast_food - 68.028m; clothes - 72.018m; waste_basket - 72.168m; platform - 72.989m; waste_basket - 75.246m; bench - 75.911m; gift - 76.151m; bench - 77.428m; mobile_phone - 79.343m; bench - 79.539m; restaurant - 80.409m; bench - 80.59m; bicycle_parking - 80.836m; bench - 81.34m; waste_basket - 81.995m; vending_machine - 82.572m; nightclub - 84.764m; bench - 86.034m; fast_food - 88.121m; houseware - 89.728m; bench - 90.053m; bench - 90.339m; bench - 90.943m; drinking_water - 92.087m; bench - 92.742m; boutique - 93.751m; bench - 94.215m; bar - 94.647m; bench - 94.906m; boutique - 97.107m; second_hand - 98.237m; furniture - 99.782m; platform - 100.201m; cafe - 100.334m; stop_position - 101.704m; waste_basket - 101.947m; florist - 102.137m; waste_basket - 102.616m; bench - 103.5m; waste_basket - 105.999m; bench - 107.16m; restaurant - 108.309m; clothes - 108.487m; hairdresser - 110.792m; beauty - 111.552m; waste_basket - 111.616m; bicycle_parking - 114.204m; bench - 114.3m; jewelry - 114.486m; restaurant - 114.869m; electronics - 116.742m; post_box - 117.491m; waste_basket - 117.941m; drinking_water - 118.171m; furniture - 118.203m; parking_space - 122.119m; clothes - 122.189m; art - 122.338m; cafe - 126.267m; furniture - 127.338m; bakery - 128.803m; beauty - 130.913m; post_box - 131.209m; dry_cleaning - 131.509m; hardware - 131.738m; restaurant - 132.002m; beauty - 134.818m; kitchen - 136.326m; shoes - 136.445m; toys - 138.115m; bicycle_parking - 138.864m; kitchen - 140.42m; school - 140.899m; pub - 141.883m; hairdresser - 143.159m; confectionery - 144.34m; clothes - 145.078m; hairdresser - 145.124m; restaurant - 146.439m; post_office - 148.548m; bathroom_furnishing - 149.215m; parking_space - 149.568m,"[{'road_type': 'service', 'max_speed': '', 'access': '', 'distance_m': 15.489, 'lanes': ''}, {'road_type': 'footway', 'max_speed': '', 'access': '', 'distance_m': 15.489, 'lanes': ''}]","[{'distance_m': 30.248, 'signs': [], 'intersection_type': '', 'intersection_lanes': '', 'max_speed': '', 'access': '', 'crossing': '', 'railway': '', 'barrier': '', 'road_type': {'road_type': 'footway', 'max_speed': '', 'access': '', 'distance_m': 15.489, 'lanes': ''}}, {'distance_m': 49.25, 'signs': [], 'intersection_type': '', 'intersection_lanes': '', 'max_speed': '', 'access': '', 'crossing': '', 'railway': '', 'barrier': '', 'road_type': {'road_type': 'footway', 'max_speed': '', 'access': '', 'distance_m': 15.489, 'lanes': ''}}, {'distance_m': 52.652, 'signs': [], 'intersection_type': '', 'intersection_lanes': '', 'max_speed': '', 'access': '', 'crossing': '', 'railway': '', 'barrier': '', 'road_type': {'road_type': 'footway', 'max_speed': '', 'access': '', 'distance_m': 15.489, 'lanes': ''}}, {'distance_m': 56.822, 'signs': [], 'intersection_type': '', 'intersection_lanes': '', 'max_speed': '', 'access': '', 'crossing': '', 'railway': '', 'barrier': '', 'road_type': {'road_type': 'footway', 'max_speed': '', 'access': '', 'distance_m': 15.489, 'lanes': ''}}, {'distance_m': 61.927, 'signs': ['traffic_signals'], 'intersection_type': 'traffic_signals', 'intersection_lanes': '', 'max_speed': '', 'access': '', 'crossing': '', 'railway': '', 'barrier': '', 'road_type': {'road_type': 'secondary', 'max_speed': '', 'access': '', 'distance_m': 15.489, 'lanes': ''}}, {'distance_m': 72.768, 'signs': [], 'intersection_type': '', 'intersection_lanes': '', 'max_speed': '', 'access': '', 'crossing': '', 'railway': '', 'barrier': '', 'road_type': {'road_type': 'footway', 'max_speed': '', 'access': '', 'distance_m': 15.489, 'lanes': ''}}, {'distance_m': 77.325, 'signs': [], 'intersection_type': '', 'intersection_lanes': '', 'max_speed': '', 'access': '', 'crossing': '', 'railway': '', 'barrier': '', 'road_type': {'road_type': 'footway', 'max_speed': '', 'access': '', 'distance_m': 15.489, 'lanes': ''}}, {'distance_m': 89.534, 'signs': [], 'intersection_type': '', 'intersection_lanes': '', 'max_speed': '', 'access': '', 'crossing': '', 'railway': '', 'barrier': '', 'road_type': {'road_type': 'footway', 'max_speed': '', 'access': '', 'distance_m': 15.489, 'lanes': ''}}, {'distance_m': 94.722, 'signs': [], 'intersection_type': '', 'intersection_lanes': '', 'max_speed': '', 'access': '', 'crossing': '', 'railway': '', 'barrier': '', 'road_type': {'road_type': 'secondary', 'max_speed': '', 'access': '', 'distance_m': 15.489, 'lanes': '2'}}, {'distance_m': 99.682, 'signs': [], 'intersection_type': '', 'intersection_lanes': '', 'max_speed': '', 'access': '', 'crossing': '', 'railway': '', 'barrier': '', 'road_type': {'road_type': 'primary', 'max_speed': '25 mph', 'access': '', 'distance_m': 15.489, 'lanes': ''}}]",0,0,2,0,1,0,0,0,0,0,0,21,6,7,0,3,2,0,0,15,23,0,4,9,93
1068823853,2024-07-02 10:42:38,2024-07-02 10:50:02,444.0,1,0.0622665714097711,2024-07-02 11:32:51,2024-07-02 11:43:07,424,0,0,424420,0,0,jewelry - 8.403m; fast_food - 20.128m; hairdresser - 26.925m; restaurant - 32.509m; stationery - 33.119m; boutique - 35.613m; hairdresser - 35.897m; bar - 38.944m; fast_food - 39.838m; clothes - 42.895m; clothes - 44.384m; restaurant - 47.33m; stop_position - 49.614m; restaurant - 52.106m; restaurant - 57.143m; bank - 61.36m; bicycle - 63.592m; shoes - 69.053m; gift - 70.759m; hairdresser - 74.976m; platform - 77.371m; psychic - 77.907m; bank - 84.858m; clothes - 86.854m; fitness_centre - 95.563m; cafe - 99.129m; fast_food - 99.65m; hairdresser - 99.94m; restaurant - 108.082m; bicycle - 108.152m; restaurant - 108.764m; houseware - 113.517m; hairdresser - 118.848m; tailor - 119.529m; restaurant - 122.777m; beauty - 122.997m; gift - 125.477m; hairdresser - 129.651m; hairdresser - 131.829m; beauty - 136.807m; clothes - 140.887m; gift - 147.577m,"[{'road_type': 'service', 'max_speed': '', 'access': '', 'distance_m': 9.448, 'lanes': '1'}, {'road_type': 'service', 'max_speed': '', 'access': '', 'distance_m': 9.448, 'lanes': ''}]","[{'distance_m': 89.648, 'signs': [], 'intersection_type': '', 'intersection_lanes': '', 'max_speed': '', 'access': '', 'crossing': '', 'railway': '', 'barrier': '', 'road_type': {'road_type': 'footway', 'max_speed': '', 'access': '', 'distance_m': 9.448, 'lanes': ''}}, {'distance_m': 138.424, 'signs': [], 'intersection_type': '', 'intersection_lanes': '', 'max_speed': '', 'access': '', 'crossing': '', 'railway': '', 'barrier': '', 'road_type': {'road_type': 'residential', 'max_speed': '', 'access': '', 'distance_m': 9.448, 'lanes': ''}}, {'distance_m': 146.211, 'signs': [], 'intersection_type': '', 'intersection_lanes': '', 'max_speed': '', 'access': '', 'crossing': '', 'railway': '', 'barrier': '', 'road_type': {'road_type': 'service', 'max_speed': '', 'access': '', 'distance_m': 9.448, 'lanes': ''}}]",0,0,0,0,1,0,2,0,0,0,0,0,0,9,0,0,2,0,0,12,14,0,2,0,42
1068823853,2024-07-02 10:51:26,2024-07-02 11:13:29,1323.0,1,0.154536031319451,2024-07-02 11:32:51,2024-07-02 11:43:07,424,0,0,424420,0,0,hairdresser - 22.58m; cafe - 38.403m; bicycle - 43.514m; hairdresser - 51.669m; bicycle - 53.177m; beauty - 54.978m; clothes - 70.218m; fast_food - 72.459m; hairdresser - 74.437m; houseware - 74.837m; fitness_centre - 75.046m; fast_food - 75.542m; hairdresser - 80.785m; restaurant - 86.005m; stop_position - 88.566m; beauty - 89.252m; jewelry - 92.32m; fast_food - 96.598m; restaurant - 98.386m; hairdresser - 99.952m; stationery - 111.86m; restaurant - 114.525m; boutique - 117.628m; bar - 123.445m; bench - 125.164m; clothes - 125.2m; bank - 125.54m; dry_cleaning - 126.875m; clothes - 129.283m; restaurant - 135.159m; restaurant - 141.049m; hairdresser - 143.944m; shoes - 146.003m; restaurant - 146.962m; restaurant - 148.395m; gift - 148.969m,"[{'road_type': 'footway', 'max_speed': '', 'access': '', 'distance_m': 37.498, 'lanes': ''}]","[{'distance_m': 73.244, 'signs': [], 'intersection_type': '', 'intersection_lanes': '', 'max_speed': '', 'access': '', 'crossing': '', 'railway': '', 'barrier': '', 'road_type': {'road_type': 'footway', 'max_speed': '', 'access': '', 'distance_m': 37.498, 'lanes': ''}}, {'distance_m': 82.331, 'signs': [], 'intersection_type': '', 'intersection_lanes': '', 'max_speed': '', 'access': '', 'crossing': '', 'railway': '', 'barrier': '', 'road_type': {'road_type': 'primary', 'max_speed': '15 mph', 'access': '', 'distance_m': 37.498, 'lanes': ''}}, {'distance_m': 90.347, 'signs': [], 'intersection_type': '', 'intersection_lanes': '', 'max_speed': '', 'access': '', 'crossing': '', 'railway': '', 'barrier': '', 'road_type': {'road_type': 'primary', 'max_speed': '15 mph', 'access': '', 'distance_m': 37.498, 'lanes': ''}}, {'distance_m': 100.73, 'signs': [], 'intersection_type': '', 'intersection_lanes': '', 'max_speed': '', 'access': '', 'crossing': '', 'railway': '', 'barrier': '', 'road_type': {'road_type': 'primary', 'max_speed': '15 mph', 'access': '', 'distance_m': 37.641, 'lanes': ''}}, {'distance_m': 134.942, 'signs': [], 'intersection_type': '', 'intersection_lanes': '', 'max_speed': '', 'access': '', 'crossing': '', 'railway': '', 'barrier': '', 'road_type': {'road_type': 'service', 'max_speed': '', 'access': '', 'distance_m': 37.641, 'lanes': ''}}, {'distance_m': 149.943, 'signs': [], 'intersection_type': '', 'intersection_lanes': '', 'max_speed': '', 'access': '', 'crossing': '', 'railway': '', 'barrier': '', 'road_type': {'road_type': 'service', 'max_speed': '', 'access': '', 'distance_m': 37.641, 'lanes': ''}}]",0,0,0,0,1,0,1,0,0,0,0,1,0,8,0,0,1,0,0,12,11,0,1,0,36
1068823853,2024-07-02 11:15:27,2024-07-02 11:25:29,602.0,1,0.05098437372567,2024-07-02 11:54:07,2024-07-02 12:02:13,424,0,0,424420,0,0,alcohol - 22.289m; clothes - 47.412m; hairdresser - 51.631m; parking_space - 53.842m; parking_space - 66.447m; parking_space - 71.088m; atm - 80.617m; restaurant - 82.881m; parking_space - 88.459m; parking_space - 89.119m; parking_space - 92.421m; parking_space - 93.186m; parking_space - 94.624m; pastry - 95.134m; parking_space - 99.266m; parking_space - 103.156m; stop_position - 105.109m; platform - 106.577m; beauty - 107.061m; clinic - 108.983m; beauty - 110.365m; parking_space - 111.493m; chemist - 116.753m; ice_cream - 116.82m; parking_space - 117.097m; bar - 119.237m; games - 120.522m; parking_space - 121.222m; gift - 126.644m; beauty - 126.765m; hairdresser - 127.016m; platform - 127.844m; stop_position - 130.909m; bar - 131.427m; clothes - 132.799m; pharmacy - 134.017m; bicycle_parking - 134.382m; beauty - 136.4m; houseware - 138.381m; parking_space - 139.066m; parking_space - 139.654m; beauty - 141.022m; hairdresser - 143.489m; parking_space - 143.597m; dry_cleaning - 143.778m; beauty - 145.671m; beauty - 146.062m; parking_space - 148.868m,"[{'road_type': 'footway', 'max_speed': '', 'access': '', 'distance_m': 3.077, 'lanes': ''}, {'road_type': 'service', 'max_speed': '', 'access': '', 'distance_m': 3.077, 'lanes': ''}]","[{'distance_m': 13.284, 'signs': [], 'intersection_type': '', 'intersection_lanes': '', 'max_speed': '', 'access': '', 'crossing': '', 'railway': '', 'barrier': '', 'road_type': {'road_type': 'primary', 'max_speed': '35 mph', 'access': '', 'distance_m': 3.077, 'lanes': '3'}}, {'distance_m': 23.405, 'signs': [], 'intersection_type': '', 'intersection_lanes': '', 'max_speed': '', 'access': '', 'crossing': '', 'railway': '', 'barrier': '', 'road_type': {'road_type': 'primary', 'max_speed': '35 mph', 'access': '', 'distance_m': 3.077, 'lanes': '2'}}, {'distance_m': 42.881, 'signs': [], 'intersection_type': '', 'intersection_lanes': '', 'max_speed': '', 'access': '', 'crossing': '', 'railway': '', 'barrier': '', 'road_type': {'road_type': 'secondary', 'max_speed': '15 mph', 'access': '', 'distance_m': 3.077, 'lanes': ''}}, {'distance_m': 42.918, 'signs': [], 'intersection_type': '', 'intersection_lanes': '', 'max_speed': '', 'access': '', 'crossing': '', 'railway': '', 'barrier': '', 'road_type': {'road_type': 'primary', 'max_speed': '35 mph', 'access': '', 'distance_m': 3.077, 'lanes': '2'}}, {'distance_m': 53.299, 'signs': [], 'intersection_type': '', 'intersection_lanes': '', 'max_speed': '', 'access': '', 'crossing': '', 'railway': '', 'barrier': '', 'road_type': {'road_type': 'secondary', 'max_speed': '25 mph', 'access': '', 'distance_m': 3.077, 'lanes': '4'}}, {'distance_m': 54.637, 'signs': [], 'intersection_type': '', 'intersection_lanes': '', 'max_speed': '', 'access': '', 'crossing': '', 'railway': '', 'barrier': '', 'road_type': {'road_type': 'secondary', 'max_speed': '15 mph', 'access': '', 'distance_m': 3.077, 'lanes': ''}}, {'distance_m': 59.92, 'signs': [], 'intersection_type': '', 'intersection_lanes': '', 'max_speed': '', 'access': '', 'crossing': '', 'railway': '', 'barrier': '', 'road_type': {'road_type': 'footway', 'max_speed': '', 'access': '', 'distance_m': 3.077, 'lanes': ''}}, {'distance_m': 66.919, 'signs': [], 'intersection_type': '', 'intersection_lanes': '', 'max_speed': '', 'access': '', 'crossing': '', 'railway': '', 'barrier': '', 'road_type': {'road_type': 'primary', 'max_speed': '35 mph', 'access': '', 'distance_m': 3.077, 'lanes': '3'}}, {'distance_m': 71.762, 'signs': [], 'intersection_type': '', 'intersection_lanes': '', 'max_speed': '', 'access': '', 'crossing': '', 'railway': '', 'barrier': '', 'road_type': {'road_type': 'service', 'max_speed': '', 'access': '', 'distance_m': 3.077, 'lanes': '2'}}, {'distance_m': 74.073, 'signs': [], 'intersection_type': '', 'intersection_lanes': '', 'max_speed': '', 'access': '', 'crossing': '', 'railway': '', 'barrier': '', 'road_type': {'road_type': 'service', 'max_speed': '', 'access': '', 'distance_m': 3.077, 'lanes': '2'}}]",0,0,0,0,1,0,1,0,0,2,0,0,18,10,1,0,1,0,0,4,6,0,4,0,48
1068823853,2024-07-02 11:41:28,2024-07-02 11:47:30,362.0,1,0.040657039083626,2024-07-02 12:17:31,2024-07-02 12:25:27,424,0,0,424420,0,0,restaurant - 23.86m; fast_food - 35.059m; supermarket - 43.716m; hairdresser - 44.93m; e-cigarette - 49.462m; dry_cleaning - 51.893m; restaurant - 59.034m; bar - 62.527m; pet - 65.235m; fitness_centre - 71.749m; vacant - 73.546m; platform - 75.968m; stop_position - 80.45m; restaurant - 90.137m; cosmetics - 98.438m; restaurant - 100.908m; cosmetics - 103.96m; pet - 107.556m; stop_position - 108.705m; pet - 111.624m; platform - 114.389m; supermarket - 116.123m; fast_food - 143.227m,"[{'road_type': 'service', 'max_speed': '', 'access': 'customers', 'distance_m': 10.193, 'lanes': ''}]","[{'distance_m': 39.716, 'signs': [], 'intersection_type': '', 'intersection_lanes': '', 'max_speed': '', 'access': '', 'crossing': '', 'railway': '', 'barrier': '', 'road_type': {'road_type': 'footway', 'max_speed': '', 'access': '', 'distance_m': 10.193, 'lanes': ''}}, {'distance_m': 40.602, 'signs': [], 'intersection_type': '', 'intersection_lanes': '', 'max_speed': '', 'access': '', 'crossing': '', 'railway': '', 'barrier': '', 'road_type': {'road_type': 'primary', 'max_speed': '40 mph', 'access': '', 'distance_m': 18.487, 'lanes': '3'}}, {'distance_m': 45.107, 'signs': [], 'intersection_type': '', 'intersection_lanes': '', 'max_speed': '', 'access': '', 'crossing': '', 'railway': '', 'barrier': '', 'road_type': {'road_type': 'service', 'max_speed': '', 'access': '', 'distance_m': 10.193, 'lanes': ''}}, {'distance_m': 55.731, 'signs': [], 'intersection_type': '', 'intersection_lanes': '', 'max_speed': '', 'access': '', 'crossing': '', 'railway': '', 'barrier': '', 'road_type': {'road_type': 'service', 'max_speed': '', 'access': '', 'distance_m': 15.552, 'lanes': ''}}, {'distance_m': 68.315, 'signs': [], 'intersection_type': '', 'intersection_lanes': '', 'max_speed': '', 'access': '', 'crossing': '', 'railway': '', 'barrier': '', 'road_type': {'road_type': 'primary', 'max_speed': '40 mph', 'access': '', 'distance_m': 18.487, 'lanes': '4'}}, {'distance_m': 127.718, 'signs': [], 'intersection_type': '', 'intersection_lanes': '', 'max_speed': '', 'access': '', 'crossing': '', 'railway': '', 'barrier': '', 'road_type': {'road_type': 'primary', 'max_speed': '40 mph', 'access': '', 'distance_m': 18.487, 'lanes': '3'}}, {'distance_m': 131.713, 'signs': [], 'intersection_type': '', 'intersection_lanes': '', 'max_speed': '', 'access': '', 'crossing': '', 'railway': '', 'barrier': '', 'road_type': {'road_type': 'footway', 'max_speed': '', 'access': '', 'distance_m': 10.193, 'lanes': ''}}, {'distance_m': 141.281, 'signs': [], 'intersection_type': '', 'intersection_lanes': '', 'max_speed': '', 'access': '', 'crossing': '', 'railway': '', 'barrier': '', 'road_type': {'road_type': 'service', 'max_speed': '', 'access': 'customers', 'distance_m': 10.193, 'lanes': ''}}]",0,0,0,0,1,0,0,0,0,0,0,4,0,3,0,0,1,0,0,7,2,0,4,0,22
1068823853,2024-07-02 11:49:27,2024-07-02 12:03:31,844.0,1,0.1568990921306556,2024-07-02 12:17:31,2024-07-02 12:25:27,424,0,0,424420,0,0,supermarket - 8.144m; pet - 15.825m; pet - 23.825m; cosmetics - 31.904m; restaurant - 40.015m; cosmetics - 48.142m; restaurant - 50.524m; vacant - 58.542m; pet - 63.845m; restaurant - 68.153m; dry_cleaning - 73.322m; supermarket - 79.963m; childcare - 117.709m; restaurant - 141.243m,"[{'road_type': 'service', 'max_speed': '', 'access': '', 'distance_m': 13.389, 'lanes': ''}]","[{'distance_m': 30.71, 'signs': [], 'intersection_type': '', 'intersection_lanes': '', 'max_speed': '', 'access': '', 'crossing': '', 'railway': '', 'barrier': '', 'road_type': {'road_type': 'service', 'max_speed': '', 'access': 'customers', 'distance_m': 13.389, 'lanes': ''}}, {'distance_m': 59.52, 'signs': [], 'intersection_type': '', 'intersection_lanes': '', 'max_speed': '', 'access': '', 'crossing': '', 'railway': '', 'barrier': '', 'road_type': {'road_type': 'footway', 'max_speed': '', 'access': '', 'distance_m': 13.389, 'lanes': ''}}, {'distance_m': 73.447, 'signs': [], 'intersection_type': '', 'intersection_lanes': '', 'max_speed': '', 'access': '', 'crossing': '', 'railway': '', 'barrier': '', 'road_type': {'road_type': 'service', 'max_speed': '', 'access': '', 'distance_m': 13.389, 'lanes': ''}}, {'distance_m': 86.665, 'signs': [], 'intersection_type': '', 'intersection_lanes': '', 'max_speed': '', 'access': '', 'crossing': '', 'railway': '', 'barrier': '', 'road_type': {'road_type': 'service', 'max_speed': '', 'access': 'customers', 'distance_m': 13.389, 'lanes': ''}}, {'distance_m': 95.611, 'signs': [], 'intersection_type': '', 'intersection_lanes': '', 'max_speed': '', 'access': '', 'crossing': '', 'railway': '', 'barrier': '', 'road_type': {'road_type': 'primary', 'max_speed': '40 mph', 'access': '', 'distance_m': 30.71, 'lanes': '3'}}, {'distance_m': 110.188, 'signs': [], 'intersection_type': '', 'intersection_lanes': '', 'max_speed': '', 'access': '', 'crossing': '', 'railway': '', 'barrier': '', 'road_type': {'road_type': 'footway', 'max_speed': '', 'access': '', 'distance_m': 13.389, 'lanes': ''}}, {'distance_m': 120.434, 'signs': [], 'intersection_type': '', 'intersection_lanes': '', 'max_speed': '', 'access': '', 'crossing': '', 'railway': '', 'barrier': '', 'road_type': {'road_type': 'primary', 'max_speed': '40 mph', 'access': '', 'distance_m': 30.71, 'lanes': '3'}}, {'distance_m': 130.568, 'signs': [], 'intersection_type': '', 'intersection_lanes': '', 'max_speed': '', 'access': '', 'crossing': '', 'railway': '', 'barrier': '', 'road_type': {'road_type': 'primary', 'max_speed': '40 mph', 'access': '', 'distance_m': 30.71, 'lanes': '3'}}, {'distance_m': 140.847, 'signs': [], 'intersection_type': '', 'intersection_lanes': '', 'max_speed': '', 'access': '', 'crossing': '', 'railway': '', 'barrier': '', 'road_type': {'road_type': 'service', 'max_speed': '', 'access': '', 'distance_m': 23.361, 'lanes': ''}}]",0,0,1,0,0,0,0,0,0,0,0,4,0,2,0,0,1,0,0,4,2,0,0,0,14
1068823853,2024-07-02 12:08:16,2024-07-02 12:26:20,1084.0,1,0.0543313769031454,2024-07-02 12:51:58,2024-07-02 13:02:47,424,0,0,424420,0,0,fast_food - 35.833m; laundry - 57.675m; restaurant - 65.962m; beauty - 75.661m; stop_position - 86.258m; platform - 94.217m; massage - 109.771m; fast_food - 131.813m; platform - 138.427m; stop_position - 148.806m,"[{'road_type': 'service', 'max_speed': '', 'access': '', 'distance_m': 11.463, 'lanes': ''}]","[{'distance_m': 72.786, 'signs': [], 'intersection_type': '', 'intersection_lanes': '', 'max_speed': '', 'access': '', 'crossing': '', 'railway': '', 'barrier': '', 'road_type': {'road_type': 'primary', 'max_speed': '40 mph', 'access': '', 'distance_m': 10.301, 'lanes': '3'}}, {'distance_m': 79.004, 'signs': [], 'intersection_type': '', 'intersection_lanes': '', 'max_speed': '', 'access': '', 'crossing': '', 'railway': '', 'barrier': '', 'road_type': {'road_type': 'primary', 'max_speed': '40 mph', 'access': '', 'distance_m': 10.301, 'lanes': '3'}}, {'distance_m': 83.814, 'signs': [], 'intersection_type': '', 'intersection_lanes': '', 'max_speed': '', 'access': '', 'crossing': '', 'railway': '', 'barrier': '', 'road_type': {'road_type': 'primary', 'max_speed': '40 mph', 'access': '', 'distance_m': 72.786, 'lanes': '4'}}, {'distance_m': 89.644, 'signs': [], 'intersection_type': '', 'intersection_lanes': '', 'max_speed': '', 'access': '', 'crossing': '', 'railway': '', 'barrier': '', 'road_type': {'road_type': 'primary', 'max_speed': '40 mph', 'access': '', 'distance_m': 10.301, 'lanes': '3'}}, {'distance_m': 114.605, 'signs': [], 'intersection_type': '', 'intersection_lanes': '', 'max_speed': '', 'access': '', 'crossing': '', 'railway': '', 'barrier': '', 'road_type': {'road_type': 'service', 'max_speed': '', 'access': '', 'distance_m': 10.301, 'lanes': ''}}, {'distance_m': 135.346, 'signs': [], 'intersection_type': '', 'intersection_lanes': '', 'max_speed': '', 'access': '', 'crossing': '', 'railway': '', 'barrier': '', 'road_type': {'road_type': 'service', 'max_speed': '', 'access': '', 'distance_m': 72.786, 'lanes': ''}}, {'distance_m': 143.216, 'signs': [], 'intersection_type': '', 'intersection_lanes': '', 'max_speed': '', 'access': '', 'crossing': '', 'railway': '', 'barrier': '', 'road_type': {'road_type': 'footway', 'max_speed': '', 'access': '', 'distance_m': 10.301, 'lanes': ''}}, {'distance_m': 146.444, 'signs': [], 'intersection_type': '', 'intersection_lanes': '', 'max_speed': '', 'access': '', 'crossing': '', 'railway': '', 'barrier': '', 'road_type': {'road_type': 'primary', 'max_speed': '40 mph', 'access': '', 'distance_m': 72.786, 'lanes': '4'}}, {'distance_m': 147.189, 'signs': [], 'intersection_type': '', 'intersection_lanes': '', 'max_speed': '', 'access': '', 'crossing': '', 'railway': '', 'barrier': '', 'road_type': {'road_type': 'service', 'max_speed': '', 'access': '', 'distance_m': 72.786, 'lanes': ''}}]",0,0,0,0,0,0,0,0,0,0,0,0,0,2,0,0,1,0,0,3,0,0,4,0,10
1068823853,2024-07-02 12:38:19,2024-07-02 12:44:21,362.0,1,0.0813006695750073,2024-07-02 13:27:02,2024-07-02 13:35:52,424,0,0,424420,0,0,restaurant - 38.255m; furniture - 45.682m; fast_food - 54.465m; supermarket - 91.52m; restaurant - 95.567m; veterinary - 104.486m; cafe - 114.757m; platform - 116.187m; stop_position - 116.512m; pet - 121.078m; stop_position - 123.32m; platform - 127.207m; bank - 142.989m; fuel - 143.764m,"[{'road_type': 'service', 'max_speed': '', 'access': '', 'distance_m': 7.048, 'lanes': ''}]","[{'distance_m': 31.159, 'signs': [], 'intersection_type': '', 'intersection_lanes': '', 'max_speed': '', 'access': '', 'crossing': '', 'railway': '', 'barrier': '', 'road_type': {'road_type': 'footway', 'max_speed': '', 'access': '', 'distance_m': 7.048, 'lanes': ''}}, {'distance_m': 76.782, 'signs': [], 'intersection_type': '', 'intersection_lanes': '', 'max_speed': '', 'access': '', 'crossing': '', 'railway': '', 'barrier': '', 'road_type': {'road_type': 'service', 'max_speed': '', 'access': '', 'distance_m': 7.048, 'lanes': ''}}, {'distance_m': 96.187, 'signs': [], 'intersection_type': '', 'intersection_lanes': '', 'max_speed': '', 'access': '', 'crossing': '', 'railway': '', 'barrier': '', 'road_type': {'road_type': 'footway', 'max_speed': '', 'access': '', 'distance_m': 7.048, 'lanes': ''}}, {'distance_m': 98.009, 'signs': [], 'intersection_type': '', 'intersection_lanes': '', 'max_speed': '', 'access': '', 'crossing': '', 'railway': '', 'barrier': '', 'road_type': {'road_type': 'service', 'max_speed': '', 'access': '', 'distance_m': 7.048, 'lanes': ''}}, {'distance_m': 101.205, 'signs': [], 'intersection_type': '', 'intersection_lanes': '', 'max_speed': '', 'access': '', 'crossing': '', 'railway': '', 'barrier': '', 'road_type': {'road_type': 'service', 'max_speed': '', 'access': '', 'distance_m': 16.944, 'lanes': ''}}, {'distance_m': 103.839, 'signs': [], 'intersection_type': '', 'intersection_lanes': '', 'max_speed': '', 'access': '', 'crossing': '', 'railway': '', 'barrier': '', 'road_type': {'road_type': 'residential', 'max_speed': '', 'access': '', 'distance_m': 7.048, 'lanes': '3'}}, {'distance_m': 115.805, 'signs': [], 'intersection_type': '', 'intersection_lanes': '', 'max_speed': '', 'access': '', 'crossing': '', 'railway': '', 'barrier': '', 'road_type': {'road_type': 'service', 'max_speed': '', 'access': '', 'distance_m': 7.048, 'lanes': ''}}, {'distance_m': 118.251, 'signs': [], 'intersection_type': '', 'intersection_lanes': '', 'max_speed': '', 'access': '', 'crossing': '', 'railway': '', 'barrier': '', 'road_type': {'road_type': 'residential', 'max_speed': '', 'access': '', 'distance_m': 7.048, 'lanes': ''}}]",0,0,0,0,0,0,1,1,0,1,0,1,0,0,0,0,0,0,0,4,2,0,4,0,14
1068823853,2024-07-02 12:46:18,2024-07-02 12:54:03,465.0,1,0.0414232204406768,2024-07-02 13:38:48,2024-07-02 13:48:27,424,0,0,424420,0,0,restaurant - 13.933m; beauty - 27.6m; restaurant - 38.472m; platform - 74.232m; restaurant - 74.325m; stop_position - 80.649m; beauty - 93.331m; beauty - 95.53m; stop_position - 95.862m; platform - 103.617m; kiosk - 109.561m; restaurant - 129.677m; nutrition_supplements - 148.86m,"[{'road_type': 'service', 'max_speed': '', 'access': '', 'distance_m': 4.252, 'lanes': ''}, {'road_type': 'service', 'max_speed': '', 'access': '', 'distance_m': 4.252, 'lanes': ''}]","[{'distance_m': 25.304, 'signs': [], 'intersection_type': '', 'intersection_lanes': '', 'max_speed': '', 'access': '', 'crossing': '', 'railway': '', 'barrier': '', 'road_type': {'road_type': 'service', 'max_speed': '', 'access': '', 'distance_m': 4.252, 'lanes': ''}}, {'distance_m': 58.373, 'signs': [], 'intersection_type': '', 'intersection_lanes': '', 'max_speed': '', 'access': '', 'crossing': '', 'railway': '', 'barrier': '', 'road_type': {'road_type': 'footway', 'max_speed': '', 'access': '', 'distance_m': 4.252, 'lanes': ''}}, {'distance_m': 64.709, 'signs': [], 'intersection_type': '', 'intersection_lanes': '', 'max_speed': '', 'access': '', 'crossing': '', 'railway': '', 'barrier': '', 'road_type': {'road_type': 'primary', 'max_speed': '35 mph', 'access': '', 'distance_m': 25.304, 'lanes': '3'}}, {'distance_m': 79.428, 'signs': [], 'intersection_type': '', 'intersection_lanes': '', 'max_speed': '', 'access': '', 'crossing': '', 'railway': '', 'barrier': '', 'road_type': {'road_type': 'residential', 'max_speed': '25 mph', 'access': '', 'distance_m': 4.252, 'lanes': ''}}, {'distance_m': 86.346, 'signs': ['crossing'], 'intersection_type': 'crossing', 'intersection_lanes': '', 'max_speed': '', 'access': '', 'crossing': 'unmarked', 'railway': '', 'barrier': '', 'road_type': {'road_type': 'footway', 'max_speed': '', 'access': '', 'distance_m': 4.252, 'lanes': ''}}, {'distance_m': 89.305, 'signs': [], 'intersection_type': '', 'intersection_lanes': '', 'max_speed': '', 'access': '', 'crossing': '', 'railway': '', 'barrier': '', 'road_type': {'road_type': 'footway', 'max_speed': '', 'access': '', 'distance_m': 4.252, 'lanes': ''}}, {'distance_m': 110.646, 'signs': [], 'intersection_type': '', 'intersection_lanes': '', 'max_speed': '', 'access': '', 'crossing': '', 'railway': '', 'barrier': '', 'road_type': {'road_type': 'service', 'max_speed': '', 'access': '', 'distance_m': 4.252, 'lanes': ''}}, {'distance_m': 128.893, 'signs': [], 'intersection_type': '', 'intersection_lanes': '', 'max_speed': '', 'access': '', 'crossing': '', 'railway': '', 'barrier': '', 'road_type': {'road_type': 'service', 'max_speed': '', 'access': '', 'distance_m': 25.304, 'lanes': ''}}]",0,0,0,0,0,0,0,0,0,0,0,1,0,3,0,0,0,0,0,4,1,0,4,0,13
1068823853,2024-07-02 12:56:55,2024-07-02 13:01:56,301.0,1,0.0317107439230704,2024-07-02 13:53:27,2024-07-02 14:03:06,424,0,0,424420,0,0,laundry - 45.157m; beauty - 54.512m; hairdresser - 57.413m; stop_position - 109.822m; platform - 112.614m; place_of_worship - 134.231m,"[{'road_type': 'service', 'max_speed': '', 'access': '', 'distance_m': 6.915, 'lanes': ''}, {'road_type': 'service', 'max_speed': '', 'access': '', 'distance_m': 6.915, 'lanes': ''}]","[{'distance_m': 40.877, 'signs': [], 'intersection_type': '', 'intersection_lanes': '', 'max_speed': '', 'access': '', 'crossing': '', 'railway': '', 'barrier': '', 'road_type': {'road_type': 'residential', 'max_speed': '', 'access': '', 'distance_m': 6.915, 'lanes': ''}}, {'distance_m': 45.575, 'signs': [], 'intersection_type': '', 'intersection_lanes': '', 'max_speed': '', 'access': '', 'crossing': '', 'railway': '', 'barrier': '', 'road_type': {'road_type': 'residential', 'max_speed': '', 'access': '', 'distance_m': 6.915, 'lanes': ''}}, {'distance_m': 53.595, 'signs': [], 'intersection_type': '', 'intersection_lanes': '', 'max_speed': '', 'access': '', 'crossing': '', 'railway': '', 'barrier': '', 'road_type': {'road_type': 'residential', 'max_speed': '', 'access': '', 'distance_m': 6.915, 'lanes': ''}}, {'distance_m': 69.862, 'signs': [], 'intersection_type': '', 'intersection_lanes': '', 'max_speed': '', 'access': '', 'crossing': '', 'railway': '', 'barrier': '', 'road_type': {'road_type': 'service', 'max_speed': '', 'access': '', 'distance_m': 6.915, 'lanes': ''}}, {'distance_m': 97.445, 'signs': [], 'intersection_type': '', 'intersection_lanes': '', 'max_speed': '', 'access': '', 'crossing': '', 'railway': '', 'barrier': '', 'road_type': {'road_type': 'service', 'max_speed': '', 'access': '', 'distance_m': 6.915, 'lanes': ''}}, {'distance_m': 105.563, 'signs': [], 'intersection_type': '', 'intersection_lanes': '', 'max_speed': '', 'access': '', 'crossing': '', 'railway': '', 'barrier': '', 'road_type': {'road_type': 'service', 'max_speed': '', 'access': '', 'distance_m': 6.915, 'lanes': ''}}]",0,0,0,0,0,0,0,0,0,0,0,0,0,2,0,0,1,1,0,0,0,0,2,0,6
1068823853,2024-07-02 13:05:33,2024-07-02 13:09:56,263.0,1,0.0196398006450452,2024-07-02 14:05:56,2024-07-02 14:14:27,424,0,0,424420,0,0,restaurant - 17.395m; hairdresser - 81.781m; platform - 102.255m; stop_position - 104.403m; vehicle_inspection - 126.032m; stop_position - 127.52m; platform - 130.796m; platform - 139.516m; place_of_worship - 141.993m; stop_position - 143.772m; place_of_worship - 145.034m,"[{'road_type': 'service', 'max_speed': '', 'access': '', 'distance_m': 0.83, 'lanes': ''}]","[{'distance_m': 46.59, 'signs': [], 'intersection_type': '', 'intersection_lanes': '', 'max_speed': '', 'access': '', 'crossing': '', 'railway': '', 'barrier': '', 'road_type': {'road_type': 'service', 'max_speed': '', 'access': '', 'distance_m': 26.313, 'lanes': ''}}, {'distance_m': 55.692, 'signs': [], 'intersection_type': '', 'intersection_lanes': '', 'max_speed': '', 'access': '', 'crossing': '', 'railway': '', 'barrier': '', 'road_type': {'road_type': 'service', 'max_speed': '', 'access': '', 'distance_m': 26.313, 'lanes': ''}}, {'distance_m': 75.42, 'signs': [], 'intersection_type': '', 'intersection_lanes': '', 'max_speed': '', 'access': '', 'crossing': '', 'railway': '', 'barrier': '', 'road_type': {'road_type': 'residential', 'max_speed': '', 'access': 'private', 'distance_m': 0.83, 'lanes': ''}}, {'distance_m': 107.461, 'signs': [], 'intersection_type': '', 'intersection_lanes': '', 'max_speed': '', 'access': '', 'crossing': '', 'railway': '', 'barrier': '', 'road_type': {'road_type': 'service', 'max_speed': '', 'access': '', 'distance_m': 26.313, 'lanes': ''}}, {'distance_m': 112.211, 'signs': [], 'intersection_type': '', 'intersection_lanes': '', 'max_speed': '', 'access': '', 'crossing': '', 'railway': '', 'barrier': '', 'road_type': {'road_type': 'service', 'max_speed': '', 'access': '', 'distance_m': 0.83, 'lanes': ''}}, {'distance_m': 124.773, 'signs': [], 'intersection_type': '', 'intersection_lanes': '', 'max_speed': '', 'access': '', 'crossing': '', 'railway': '', 'barrier': '', 'road_type': {'road_type': 'service', 'max_speed': '', 'access': '', 'distance_m': 26.313, 'lanes': ''}}, {'distance_m': 130.117, 'signs': [], 'intersection_type': '', 'intersection_lanes': '', 'max_speed': '', 'access': '', 'crossing': '', 'railway': '', 'barrier': '', 'road_type': {'road_type': 'service', 'max_speed': '', 'access': '', 'distance_m': 0.83, 'lanes': ''}}, {'distance_m': 130.215, 'signs': [], 'intersection_type': '', 'intersection_lanes': '', 'max_speed': '', 'access': '', 'crossing': '', 'railway': '', 'barrier': '', 'road_type': {'road_type': 'service', 'max_speed': '', 'access': 'customers', 'distance_m': 0.83, 'lanes': ''}}, {'distance_m': 134.851, 'signs': [], 'intersection_type': '', 'intersection_lanes': '', 'max_speed': '', 'access': '', 'crossing': '', 'railway': '', 'barrier': '', 'road_type': {'road_type': 'primary', 'max_speed': '30 mph', 'access': '', 'distance_m': 26.313, 'lanes': '2'}}, {'distance_m': 138.557, 'signs': [], 'intersection_type': '', 'intersection_lanes': '', 'max_speed': '', 'access': '', 'crossing': '', 'railway': '', 'barrier': '', 'road_type': {'road_type': 'primary', 'max_speed': '30 mph', 'access': '', 'distance_m': 26.313, 'lanes': '2'}}]",0,1,0,0,0,0,0,0,0,0,0,0,0,1,0,0,0,2,0,1,0,0,6,0,11
1068823853,2024-07-02 13:15:37,2024-07-02 13:25:56,619.0,1,0.015877495683129,2024-07-02 14:17:59,2024-07-02 14:40:07,424,0,0,424420,0,0,convenience - 26.322m; post_office - 38.636m; stop_position - 61.738m; fuel - 66.263m; platform - 69.253m; hairdresser - 76.806m; platform - 79.027m; stop_position - 82.049m; hookah_lounge - 91.883m; kitchen - 126.35m; fast_food - 127.772m; pastry - 132.538m; platform - 135.97m; butcher - 136.288m; stop_position - 138.009m; beauty - 143.351m,"[{'road_type': 'residential', 'max_speed': '', 'access': '', 'distance_m': 5.707, 'lanes': ''}, {'road_type': 'service', 'max_speed': '', 'access': '', 'distance_m': 5.707, 'lanes': ''}]","[{'distance_m': 22.719, 'signs': [], 'intersection_type': '', 'intersection_lanes': '', 'max_speed': '', 'access': '', 'crossing': '', 'railway': '', 'barrier': '', 'road_type': {'road_type': 'footway', 'max_speed': '', 'access': '', 'distance_m': 5.707, 'lanes': ''}}, {'distance_m': 29.899, 'signs': [], 'intersection_type': '', 'intersection_lanes': '', 'max_speed': '', 'access': '', 'crossing': '', 'railway': '', 'barrier': '', 'road_type': {'road_type': 'footway', 'max_speed': '', 'access': '', 'distance_m': 5.707, 'lanes': ''}}, {'distance_m': 33.505, 'signs': [], 'intersection_type': '', 'intersection_lanes': '', 'max_speed': '', 'access': '', 'crossing': '', 'railway': '', 'barrier': '', 'road_type': {'road_type': 'primary', 'max_speed': '40 mph', 'access': '', 'distance_m': 5.707, 'lanes': '2'}}, {'distance_m': 44.503, 'signs': ['pedestrian_traffic_signals', 'crossing'], 'intersection_type': 'crossing', 'intersection_lanes': '', 'max_speed': '', 'access': '', 'crossing': 'traffic_signals', 'railway': '', 'barrier': '', 'road_type': {'road_type': 'primary_link', 'max_speed': '', 'access': '', 'distance_m': 5.707, 'lanes': ''}}, {'distance_m': 56.118, 'signs': [], 'intersection_type': '', 'intersection_lanes': '', 'max_speed': '', 'access': '', 'crossing': '', 'railway': '', 'barrier': '', 'road_type': {'road_type': 'service', 'max_speed': '', 'access': '', 'distance_m': 5.707, 'lanes': ''}}, {'distance_m': 56.279, 'signs': [], 'intersection_type': '', 'intersection_lanes': '', 'max_speed': '', 'access': '', 'crossing': '', 'railway': '', 'barrier': '', 'road_type': {'road_type': 'primary_link', 'max_speed': '', 'access': '', 'distance_m': 5.707, 'lanes': ''}}, {'distance_m': 61.193, 'signs': [], 'intersection_type': '', 'intersection_lanes': '', 'max_speed': '', 'access': '', 'crossing': '', 'railway': '', 'barrier': '', 'road_type': {'road_type': 'service', 'max_speed': '', 'access': '', 'distance_m': 5.707, 'lanes': ''}}, {'distance_m': 92.12, 'signs': [], 'intersection_type': '', 'intersection_lanes': '', 'max_speed': '', 'access': '', 'crossing': '', 'railway': '', 'barrier': '', 'road_type': {'road_type': 'primary', 'max_speed': '40 mph', 'access': '', 'distance_m': 5.707, 'lanes': '3'}}, {'distance_m': 100.939, 'signs': [], 'intersection_type': '', 'intersection_lanes': '', 'max_speed': '', 'access': '', 'crossing': '', 'railway': '', 'barrier': '', 'road_type': {'road_type': 'service', 'max_speed': '', 'access': 'private', 'distance_m': 5.707, 'lanes': ''}}, {'distance_m': 102.431, 'signs': [], 'intersection_type': '', 'intersection_lanes': '', 'max_speed': '', 'access': '', 'crossing': '', 'railway': '', 'barrier': '', 'road_type': {'road_type': 'primary_link', 'max_speed': '', 'access': '', 'distance_m': 5.707, 'lanes': '1'}}]",0,0,0,0,0,0,0,1,0,0,0,1,0,2,0,1,0,0,0,2,3,0,6,0,16
1068823853,2024-07-02 13:27:55,2024-07-02 13:33:57,362.0,1,0.0247900129744198,2024-07-02 14:42:35,2024-07-02 14:51:48,424,0,0,424420,0,0,fast_food - 15.077m; fast_food - 19.193m; ice_cream - 19.275m; stop_position - 42.898m; platform - 50.836m; fuel - 67.483m; waste_disposal - 79.704m; place_of_worship - 82.336m; platform - 83.632m; stop_position - 86.181m; convenience - 93.248m; car_wash - 96.927m,"[{'road_type': 'service', 'max_speed': '', 'access': '', 'distance_m': 15.629, 'lanes': ''}]","[{'distance_m': 44.589, 'signs': ['traffic_signals'], 'intersection_type': 'traffic_signals', 'intersection_lanes': '', 'max_speed': '', 'access': '', 'crossing': '', 'railway': '', 'barrier': '', 'road_type': {'road_type': 'residential', 'max_speed': '', 'access': '', 'distance_m': 23.056, 'lanes': ''}}, {'distance_m': 55.135, 'signs': ['traffic_signals'], 'intersection_type': 'traffic_signals', 'intersection_lanes': '', 'max_speed': '', 'access': '', 'crossing': '', 'railway': '', 'barrier': '', 'road_type': {'road_type': 'tertiary', 'max_speed': '', 'access': '', 'distance_m': 23.056, 'lanes': '3'}}, {'distance_m': 57.304, 'signs': [], 'intersection_type': '', 'intersection_lanes': '', 'max_speed': '', 'access': '', 'crossing': '', 'railway': '', 'barrier': '', 'road_type': {'road_type': 'footway', 'max_speed': '', 'access': '', 'distance_m': 23.056, 'lanes': ''}}, {'distance_m': 62.37, 'signs': [], 'intersection_type': '', 'intersection_lanes': '', 'max_speed': '', 'access': '', 'crossing': '', 'railway': '', 'barrier': '', 'road_type': {'road_type': 'service', 'max_speed': '', 'access': '', 'distance_m': 30.465, 'lanes': ''}}, {'distance_m': 68.785, 'signs': [], 'intersection_type': '', 'intersection_lanes': '', 'max_speed': '', 'access': '', 'crossing': '', 'railway': '', 'barrier': '', 'road_type': {'road_type': 'footway', 'max_speed': '', 'access': '', 'distance_m': 23.056, 'lanes': ''}}, {'distance_m': 70.858, 'signs': [], 'intersection_type': '', 'intersection_lanes': '', 'max_speed': '', 'access': '', 'crossing': '', 'railway': '', 'barrier': '', 'road_type': {'road_type': 'service', 'max_speed': '', 'access': '', 'distance_m': 23.056, 'lanes': ''}}, {'distance_m': 79.098, 'signs': [], 'intersection_type': '', 'intersection_lanes': '', 'max_speed': '', 'access': '', 'crossing': '', 'railway': '', 'barrier': '', 'road_type': {'road_type': 'service', 'max_speed': '', 'access': '', 'distance_m': 23.056, 'lanes': ''}}, {'distance_m': 95.715, 'signs': [], 'intersection_type': '', 'intersection_lanes': '', 'max_speed': '', 'access': '', 'crossing': '', 'railway': '', 'barrier': '', 'road_type': {'road_type': 'primary', 'max_speed': '40 mph', 'access': '', 'distance_m': 23.056, 'lanes': '4'}}, {'distance_m': 95.781, 'signs': [], 'intersection_type': '', 'intersection_lanes': '', 'max_speed': '', 'access': '', 'crossing': '', 'railway': '', 'barrier': '', 'road_type': {'road_type': 'tertiary', 'max_speed': '', 'access': '', 'distance_m': 23.056, 'lanes': '3'}}, {'distance_m': 98.793, 'signs': [], 'intersection_type': '', 'intersection_lanes': '', 'max_speed': '', 'access': '', 'crossing': '', 'railway': '', 'barrier': '', 'road_type': {'road_type': 'service', 'max_speed': '', 'access': '', 'distance_m': 23.056, 'lanes': ''}}]",0,1,0,0,0,0,0,1,0,0,0,0,0,0,0,0,0,1,0,3,1,0,4,1,12
1068823853,2024-07-02 13:38:34,2024-07-02 13:44:36,362.0,1,0.078015417603281,2024-07-02 14:55:36,2024-07-02 15:03:56,424,0,0,424420,0,0,beauty - 9.511m; restaurant - 20.49m; dentist - 27.756m; beauty - 35.762m; vacant - 45.519m; fitness_centre - 54.66m; platform - 87.776m; stop_position - 94.798m; fast_food - 120.626m; beauty - 136.997m; stop_position - 140.308m; platform - 146.372m; fuel - 146.448m,"[{'road_type': 'service', 'max_speed': '', 'access': '', 'distance_m': 6.563, 'lanes': ''}]","[{'distance_m': 23.411, 'signs': [], 'intersection_type': '', 'intersection_lanes': '', 'max_speed': '', 'access': '', 'crossing': '', 'railway': '', 'barrier': '', 'road_type': {'road_type': 'service', 'max_speed': '', 'access': '', 'distance_m': 6.563, 'lanes': ''}}, {'distance_m': 80.315, 'signs': [], 'intersection_type': '', 'intersection_lanes': '', 'max_speed': '', 'access': '', 'crossing': '', 'railway': '', 'barrier': '', 'road_type': {'road_type': 'service', 'max_speed': '', 'access': '', 'distance_m': 6.563, 'lanes': ''}}, {'distance_m': 92.874, 'signs': [], 'intersection_type': '', 'intersection_lanes': '', 'max_speed': '', 'access': '', 'crossing': '', 'railway': '', 'barrier': '', 'road_type': {'road_type': 'primary_link', 'max_speed': '', 'access': '', 'distance_m': 20.688, 'lanes': '1'}}, {'distance_m': 141.604, 'signs': [], 'intersection_type': 'turning_circle', 'intersection_lanes': '', 'max_speed': '', 'access': '', 'crossing': '', 'railway': '', 'barrier': '', 'road_type': {'road_type': 'footway', 'max_speed': '', 'access': '', 'distance_m': 6.563, 'lanes': ''}}]",0,0,0,0,1,0,0,1,0,1,0,1,0,3,0,0,0,0,0,2,0,0,4,0,13
1068823853,2024-07-02 14:00:02.001000,2024-07-03 06:15:41,58538.999,0,-1.0,,,424,0,0,424420,0,0,clinic - 106.258m; social_facility - 132.242m,"[{'road_type': 'footway', 'max_speed': '', 'access': '', 'distance_m': 15.132, 'lanes': ''}, {'road_type': 'service', 'max_speed': '', 'access': '', 'distance_m': 15.132, 'lanes': ''}]","[{'distance_m': 121.437, 'signs': [], 'intersection_type': '', 'intersection_lanes': '', 'max_speed': '', 'access': '', 'crossing': '', 'railway': '', 'barrier': '', 'road_type': {'road_type': 'service', 'max_speed': '', 'access': 'private', 'distance_m': 15.132, 'lanes': ''}}, {'distance_m': 139.596, 'signs': [], 'intersection_type': '', 'intersection_lanes': '', 'max_speed': '', 'access': '', 'crossing': '', 'railway': '', 'barrier': '', 'road_type': {'road_type': 'service', 'max_speed': '', 'access': '', 'distance_m': 15.643, 'lanes': ''}}]",0,0,0,0,1,0,0,0,0,1,0,0,0,0,0,0,0,0,0,0,0,0,0,0,2
1068823853,2024-07-03 06:54:01.001000,2024-07-03 09:20:49,8807.999,1,0.0857207565815791,2024-07-03 10:00:00,2024-07-03 10:01:00,424,0,0,424420,0,0,,"[{'road_type': 'service', 'max_speed': '', 'access': '', 'distance_m': 11.361, 'lanes': ''}, {'road_type': 'service', 'max_speed': '', 'access': '', 'distance_m': 11.361, 'lanes': ''}]","[{'distance_m': 25.847, 'signs': [], 'intersection_type': '', 'intersection_lanes': '', 'max_speed': '', 'access': '', 'crossing': '', 'railway': '', 'barrier': '', 'road_type': {'road_type': 'service', 'max_speed': '', 'access': '', 'distance_m': 11.361, 'lanes': ''}}, {'distance_m': 121.958, 'signs': [], 'intersection_type': 'turning_circle', 'intersection_lanes': '', 'max_speed': '', 'access': '', 'crossing': '', 'railway': '', 'barrier': '', 'road_type': {'road_type': 'service', 'max_speed': '', 'access': '', 'distance_m': 11.361, 'lanes': ''}}]",0,0,0,0,0,0,0,0,0,0,0,0,0,0,0,0,0,0,0,0,0,0,0,0,0
1068823853,2024-07-03 09:24:58.001000,2024-07-03 09:29:13,254.999,0,-1.0,,,424,0,0,424420,0,0,car_repair - 52.768m; fuel - 67.645m; toilets - 83.733m; weighbridge - 102.977m; laundry - 148.695m,"[{'road_type': 'service', 'max_speed': '', 'access': '', 'distance_m': 21.533, 'lanes': ''}]","[{'distance_m': 48.909, 'signs': [], 'intersection_type': '', 'intersection_lanes': '', 'max_speed': '', 'access': '', 'crossing': '', 'railway': '', 'barrier': '', 'road_type': {'road_type': 'service', 'max_speed': '', 'access': '', 'distance_m': 21.533, 'lanes': ''}}, {'distance_m': 70.2, 'signs': [], 'intersection_type': '', 'intersection_lanes': '', 'max_speed': '', 'access': '', 'crossing': '', 'railway': '', 'barrier': '', 'road_type': {'road_type': 'service', 'max_speed': '', 'access': 'private', 'distance_m': 21.533, 'lanes': ''}}, {'distance_m': 100.062, 'signs': [], 'intersection_type': '', 'intersection_lanes': '', 'max_speed': '', 'access': '', 'crossing': '', 'railway': '', 'barrier': '', 'road_type': {'road_type': 'service', 'max_speed': '', 'access': '', 'distance_m': 53.03, 'lanes': ''}}, {'distance_m': 100.804, 'signs': [], 'intersection_type': '', 'intersection_lanes': '', 'max_speed': '', 'access': '', 'crossing': '', 'railway': '', 'barrier': '', 'road_type': {'road_type': 'residential', 'max_speed': '', 'access': '', 'distance_m': 21.533, 'lanes': '4'}}, {'distance_m': 105.824, 'signs': [], 'intersection_type': '', 'intersection_lanes': '', 'max_speed': '', 'access': '', 'crossing': '', 'railway': '', 'barrier': '', 'road_type': {'road_type': 'service', 'max_speed': '', 'access': '', 'distance_m': 21.533, 'lanes': ''}}, {'distance_m': 134.708, 'signs': [], 'intersection_type': '', 'intersection_lanes': '', 'max_speed': '', 'access': '', 'crossing': '', 'railway': '', 'barrier': '', 'road_type': {'road_type': 'service', 'max_speed': '', 'access': '', 'distance_m': 21.533, 'lanes': ''}}]",0,1,0,0,0,0,0,1,1,0,0,0,0,0,0,0,1,0,0,0,0,0,1,0,5
1068823853,2024-07-03 10:22:53,2024-07-03 10:41:08,1095.0,1,0.0239224113281245,2024-07-03 10:43:40,2024-07-03 10:58:45,424,0,0,424420,0,0,antiques - 12.848m; restaurant - 16.365m; charity - 18.628m; kitchen - 21.928m; ice_cream - 23.116m; hairdresser - 32.095m; restaurant - 33.99m; cafe - 37.248m; restaurant - 37.845m; restaurant - 63.064m; bench - 72.142m; tobacco - 76.043m; dentist - 77.833m; bicycle_parking - 78.223m; stop_position - 79.297m; platform - 81.684m; hairdresser - 88.077m; museum - 89.094m; parking_space - 89.681m; drinking_water - 93.306m; bicycle_repair_station - 94.613m; artwork - 96.474m; stop_position - 106.61m; platform - 106.992m; bench - 109.647m; artwork - 130.724m; charging_station - 130.779m; bench - 135.117m; drinking_water - 137.2m,"[{'road_type': 'service', 'max_speed': '', 'access': '', 'distance_m': 9.121, 'lanes': ''}, {'road_type': 'secondary', 'max_speed': '25 mph', 'access': '', 'distance_m': 4.25, 'lanes': ''}]","[{'distance_m': 58.715, 'signs': [], 'intersection_type': '', 'intersection_lanes': '', 'max_speed': '', 'access': '', 'crossing': '', 'railway': '', 'barrier': '', 'road_type': {'road_type': 'footway', 'max_speed': '', 'access': '', 'distance_m': 4.25, 'lanes': ''}}, {'distance_m': 68.409, 'signs': [], 'intersection_type': '', 'intersection_lanes': '', 'max_speed': '', 'access': '', 'crossing': '', 'railway': '', 'barrier': '', 'road_type': {'road_type': 'footway', 'max_speed': '', 'access': '', 'distance_m': 9.121, 'lanes': ''}}, {'distance_m': 79.638, 'signs': [], 'intersection_type': '', 'intersection_lanes': '', 'max_speed': '', 'access': '', 'crossing': '', 'railway': '', 'barrier': '', 'road_type': {'road_type': 'cycleway', 'max_speed': '15 mph', 'access': '', 'distance_m': 4.25, 'lanes': ''}}, {'distance_m': 84.091, 'signs': [], 'intersection_type': '', 'intersection_lanes': '', 'max_speed': '', 'access': '', 'crossing': '', 'railway': '', 'barrier': '', 'road_type': {'road_type': 'service', 'max_speed': '', 'access': '', 'distance_m': 9.121, 'lanes': ''}}, {'distance_m': 88.955, 'signs': [], 'intersection_type': '', 'intersection_lanes': '', 'max_speed': '', 'access': '', 'crossing': '', 'railway': '', 'barrier': '', 'road_type': {'road_type': 'service', 'max_speed': '', 'access': '', 'distance_m': 4.25, 'lanes': ''}}, {'distance_m': 91.377, 'signs': [], 'intersection_type': '', 'intersection_lanes': '', 'max_speed': '', 'access': '', 'crossing': '', 'railway': '', 'barrier': '', 'road_type': {'road_type': 'footway', 'max_speed': '', 'access': '', 'distance_m': 9.121, 'lanes': ''}}, {'distance_m': 91.608, 'signs': [], 'intersection_type': '', 'intersection_lanes': '', 'max_speed': '', 'access': '', 'crossing': '', 'railway': '', 'barrier': '', 'road_type': {'road_type': 'cycleway', 'max_speed': '', 'access': '', 'distance_m': 9.121, 'lanes': ''}}, {'distance_m': 92.801, 'signs': [], 'intersection_type': '', 'intersection_lanes': '', 'max_speed': '', 'access': '', 'crossing': '', 'railway': '', 'barrier': '', 'road_type': {'road_type': 'footway', 'max_speed': '', 'access': '', 'distance_m': 4.25, 'lanes': ''}}, {'distance_m': 106.771, 'signs': [], 'intersection_type': '', 'intersection_lanes': '', 'max_speed': '', 'access': '', 'crossing': '', 'railway': '', 'barrier': '', 'road_type': {'road_type': 'footway', 'max_speed': '', 'access': '', 'distance_m': 4.25, 'lanes': ''}}, {'distance_m': 120.834, 'signs': [], 'intersection_type': '', 'intersection_lanes': '', 'max_speed': '', 'access': '', 'crossing': '', 'railway': '', 'barrier': '', 'road_type': {'road_type': 'residential', 'max_speed': '', 'access': '', 'distance_m': 45.279, 'lanes': ''}}]",0,0,0,0,0,0,0,1,1,1,0,6,2,2,0,0,1,0,0,6,4,1,4,0,29
1068823853,2024-07-03 10:43:06,2024-07-03 10:49:08,362.0,1,0.1446929545873465,2024-07-03 11:02:21,2024-07-03 11:09:13,424,0,0,424420,0,0,parking_entrance - 35.472m; jewelry - 40.657m; furniture - 42.647m; clothes - 43.448m; art - 43.665m; florist - 45.15m; cafe - 45.438m; furniture - 46.526m; furniture - 46.822m; boutique - 48.399m; bar - 50.374m; kitchen - 50.714m; fast_food - 57.174m; clothes - 58.338m; bathroom_furnishing - 61.239m; clothes - 62.08m; restaurant - 63.255m; restaurant - 64.634m; bridal - 65.865m; bicycle_parking - 67.429m; boutique - 67.51m; cafe - 67.848m; restaurant - 68.167m; houseware - 68.187m; bench - 68.815m; beauty - 69.471m; clothes - 69.931m; clothes - 70.124m; nightclub - 70.242m; electronics - 71.073m; clothes - 71.684m; restaurant - 71.891m; mobile_phone - 71.99m; waste_basket - 72.414m; beauty - 72.892m; gift - 73.866m; shoes - 75.094m; mall - 75.85m; clothes - 76.142m; hairdresser - 77.473m; waste_basket - 78.288m; restaurant - 78.578m; fast_food - 78.692m; furniture - 79.331m; parking_space - 79.956m; clothes - 80.782m; stop_position - 81.4m; interior_decoration - 81.401m; hairdresser - 81.491m; shoes - 82.392m; toys - 83.033m; parking_space - 83.681m; kitchen - 84.936m; confectionery - 86.96m; jewelry - 87.72m; restaurant - 91.883m; waste_basket - 92.572m; platform - 92.739m; cafe - 93.231m; bench - 95.131m; bench - 95.527m; bench - 97.067m; clothes - 97.329m; drinking_water - 97.481m; bench - 98.245m; waste_basket - 98.294m; bench - 98.463m; bench - 98.836m; bicycle_parking - 98.857m; bench - 99.283m; bench - 101.091m; clothes - 103.12m; bakery - 103.382m; optician - 104.247m; parking_space - 104.541m; waste_basket - 105.048m; fast_food - 106.356m; bench - 106.946m; restaurant - 108.262m; parking_space - 108.543m; kids - 109.158m; cafe - 110.367m; cafe - 111.664m; hairdresser - 111.732m; platform - 111.86m; restaurant - 113.185m; fast_food - 113.27m; boutique - 113.813m; clothes - 114.821m; clothes - 114.992m; bench - 115.105m; restaurant - 115.325m; waste_basket - 115.661m; waste_basket - 116.345m; stop_position - 116.445m; bench - 117.039m; art - 118.769m; hairdresser - 119.476m; bicycle_parking - 119.557m; parking_entrance - 120.243m; optician - 121.648m; mobile_phone - 121.885m; bench - 122.301m; bench - 122.361m; stop_position - 124.595m; sports - 125.706m; jewelry - 125.818m; hairdresser - 126.149m; sports - 126.701m; platform - 127.163m; music_school - 128.989m; dry_cleaning - 129.841m; restaurant - 130.281m; boutique - 130.902m; bench - 131.317m; parking_space - 131.427m; stationery - 133.044m; parking_space - 133.914m; pharmacy - 133.946m; restaurant - 134.597m; school - 134.647m; bench - 137.732m; bench - 138.564m; clothes - 139.36m; clothes - 140.273m; waste_basket - 141.851m; parking_space - 142.017m; vending_machine - 145.911m; art - 146.409m; restaurant - 146.945m; bathroom_furnishing - 149.38m,"[{'road_type': 'service', 'max_speed': '', 'access': '', 'distance_m': 17.374, 'lanes': ''}, {'road_type': 'service', 'max_speed': '', 'access': '', 'distance_m': 17.374, 'lanes': ''}]","[{'distance_m': 62.756, 'signs': [], 'intersection_type': '', 'intersection_lanes': '', 'max_speed': '', 'access': '', 'crossing': '', 'railway': '', 'barrier': '', 'road_type': {'road_type': 'footway', 'max_speed': '', 'access': '', 'distance_m': 17.374, 'lanes': ''}}, {'distance_m': 65.333, 'signs': [], 'intersection_type': '', 'intersection_lanes': '', 'max_speed': '', 'access': '', 'crossing': '', 'railway': '', 'barrier': '', 'road_type': {'road_type': 'service', 'max_speed': '', 'access': '', 'distance_m': 17.374, 'lanes': ''}}, {'distance_m': 72.825, 'signs': [], 'intersection_type': '', 'intersection_lanes': '', 'max_speed': '', 'access': '', 'crossing': '', 'railway': '', 'barrier': '', 'road_type': {'road_type': 'footway', 'max_speed': '', 'access': '', 'distance_m': 17.374, 'lanes': ''}}, {'distance_m': 74.85, 'signs': [], 'intersection_type': '', 'intersection_lanes': '', 'max_speed': '', 'access': '', 'crossing': '', 'railway': '', 'barrier': '', 'road_type': {'road_type': 'footway', 'max_speed': '', 'access': '', 'distance_m': 17.374, 'lanes': ''}}, {'distance_m': 79.915, 'signs': [], 'intersection_type': '', 'intersection_lanes': '', 'max_speed': '', 'access': '', 'crossing': '', 'railway': '', 'barrier': '', 'road_type': {'road_type': 'footway', 'max_speed': '', 'access': '', 'distance_m': 17.374, 'lanes': ''}}, {'distance_m': 81.767, 'signs': [], 'intersection_type': '', 'intersection_lanes': '', 'max_speed': '', 'access': '', 'crossing': '', 'railway': '', 'barrier': '', 'road_type': {'road_type': 'secondary', 'max_speed': '', 'access': '', 'distance_m': 17.374, 'lanes': '2'}}, {'distance_m': 82.144, 'signs': [], 'intersection_type': '', 'intersection_lanes': '', 'max_speed': '', 'access': '', 'crossing': '', 'railway': '', 'barrier': '', 'road_type': {'road_type': 'secondary', 'max_speed': '', 'access': '', 'distance_m': 17.374, 'lanes': '2'}}, {'distance_m': 90.147, 'signs': [], 'intersection_type': '', 'intersection_lanes': '', 'max_speed': '', 'access': '', 'crossing': '', 'railway': '', 'barrier': '', 'road_type': {'road_type': 'footway', 'max_speed': '', 'access': '', 'distance_m': 17.374, 'lanes': ''}}, {'distance_m': 91.442, 'signs': [], 'intersection_type': '', 'intersection_lanes': '', 'max_speed': '', 'access': '', 'crossing': '', 'railway': '', 'barrier': '', 'road_type': {'road_type': 'residential', 'max_speed': '', 'access': '', 'distance_m': 17.374, 'lanes': ''}}, {'distance_m': 92.097, 'signs': ['traffic_signals'], 'intersection_type': 'traffic_signals', 'intersection_lanes': '', 'max_speed': '', 'access': '', 'crossing': '', 'railway': '', 'barrier': '', 'road_type': {'road_type': 'secondary', 'max_speed': '', 'access': '', 'distance_m': 17.374, 'lanes': ''}}]",0,0,2,0,3,0,0,0,0,3,0,24,12,7,0,0,3,0,0,23,40,0,6,8,131
1068823853,2024-07-03 10:51:06,2024-07-03 10:55:08,242.0,1,0.032516246237367,2024-07-03 11:02:21,2024-07-03 11:09:13,424,0,0,424420,0,0,music_school - 45.122m; fast_food - 46.653m; restaurant - 51.636m; bench - 53.439m; bicycle_parking - 53.621m; waste_basket - 54.852m; restaurant - 57.607m; jewelry - 61.077m; stop_position - 63.766m; shoes - 66.7m; hairdresser - 68.142m; fast_food - 71.98m; platform - 74.934m; waste_basket - 75.656m; clothes - 75.975m; waste_basket - 76.993m; bench - 78.307m; bench - 79.188m; gift - 80.105m; bench - 82.05m; bench - 82.25m; mobile_phone - 82.84m; vending_machine - 82.884m; bench - 83.738m; restaurant - 84.356m; waste_basket - 84.646m; bicycle_parking - 84.792m; bench - 88.401m; nightclub - 88.699m; bench - 91.779m; fast_food - 91.932m; bench - 92.012m; bench - 92.401m; houseware - 93.652m; drinking_water - 94.456m; bench - 95.04m; bench - 95.173m; second_hand - 96.619m; bench - 97.336m; boutique - 97.661m; bar - 98.531m; boutique - 101.016m; platform - 102.68m; furniture - 103.713m; cafe - 104.211m; waste_basket - 104.248m; stop_position - 104.507m; waste_basket - 105.654m; florist - 106.074m; bench - 106.621m; waste_basket - 107.719m; bench - 108.095m; hairdresser - 108.57m; beauty - 109.441m; restaurant - 112.155m; clothes - 112.442m; waste_basket - 112.484m; bicycle_parking - 113.051m; bench - 113.237m; post_box - 116.249m; waste_basket - 116.928m; restaurant - 118.0m; drinking_water - 118.126m; jewelry - 118.443m; electronics - 120.544m; parking_space - 121.349m; furniture - 122.158m; clothes - 125.182m; art - 126.288m; cafe - 128.286m; hardware - 129.421m; bakery - 131.024m; furniture - 131.277m; post_box - 131.499m; dry_cleaning - 133.013m; beauty - 133.844m; restaurant - 135.731m; beauty - 137.822m; pub - 138.356m; bicycle_parking - 138.521m; shoes - 139.344m; kitchen - 140.247m; hairdresser - 140.76m; toys - 141.809m; school - 143.795m; kitchen - 144.099m; parking_space - 146.16m; post_office - 147.261m; confectionery - 148.009m; hairdresser - 148.011m; restaurant - 148.671m; clothes - 148.97m,"[{'road_type': 'service', 'max_speed': '', 'access': '', 'distance_m': 18.777, 'lanes': ''}, {'road_type': 'footway', 'max_speed': '', 'access': '', 'distance_m': 18.777, 'lanes': ''}]","[{'distance_m': 33.188, 'signs': [], 'intersection_type': '', 'intersection_lanes': '', 'max_speed': '', 'access': '', 'crossing': '', 'railway': '', 'barrier': '', 'road_type': {'road_type': 'footway', 'max_speed': '', 'access': '', 'distance_m': 18.777, 'lanes': ''}}, {'distance_m': 49.669, 'signs': [], 'intersection_type': '', 'intersection_lanes': '', 'max_speed': '', 'access': '', 'crossing': '', 'railway': '', 'barrier': '', 'road_type': {'road_type': 'footway', 'max_speed': '', 'access': '', 'distance_m': 18.777, 'lanes': ''}}, {'distance_m': 55.567, 'signs': [], 'intersection_type': '', 'intersection_lanes': '', 'max_speed': '', 'access': '', 'crossing': '', 'railway': '', 'barrier': '', 'road_type': {'road_type': 'footway', 'max_speed': '', 'access': '', 'distance_m': 18.777, 'lanes': ''}}, {'distance_m': 60.439, 'signs': [], 'intersection_type': '', 'intersection_lanes': '', 'max_speed': '', 'access': '', 'crossing': '', 'railway': '', 'barrier': '', 'road_type': {'road_type': 'footway', 'max_speed': '', 'access': '', 'distance_m': 18.777, 'lanes': ''}}, {'distance_m': 65.131, 'signs': ['traffic_signals'], 'intersection_type': 'traffic_signals', 'intersection_lanes': '', 'max_speed': '', 'access': '', 'crossing': '', 'railway': '', 'barrier': '', 'road_type': {'road_type': 'secondary', 'max_speed': '', 'access': '', 'distance_m': 18.777, 'lanes': ''}}, {'distance_m': 76.156, 'signs': [], 'intersection_type': '', 'intersection_lanes': '', 'max_speed': '', 'access': '', 'crossing': '', 'railway': '', 'barrier': '', 'road_type': {'road_type': 'footway', 'max_speed': '', 'access': '', 'distance_m': 18.777, 'lanes': ''}}, {'distance_m': 79.9, 'signs': [], 'intersection_type': '', 'intersection_lanes': '', 'max_speed': '', 'access': '', 'crossing': '', 'railway': '', 'barrier': '', 'road_type': {'road_type': 'footway', 'max_speed': '', 'access': '', 'distance_m': 18.777, 'lanes': ''}}, {'distance_m': 88.288, 'signs': [], 'intersection_type': '', 'intersection_lanes': '', 'max_speed': '', 'access': '', 'crossing': '', 'railway': '', 'barrier': '', 'road_type': {'road_type': 'footway', 'max_speed': '', 'access': '', 'distance_m': 18.777, 'lanes': ''}}, {'distance_m': 97.565, 'signs': [], 'intersection_type': '', 'intersection_lanes': '', 'max_speed': '', 'access': '', 'crossing': '', 'railway': '', 'barrier': '', 'road_type': {'road_type': 'secondary', 'max_speed': '', 'access': '', 'distance_m': 18.777, 'lanes': '2'}}, {'distance_m': 98.486, 'signs': [], 'intersection_type': '', 'intersection_lanes': '', 'max_speed': '', 'access': '', 'crossing': '', 'railway': '', 'barrier': '', 'road_type': {'road_type': 'primary', 'max_speed': '25 mph', 'access': '', 'distance_m': 18.777, 'lanes': ''}}]",0,0,2,0,1,0,0,0,0,0,0,21,6,7,0,3,1,0,0,15,23,0,4,9,92
1068823853,2024-07-03 10:56:13,2024-07-03 11:02:37,384.0,1,0.0551382999091152,2024-07-03 11:25:31,2024-07-03 11:33:39,424,0,0,424420,0,0,restaurant - 27.952m; bank - 46.099m; platform - 50.593m; clothes - 53.073m; restaurant - 66.353m; tailor - 67.489m; gift - 67.525m; restaurant - 68.155m; post_box - 69.634m; post_box - 70.9m; restaurant - 71.475m; post_box - 72.275m; gift - 73.84m; clothes - 76.042m; clothes - 76.249m; restaurant - 76.741m; clothes - 82.138m; psychic - 83.901m; toys - 85.618m; luggage - 86.12m; hairdresser - 86.78m; bar - 87.628m; beauty - 89.322m; gift - 91.097m; boutique - 93.209m; shoes - 93.587m; clothes - 94.457m; bathroom_furnishing - 97.391m; stationery - 98.857m; restaurant - 101.281m; clothes - 101.581m; jewelry - 105.891m; fast_food - 106.904m; hairdresser - 107.713m; pharmacy - 109.975m; restaurant - 111.248m; bank - 112.95m; sports - 116.251m; optician - 120.81m; mobile_phone - 121.137m; restaurant - 123.159m; art - 123.821m; clothes - 127.287m; hairdresser - 128.866m; restaurant - 130.53m; hairdresser - 130.628m; fast_food - 134.627m; stop_position - 134.669m; kids - 134.844m; fast_food - 140.419m; clothes - 140.608m; parking_entrance - 145.321m,"[{'road_type': 'service', 'max_speed': '', 'access': '', 'distance_m': 43.189, 'lanes': '1'}, {'road_type': 'service', 'max_speed': '', 'access': '', 'distance_m': 43.189, 'lanes': ''}]","[{'distance_m': 66.014, 'signs': [], 'intersection_type': '', 'intersection_lanes': '', 'max_speed': '', 'access': '', 'crossing': '', 'railway': '', 'barrier': '', 'road_type': {'road_type': 'footway', 'max_speed': '', 'access': '', 'distance_m': 43.189, 'lanes': ''}}, {'distance_m': 74.721, 'signs': [], 'intersection_type': '', 'intersection_lanes': '', 'max_speed': '', 'access': '', 'crossing': '', 'railway': '', 'barrier': '', 'road_type': {'road_type': 'footway', 'max_speed': '', 'access': '', 'distance_m': 43.189, 'lanes': ''}}, {'distance_m': 121.916, 'signs': [], 'intersection_type': '', 'intersection_lanes': '', 'max_speed': '', 'access': '', 'crossing': '', 'railway': '', 'barrier': '', 'road_type': {'road_type': 'residential', 'max_speed': '', 'access': '', 'distance_m': 43.189, 'lanes': ''}}, {'distance_m': 131.115, 'signs': [], 'intersection_type': '', 'intersection_lanes': '', 'max_speed': '', 'access': '', 'crossing': '', 'railway': '', 'barrier': '', 'road_type': {'road_type': 'primary', 'max_speed': '15 mph', 'access': '', 'distance_m': 43.189, 'lanes': '2'}}, {'distance_m': 149.176, 'signs': [], 'intersection_type': '', 'intersection_lanes': '', 'max_speed': '', 'access': '', 'crossing': '', 'railway': '', 'barrier': '', 'road_type': {'road_type': 'residential', 'max_speed': '', 'access': '', 'distance_m': 43.189, 'lanes': ''}}]",0,0,0,0,1,0,2,0,0,2,0,3,1,5,0,3,3,0,0,13,17,0,2,0,52
1068823853,2024-07-03 11:04:35,2024-07-03 11:08:37,242.0,1,0.0597534047352364,2024-07-03 11:25:31,2024-07-03 11:33:39,424,0,0,424420,0,0,jewelry - 18.735m; fast_food - 29.304m; hairdresser - 35.644m; stationery - 39.411m; boutique - 40.455m; bar - 42.39m; restaurant - 43.01m; clothes - 45.082m; hairdresser - 46.566m; restaurant - 48.42m; fast_food - 50.524m; restaurant - 52.263m; clothes - 54.992m; restaurant - 56.513m; stop_position - 60.01m; bank - 68.389m; shoes - 72.882m; bicycle - 73.701m; gift - 74.156m; platform - 74.911m; hairdresser - 77.598m; psychic - 80.026m; bank - 81.936m; clothes - 87.636m; restaurant - 103.656m; fitness_centre - 106.192m; hairdresser - 108.306m; cafe - 108.473m; fast_food - 110.211m; restaurant - 110.735m; bicycle - 117.556m; tailor - 117.859m; restaurant - 120.982m; gift - 123.449m; houseware - 123.984m; hairdresser - 128.139m; beauty - 133.616m; clothes - 136.126m; hairdresser - 139.813m; hairdresser - 140.712m; gift - 144.56m; beauty - 145.615m; clothes - 148.084m,"[{'road_type': 'service', 'max_speed': '', 'access': '', 'distance_m': 15.449, 'lanes': '1'}, {'road_type': 'service', 'max_speed': '', 'access': '', 'distance_m': 15.449, 'lanes': ''}]","[{'distance_m': 89.111, 'signs': [], 'intersection_type': '', 'intersection_lanes': '', 'max_speed': '', 'access': '', 'crossing': '', 'railway': '', 'barrier': '', 'road_type': {'road_type': 'footway', 'max_speed': '', 'access': '', 'distance_m': 15.449, 'lanes': ''}}, {'distance_m': 141.167, 'signs': [], 'intersection_type': '', 'intersection_lanes': '', 'max_speed': '', 'access': '', 'crossing': '', 'railway': '', 'barrier': '', 'road_type': {'road_type': 'residential', 'max_speed': '', 'access': '', 'distance_m': 15.449, 'lanes': ''}}]",0,0,0,0,1,0,2,0,0,0,0,0,0,9,0,0,2,0,0,12,15,0,2,0,43
1068823853,2024-07-03 11:23:47,2024-07-03 11:27:49,242.0,1,0.0183436963380514,2024-07-03 11:57:09,2024-07-03 12:07:54,424,0,0,424420,0,0,platform - 36.909m; stop_position - 46.455m; sports_centre - 115.82m,"[{'road_type': 'service', 'max_speed': '', 'access': '', 'distance_m': 16.383, 'lanes': ''}]","[{'distance_m': 43.003, 'signs': [], 'intersection_type': '', 'intersection_lanes': '', 'max_speed': '', 'access': '', 'crossing': '', 'railway': '', 'barrier': '', 'road_type': {'road_type': 'secondary', 'max_speed': '35 mph', 'access': '', 'distance_m': 16.383, 'lanes': ''}}, {'distance_m': 106.112, 'signs': [], 'intersection_type': '', 'intersection_lanes': '', 'max_speed': '', 'access': '', 'crossing': '', 'railway': '', 'barrier': '', 'road_type': {'road_type': 'secondary', 'max_speed': '35 mph', 'access': '', 'distance_m': 16.383, 'lanes': '5'}}, {'distance_m': 110.396, 'signs': [], 'intersection_type': '', 'intersection_lanes': '', 'max_speed': '', 'access': '', 'crossing': '', 'railway': '', 'barrier': '', 'road_type': {'road_type': 'service', 'max_speed': '', 'access': '', 'distance_m': 16.383, 'lanes': ''}}, {'distance_m': 121.028, 'signs': [], 'intersection_type': '', 'intersection_lanes': '', 'max_speed': '', 'access': '', 'crossing': '', 'railway': '', 'barrier': '', 'road_type': {'road_type': 'service', 'max_speed': '', 'access': '', 'distance_m': 16.383, 'lanes': ''}}, {'distance_m': 122.758, 'signs': [], 'intersection_type': '', 'intersection_lanes': '', 'max_speed': '', 'access': '', 'crossing': '', 'railway': '', 'barrier': '', 'road_type': {'road_type': 'secondary', 'max_speed': '30 mph', 'access': '', 'distance_m': 16.383, 'lanes': '5'}}, {'distance_m': 125.025, 'signs': [], 'intersection_type': '', 'intersection_lanes': '', 'max_speed': '', 'access': '', 'crossing': '', 'railway': '', 'barrier': '', 'road_type': {'road_type': 'secondary', 'max_speed': '30 mph', 'access': '', 'distance_m': 16.383, 'lanes': '5'}}, {'distance_m': 127.018, 'signs': ['traffic_signals'], 'intersection_type': 'traffic_signals', 'intersection_lanes': '', 'max_speed': '', 'access': '', 'crossing': '', 'railway': '', 'barrier': '', 'road_type': {'road_type': 'secondary', 'max_speed': '35 mph', 'access': '', 'distance_m': 16.383, 'lanes': '5'}}, {'distance_m': 136.708, 'signs': [], 'intersection_type': '', 'intersection_lanes': '', 'max_speed': '', 'access': '', 'crossing': '', 'railway': '', 'barrier': '', 'road_type': {'road_type': 'service', 'max_speed': '', 'access': '', 'distance_m': 16.383, 'lanes': ''}}, {'distance_m': 146.739, 'signs': [], 'intersection_type': '', 'intersection_lanes': '', 'max_speed': '', 'access': '', 'crossing': '', 'railway': '', 'barrier': '', 'road_type': {'road_type': 'footway', 'max_speed': '', 'access': '', 'distance_m': 16.383, 'lanes': ''}}, {'distance_m': 156.963, 'signs': [], 'intersection_type': '', 'intersection_lanes': '', 'max_speed': '', 'access': '', 'crossing': '', 'railway': '', 'barrier': '', 'road_type': {'road_type': 'service', 'max_speed': '', 'access': 'customers', 'distance_m': 16.383, 'lanes': ''}}]",0,0,0,0,1,0,0,0,0,0,0,0,0,0,0,0,0,0,0,0,0,0,2,0,3
1068823853,2024-07-03 11:41:48,2024-07-03 11:47:50,362.0,1,0.0130602104157771,2024-07-03 12:24:38,2024-07-03 12:43:03,424,0,0,424420,0,0,convenience - 30.881m; post_office - 43.2m; stop_position - 59.901m; fuel - 67.27m; platform - 67.744m; platform - 75.137m; stop_position - 78.413m; hairdresser - 79.472m; hookah_lounge - 95.053m; kitchen - 123.715m; fast_food - 125.103m; pastry - 129.807m; butcher - 133.462m; platform - 140.534m; stop_position - 142.571m; beauty - 145.773m,"[{'road_type': 'footway', 'max_speed': '', 'access': '', 'distance_m': 3.727, 'lanes': ''}, {'road_type': 'service', 'max_speed': '', 'access': '', 'distance_m': 3.727, 'lanes': ''}]","[{'distance_m': 23.09, 'signs': [], 'intersection_type': '', 'intersection_lanes': '', 'max_speed': '', 'access': '', 'crossing': '', 'railway': '', 'barrier': '', 'road_type': {'road_type': 'footway', 'max_speed': '', 'access': '', 'distance_m': 3.727, 'lanes': ''}}, {'distance_m': 33.014, 'signs': [], 'intersection_type': '', 'intersection_lanes': '', 'max_speed': '', 'access': '', 'crossing': '', 'railway': '', 'barrier': '', 'road_type': {'road_type': 'footway', 'max_speed': '', 'access': '', 'distance_m': 3.727, 'lanes': ''}}, {'distance_m': 35.21, 'signs': [], 'intersection_type': '', 'intersection_lanes': '', 'max_speed': '', 'access': '', 'crossing': '', 'railway': '', 'barrier': '', 'road_type': {'road_type': 'primary', 'max_speed': '40 mph', 'access': '', 'distance_m': 8.771, 'lanes': '2'}}, {'distance_m': 47.164, 'signs': ['pedestrian_traffic_signals', 'crossing'], 'intersection_type': 'crossing', 'intersection_lanes': '', 'max_speed': '', 'access': '', 'crossing': 'traffic_signals', 'railway': '', 'barrier': '', 'road_type': {'road_type': 'primary_link', 'max_speed': '', 'access': '', 'distance_m': 3.727, 'lanes': ''}}, {'distance_m': 53.211, 'signs': [], 'intersection_type': '', 'intersection_lanes': '', 'max_speed': '', 'access': '', 'crossing': '', 'railway': '', 'barrier': '', 'road_type': {'road_type': 'service', 'max_speed': '', 'access': '', 'distance_m': 3.727, 'lanes': ''}}, {'distance_m': 56.654, 'signs': [], 'intersection_type': '', 'intersection_lanes': '', 'max_speed': '', 'access': '', 'crossing': '', 'railway': '', 'barrier': '', 'road_type': {'road_type': 'service', 'max_speed': '', 'access': '', 'distance_m': 3.727, 'lanes': ''}}, {'distance_m': 59.392, 'signs': [], 'intersection_type': '', 'intersection_lanes': '', 'max_speed': '', 'access': '', 'crossing': '', 'railway': '', 'barrier': '', 'road_type': {'road_type': 'primary_link', 'max_speed': '', 'access': '', 'distance_m': 3.727, 'lanes': ''}}, {'distance_m': 88.876, 'signs': [], 'intersection_type': '', 'intersection_lanes': '', 'max_speed': '', 'access': '', 'crossing': '', 'railway': '', 'barrier': '', 'road_type': {'road_type': 'primary', 'max_speed': '40 mph', 'access': '', 'distance_m': 8.771, 'lanes': '3'}}, {'distance_m': 105.145, 'signs': [], 'intersection_type': '', 'intersection_lanes': '', 'max_speed': '', 'access': '', 'crossing': '', 'railway': '', 'barrier': '', 'road_type': {'road_type': 'service', 'max_speed': '', 'access': 'private', 'distance_m': 3.727, 'lanes': ''}}, {'distance_m': 106.959, 'signs': [], 'intersection_type': '', 'intersection_lanes': '', 'max_speed': '', 'access': '', 'crossing': '', 'railway': '', 'barrier': '', 'road_type': {'road_type': 'primary_link', 'max_speed': '', 'access': '', 'distance_m': 8.771, 'lanes': '1'}}]",0,0,0,0,0,0,0,1,0,0,0,1,0,2,0,1,0,0,0,2,3,0,6,0,16
1068823853,2024-07-03 11:49:48,2024-07-03 11:53:16.003000,208.003,1,0.0487870419967802,2024-07-03 12:45:31,2024-07-03 12:52:04,424,0,0,424420,0,0,ice_cream - 18.787m; fast_food - 34.667m; fast_food - 44.165m; platform - 56.25m; stop_position - 57.64m; place_of_worship - 58.017m; stop_position - 60.004m; platform - 63.949m; fuel - 76.605m; waste_disposal - 92.828m; convenience - 99.471m; car_wash - 102.87m; bank - 146.816m,"[{'road_type': 'footway', 'max_speed': '', 'access': '', 'distance_m': 2.175, 'lanes': ''}, {'road_type': 'service', 'max_speed': '', 'access': '', 'distance_m': 2.175, 'lanes': ''}]","[{'distance_m': 28.795, 'signs': ['traffic_signals'], 'intersection_type': 'traffic_signals', 'intersection_lanes': '', 'max_speed': '', 'access': '', 'crossing': '', 'railway': '', 'barrier': '', 'road_type': {'road_type': 'residential', 'max_speed': '', 'access': '', 'distance_m': 2.175, 'lanes': ''}}, {'distance_m': 43.747, 'signs': ['traffic_signals'], 'intersection_type': 'traffic_signals', 'intersection_lanes': '', 'max_speed': '', 'access': '', 'crossing': '', 'railway': '', 'barrier': '', 'road_type': {'road_type': 'tertiary', 'max_speed': '', 'access': '', 'distance_m': 2.175, 'lanes': '3'}}, {'distance_m': 51.691, 'signs': [], 'intersection_type': '', 'intersection_lanes': '', 'max_speed': '', 'access': '', 'crossing': '', 'railway': '', 'barrier': '', 'road_type': {'road_type': 'footway', 'max_speed': '', 'access': '', 'distance_m': 2.175, 'lanes': ''}}, {'distance_m': 54.708, 'signs': [], 'intersection_type': '', 'intersection_lanes': '', 'max_speed': '', 'access': '', 'crossing': '', 'railway': '', 'barrier': '', 'road_type': {'road_type': 'footway', 'max_speed': '', 'access': '', 'distance_m': 2.175, 'lanes': ''}}, {'distance_m': 71.775, 'signs': [], 'intersection_type': '', 'intersection_lanes': '', 'max_speed': '', 'access': '', 'crossing': '', 'railway': '', 'barrier': '', 'road_type': {'road_type': 'primary', 'max_speed': '40 mph', 'access': '', 'distance_m': 2.175, 'lanes': '4'}}, {'distance_m': 80.498, 'signs': [], 'intersection_type': '', 'intersection_lanes': '', 'max_speed': '', 'access': '', 'crossing': '', 'railway': '', 'barrier': '', 'road_type': {'road_type': 'service', 'max_speed': '', 'access': '', 'distance_m': 28.186, 'lanes': ''}}, {'distance_m': 81.262, 'signs': [], 'intersection_type': '', 'intersection_lanes': '', 'max_speed': '', 'access': '', 'crossing': '', 'railway': '', 'barrier': '', 'road_type': {'road_type': 'service', 'max_speed': '', 'access': '', 'distance_m': 2.175, 'lanes': ''}}, {'distance_m': 90.142, 'signs': [], 'intersection_type': '', 'intersection_lanes': '', 'max_speed': '', 'access': '', 'crossing': '', 'railway': '', 'barrier': '', 'road_type': {'road_type': 'tertiary', 'max_speed': '', 'access': '', 'distance_m': 2.175, 'lanes': '3'}}, {'distance_m': 92.338, 'signs': [], 'intersection_type': '', 'intersection_lanes': '', 'max_speed': '', 'access': '', 'crossing': '', 'railway': '', 'barrier': '', 'road_type': {'road_type': 'service', 'max_speed': '', 'access': '', 'distance_m': 2.175, 'lanes': ''}}, {'distance_m': 95.229, 'signs': [], 'intersection_type': '', 'intersection_lanes': '', 'max_speed': '', 'access': '', 'crossing': '', 'railway': '', 'barrier': '', 'road_type': {'road_type': 'service', 'max_speed': '', 'access': 'customers', 'distance_m': 2.175, 'lanes': ''}}]",0,1,0,0,0,0,1,1,0,0,0,0,0,0,0,0,0,1,0,3,1,0,4,1,13
1068823853,2024-07-03 12:03:23,2024-07-03 12:23:31,1208.0,1,0.0915661481625234,2024-07-03 13:00:44,2024-07-03 13:05:44,424,0,0,424420,0,0,restaurant - 9.355m; cosmetics - 11.725m; restaurant - 19.556m; vacant - 20.061m; cosmetics - 27.577m; pet - 27.687m; restaurant - 33.605m; pet - 35.661m; dry_cleaning - 40.566m; pet - 43.771m; supermarket - 48.507m; supermarket - 51.896m; restaurant - 114.033m; fast_food - 125.269m; hairdresser - 135.113m; e-cigarette - 139.632m,"[{'road_type': 'service', 'max_speed': '', 'access': 'customers', 'distance_m': 13.2, 'lanes': ''}]","[{'distance_m': 40.117, 'signs': [], 'intersection_type': '', 'intersection_lanes': '', 'max_speed': '', 'access': '', 'crossing': '', 'railway': '', 'barrier': '', 'road_type': {'road_type': 'footway', 'max_speed': '', 'access': '', 'distance_m': 13.2, 'lanes': ''}}, {'distance_m': 46.85, 'signs': [], 'intersection_type': '', 'intersection_lanes': '', 'max_speed': '', 'access': '', 'crossing': '', 'railway': '', 'barrier': '', 'road_type': {'road_type': 'primary', 'max_speed': '40 mph', 'access': '', 'distance_m': 31.039, 'lanes': '3'}}, {'distance_m': 64.024, 'signs': [], 'intersection_type': '', 'intersection_lanes': '', 'max_speed': '', 'access': '', 'crossing': '', 'railway': '', 'barrier': '', 'road_type': {'road_type': 'service', 'max_speed': '', 'access': '', 'distance_m': 13.2, 'lanes': ''}}, {'distance_m': 64.489, 'signs': [], 'intersection_type': '', 'intersection_lanes': '', 'max_speed': '', 'access': '', 'crossing': '', 'railway': '', 'barrier': '', 'road_type': {'road_type': 'service', 'max_speed': '', 'access': 'customers', 'distance_m': 13.2, 'lanes': ''}}, {'distance_m': 66.682, 'signs': [], 'intersection_type': '', 'intersection_lanes': '', 'max_speed': '', 'access': '', 'crossing': '', 'railway': '', 'barrier': '', 'road_type': {'road_type': 'footway', 'max_speed': '', 'access': '', 'distance_m': 13.2, 'lanes': ''}}, {'distance_m': 76.157, 'signs': [], 'intersection_type': '', 'intersection_lanes': '', 'max_speed': '', 'access': '', 'crossing': '', 'railway': '', 'barrier': '', 'road_type': {'road_type': 'service', 'max_speed': '', 'access': 'customers', 'distance_m': 13.2, 'lanes': ''}}, {'distance_m': 86.932, 'signs': [], 'intersection_type': '', 'intersection_lanes': '', 'max_speed': '', 'access': '', 'crossing': '', 'railway': '', 'barrier': '', 'road_type': {'road_type': 'primary', 'max_speed': '40 mph', 'access': '', 'distance_m': 31.039, 'lanes': '3'}}, {'distance_m': 92.86, 'signs': [], 'intersection_type': '', 'intersection_lanes': '', 'max_speed': '', 'access': '', 'crossing': '', 'railway': '', 'barrier': '', 'road_type': {'road_type': 'service', 'max_speed': '', 'access': '', 'distance_m': 20.861, 'lanes': ''}}, {'distance_m': 109.402, 'signs': [], 'intersection_type': '', 'intersection_lanes': '', 'max_speed': '', 'access': '', 'crossing': '', 'railway': '', 'barrier': '', 'road_type': {'road_type': 'primary', 'max_speed': '40 mph', 'access': '', 'distance_m': 31.039, 'lanes': '3'}}, {'distance_m': 146.659, 'signs': [], 'intersection_type': '', 'intersection_lanes': '', 'max_speed': '', 'access': '', 'crossing': '', 'railway': '', 'barrier': '', 'road_type': {'road_type': 'primary', 'max_speed': '40 mph', 'access': '', 'distance_m': 31.039, 'lanes': '4'}}]",0,0,0,0,0,0,0,0,0,0,0,4,0,3,0,0,1,0,0,5,2,0,0,0,15
1068823853,2024-07-03 12:30:06,2024-07-03 12:34:10,244.0,1,0.0342094018331004,2024-07-03 13:32:10,2024-07-03 13:39:24,424,0,0,424420,0,0,bench - 18.446m; bar - 21.507m; bakery - 22.02m; fitness_centre - 23.129m; fast_food - 25.1m; restaurant - 27.966m; letter_box - 28.502m; bench - 30.146m; hairdresser - 31.819m; bench - 32.254m; restaurant - 33.213m; atm - 34.143m; bench - 35.143m; beauty - 35.485m; cafe - 38.321m; restaurant - 42.193m; cosmetics - 45.115m; bench - 46.25m; amusement_arcade - 46.799m; dojo - 47.49m; pastry - 59.321m; chocolate - 60.116m; cafe - 62.038m; clinic - 69.414m; supermarket - 70.219m; restaurant - 72.195m; clinic - 74.145m; fast_food - 79.161m; fast_food - 82.132m; dentist - 82.743m; crematorium - 84.531m; cosmetics - 85.487m; pastry - 85.49m; cosmetics - 85.933m; food_court - 86.029m; toilets - 90.09m; cafe - 90.868m; cafe - 114.73m; fast_food - 120.382m; bakery - 128.805m; variety_store - 129.544m; waste_disposal - 132.403m; platform - 133.889m; stop_position - 144.029m,"[{'road_type': 'service', 'max_speed': '', 'access': '', 'distance_m': 6.676, 'lanes': ''}, {'road_type': 'service', 'max_speed': '', 'access': 'customers', 'distance_m': 6.676, 'lanes': ''}]","[{'distance_m': 19.246, 'signs': [], 'intersection_type': '', 'intersection_lanes': '', 'max_speed': '', 'access': '', 'crossing': '', 'railway': '', 'barrier': '', 'road_type': {'road_type': 'service', 'max_speed': '', 'access': '', 'distance_m': 6.676, 'lanes': ''}}, {'distance_m': 43.37, 'signs': [], 'intersection_type': '', 'intersection_lanes': '', 'max_speed': '', 'access': '', 'crossing': '', 'railway': '', 'barrier': '', 'road_type': {'road_type': 'secondary', 'max_speed': '35 mph', 'access': '', 'distance_m': 6.676, 'lanes': '3'}}, {'distance_m': 59.169, 'signs': [], 'intersection_type': '', 'intersection_lanes': '', 'max_speed': '', 'access': '', 'crossing': '', 'railway': '', 'barrier': '', 'road_type': {'road_type': 'secondary', 'max_speed': '35 mph', 'access': '', 'distance_m': 6.676, 'lanes': '3'}}, {'distance_m': 69.85, 'signs': [], 'intersection_type': '', 'intersection_lanes': '', 'max_speed': '', 'access': '', 'crossing': '', 'railway': '', 'barrier': '', 'road_type': {'road_type': 'secondary', 'max_speed': '35 mph', 'access': '', 'distance_m': 6.676, 'lanes': '4'}}, {'distance_m': 86.634, 'signs': [], 'intersection_type': '', 'intersection_lanes': '', 'max_speed': '', 'access': '', 'crossing': '', 'railway': '', 'barrier': '', 'road_type': {'road_type': 'service', 'max_speed': '', 'access': '', 'distance_m': 6.676, 'lanes': ''}}, {'distance_m': 98.77, 'signs': [], 'intersection_type': '', 'intersection_lanes': '', 'max_speed': '', 'access': '', 'crossing': '', 'railway': '', 'barrier': '', 'road_type': {'road_type': 'service', 'max_speed': '', 'access': '', 'distance_m': 6.676, 'lanes': ''}}, {'distance_m': 102.225, 'signs': [], 'intersection_type': '', 'intersection_lanes': '', 'max_speed': '', 'access': '', 'crossing': '', 'railway': '', 'barrier': '', 'road_type': {'road_type': 'secondary', 'max_speed': '35 mph', 'access': '', 'distance_m': 6.676, 'lanes': '4'}}, {'distance_m': 123.578, 'signs': [], 'intersection_type': '', 'intersection_lanes': '', 'max_speed': '', 'access': '', 'crossing': '', 'railway': '', 'barrier': '', 'road_type': {'road_type': 'service', 'max_speed': '', 'access': '', 'distance_m': 6.676, 'lanes': ''}}, {'distance_m': 126.123, 'signs': [], 'intersection_type': '', 'intersection_lanes': '', 'max_speed': '', 'access': '', 'crossing': '', 'railway': '', 'barrier': '', 'road_type': {'road_type': 'service', 'max_speed': '', 'access': '', 'distance_m': 6.676, 'lanes': ''}}, {'distance_m': 126.53, 'signs': [], 'intersection_type': '', 'intersection_lanes': '', 'max_speed': '', 'access': '', 'crossing': '', 'railway': '', 'barrier': '', 'road_type': {'road_type': 'service', 'max_speed': '', 'access': '', 'distance_m': 6.676, 'lanes': ''}}]",0,0,0,0,2,0,1,0,1,3,0,7,0,5,0,0,0,1,0,16,5,0,2,1,44
1068823853,2024-07-03 12:36:59,2024-07-03 12:53:03,964.0,1,0.0179875012521527,2024-07-03 13:44:20,2024-07-03 13:54:07,424,0,0,424420,0,0,restaurant - 27.193m; dry_cleaning - 27.864m; fast_food - 28.276m; restaurant - 29.407m; vacant - 31.734m; beauty - 31.829m; supermarket - 34.567m; restaurant - 37.191m; cafe - 43.98m; sports - 73.093m; supermarket - 94.643m; fuel - 124.851m; bicycle_parking - 133.456m,"[{'road_type': 'service', 'max_speed': '', 'access': '', 'distance_m': 5.909, 'lanes': ''}]","[{'distance_m': 54.783, 'signs': [], 'intersection_type': '', 'intersection_lanes': '', 'max_speed': '', 'access': '', 'crossing': '', 'railway': '', 'barrier': '', 'road_type': {'road_type': 'service', 'max_speed': '', 'access': '', 'distance_m': 5.909, 'lanes': ''}}, {'distance_m': 64.882, 'signs': [], 'intersection_type': '', 'intersection_lanes': '', 'max_speed': '', 'access': '', 'crossing': '', 'railway': '', 'barrier': '', 'road_type': {'road_type': 'primary', 'max_speed': '35 mph', 'access': '', 'distance_m': 5.909, 'lanes': '3'}}, {'distance_m': 70.809, 'signs': [], 'intersection_type': '', 'intersection_lanes': '', 'max_speed': '', 'access': '', 'crossing': '', 'railway': '', 'barrier': '', 'road_type': {'road_type': 'primary', 'max_speed': '35 mph', 'access': '', 'distance_m': 5.909, 'lanes': '3'}}, {'distance_m': 74.963, 'signs': [], 'intersection_type': '', 'intersection_lanes': '', 'max_speed': '', 'access': '', 'crossing': '', 'railway': '', 'barrier': '', 'road_type': {'road_type': 'primary_link', 'max_speed': '', 'access': '', 'distance_m': 5.909, 'lanes': ''}}, {'distance_m': 90.202, 'signs': [], 'intersection_type': '', 'intersection_lanes': '', 'max_speed': '', 'access': '', 'crossing': '', 'railway': '', 'barrier': '', 'road_type': {'road_type': 'primary_link', 'max_speed': '', 'access': '', 'distance_m': 5.909, 'lanes': '1'}}, {'distance_m': 96.241, 'signs': [], 'intersection_type': '', 'intersection_lanes': '', 'max_speed': '', 'access': '', 'crossing': '', 'railway': '', 'barrier': '', 'road_type': {'road_type': 'service', 'max_speed': '', 'access': '', 'distance_m': 64.882, 'lanes': ''}}, {'distance_m': 103.193, 'signs': [], 'intersection_type': '', 'intersection_lanes': '', 'max_speed': '', 'access': '', 'crossing': '', 'railway': '', 'barrier': '', 'road_type': {'road_type': 'primary', 'max_speed': '35 mph', 'access': '', 'distance_m': 5.909, 'lanes': '2'}}, {'distance_m': 107.376, 'signs': [], 'intersection_type': '', 'intersection_lanes': '', 'max_speed': '', 'access': '', 'crossing': '', 'railway': '', 'barrier': '', 'road_type': {'road_type': 'service', 'max_speed': '', 'access': '', 'distance_m': 5.909, 'lanes': ''}}, {'distance_m': 108.075, 'signs': [], 'intersection_type': '', 'intersection_lanes': '', 'max_speed': '', 'access': '', 'crossing': '', 'railway': '', 'barrier': '', 'road_type': {'road_type': 'service', 'max_speed': '', 'access': '', 'distance_m': 5.909, 'lanes': ''}}, {'distance_m': 114.308, 'signs': [], 'intersection_type': '', 'intersection_lanes': '', 'max_speed': '', 'access': '', 'crossing': '', 'railway': '', 'barrier': '', 'road_type': {'road_type': 'service', 'max_speed': '', 'access': '', 'distance_m': 5.909, 'lanes': ''}}]",0,0,0,0,1,0,0,1,0,0,0,1,1,1,0,0,1,0,0,5,2,0,0,0,13
1068823853,2024-07-03 12:56:05,2024-07-03 13:15:04,1139.0,1,0.0357948404493761,2024-07-03 14:14:37,2024-07-03 14:40:07,424,0,0,424420,0,0,restaurant - 21.618m; post_office - 30.072m; supermarket - 36.246m; loading_dock - 46.38m; cafe - 47.599m; restaurant - 57.087m; beauty - 59.973m; beauty - 71.331m; fast_food - 77.755m; cafe - 78.181m; restaurant - 85.977m; restaurant - 89.323m; restaurant - 91.616m; restaurant - 104.467m,"[{'road_type': 'service', 'max_speed': '', 'access': '', 'distance_m': 3.038, 'lanes': ''}, {'road_type': 'service', 'max_speed': '', 'access': '', 'distance_m': 3.038, 'lanes': ''}]","[{'distance_m': 94.311, 'signs': [], 'intersection_type': '', 'intersection_lanes': '', 'max_speed': '', 'access': '', 'crossing': '', 'railway': '', 'barrier': '', 'road_type': {'road_type': 'footway', 'max_speed': '', 'access': '', 'distance_m': 3.038, 'lanes': ''}}, {'distance_m': 102.965, 'signs': [], 'intersection_type': '', 'intersection_lanes': '', 'max_speed': '', 'access': '', 'crossing': '', 'railway': '', 'barrier': '', 'road_type': {'road_type': 'footway', 'max_speed': '', 'access': '', 'distance_m': 3.038, 'lanes': ''}}, {'distance_m': 106.753, 'signs': [], 'intersection_type': '', 'intersection_lanes': '', 'max_speed': '', 'access': '', 'crossing': '', 'railway': '', 'barrier': '', 'road_type': {'road_type': 'secondary', 'max_speed': '30 mph', 'access': '', 'distance_m': 3.038, 'lanes': '5'}}, {'distance_m': 107.074, 'signs': [], 'intersection_type': '', 'intersection_lanes': '', 'max_speed': '', 'access': '', 'crossing': '', 'railway': '', 'barrier': '', 'road_type': {'road_type': 'service', 'max_speed': '', 'access': '', 'distance_m': 3.038, 'lanes': ''}}, {'distance_m': 111.86, 'signs': ['traffic_signals'], 'intersection_type': 'traffic_signals', 'intersection_lanes': '', 'max_speed': '', 'access': '', 'crossing': '', 'railway': '', 'barrier': '', 'road_type': {'road_type': 'service', 'max_speed': '', 'access': '', 'distance_m': 3.038, 'lanes': ''}}, {'distance_m': 127.643, 'signs': ['traffic_signals'], 'intersection_type': 'traffic_signals', 'intersection_lanes': '', 'max_speed': '', 'access': '', 'crossing': '', 'railway': '', 'barrier': '', 'road_type': {'road_type': 'primary', 'max_speed': '35 mph', 'access': '', 'distance_m': 3.038, 'lanes': '4'}}, {'distance_m': 144.028, 'signs': ['traffic_signals'], 'intersection_type': 'traffic_signals', 'intersection_lanes': '', 'max_speed': '', 'access': '', 'crossing': '', 'railway': '', 'barrier': '', 'road_type': {'road_type': 'service', 'max_speed': '', 'access': '', 'distance_m': 3.038, 'lanes': '1'}}]",0,0,0,0,0,0,0,0,0,0,0,0,0,2,0,1,0,0,0,9,1,0,1,0,14
1068823853,2024-07-03 13:17:02,2024-07-03 13:35:05,1083.0,1,0.0630028571411479,2024-07-03 14:14:37,2024-07-03 14:40:07,424,0,0,424420,0,0,restaurant - 14.761m; restaurant - 19.123m; fast_food - 20.298m; restaurant - 23.511m; beauty - 26.514m; restaurant - 40.876m; supermarket - 62.823m; restaurant - 82.552m; restaurant - 93.861m; loading_dock - 97.565m; platform - 101.537m; stop_position - 103.467m; post_office - 107.294m; hairdresser - 110.387m; restaurant - 119.203m; cafe - 121.284m; beauty - 121.918m; cafe - 127.753m; cafe - 133.257m; cafe - 138.361m,"[{'road_type': 'service', 'max_speed': '', 'access': '', 'distance_m': 25.625, 'lanes': ''}, {'road_type': 'service', 'max_speed': '', 'access': '', 'distance_m': 25.625, 'lanes': ''}]","[{'distance_m': 57.083, 'signs': ['traffic_signals'], 'intersection_type': 'traffic_signals', 'intersection_lanes': '', 'max_speed': '', 'access': '', 'crossing': '', 'railway': '', 'barrier': '', 'road_type': {'road_type': 'primary', 'max_speed': '35 mph', 'access': '', 'distance_m': 25.625, 'lanes': '4'}}, {'distance_m': 64.697, 'signs': [], 'intersection_type': '', 'intersection_lanes': '', 'max_speed': '', 'access': '', 'crossing': '', 'railway': '', 'barrier': '', 'road_type': {'road_type': 'service', 'max_speed': '', 'access': '', 'distance_m': 25.625, 'lanes': ''}}, {'distance_m': 65.78, 'signs': ['traffic_signals'], 'intersection_type': 'traffic_signals', 'intersection_lanes': '', 'max_speed': '', 'access': '', 'crossing': '', 'railway': '', 'barrier': '', 'road_type': {'road_type': 'service', 'max_speed': '', 'access': '', 'distance_m': 25.625, 'lanes': '1'}}, {'distance_m': 89.604, 'signs': [], 'intersection_type': '', 'intersection_lanes': '', 'max_speed': '', 'access': '', 'crossing': '', 'railway': '', 'barrier': '', 'road_type': {'road_type': 'service', 'max_speed': '', 'access': '', 'distance_m': 25.625, 'lanes': '1'}}, {'distance_m': 92.664, 'signs': [], 'intersection_type': '', 'intersection_lanes': '', 'max_speed': '', 'access': '', 'crossing': '', 'railway': '', 'barrier': '', 'road_type': {'road_type': 'service', 'max_speed': '', 'access': '', 'distance_m': 25.625, 'lanes': ''}}, {'distance_m': 107.082, 'signs': [], 'intersection_type': '', 'intersection_lanes': '', 'max_speed': '', 'access': '', 'crossing': '', 'railway': '', 'barrier': '', 'road_type': {'road_type': 'primary', 'max_speed': '35 mph', 'access': '', 'distance_m': 25.625, 'lanes': '5'}}, {'distance_m': 116.238, 'signs': [], 'intersection_type': '', 'intersection_lanes': '', 'max_speed': '', 'access': '', 'crossing': '', 'railway': '', 'barrier': '', 'road_type': {'road_type': 'service', 'max_speed': '', 'access': '', 'distance_m': 25.625, 'lanes': ''}}, {'distance_m': 136.87, 'signs': [], 'intersection_type': '', 'intersection_lanes': '', 'max_speed': '', 'access': '', 'crossing': '', 'railway': '', 'barrier': '', 'road_type': {'road_type': 'primary', 'max_speed': '35 mph', 'access': '', 'distance_m': 25.625, 'lanes': '4'}}, {'distance_m': 143.637, 'signs': [], 'intersection_type': '', 'intersection_lanes': '', 'max_speed': '', 'access': '', 'crossing': '', 'railway': '', 'barrier': '', 'road_type': {'road_type': 'secondary', 'max_speed': '30 mph', 'access': '', 'distance_m': 25.625, 'lanes': '5'}}, {'distance_m': 144.296, 'signs': [], 'intersection_type': '', 'intersection_lanes': '', 'max_speed': '', 'access': '', 'crossing': '', 'railway': '', 'barrier': '', 'road_type': {'road_type': 'primary', 'max_speed': '35 mph', 'access': '', 'distance_m': 25.625, 'lanes': '3'}}]",0,0,0,0,0,0,0,0,0,0,0,0,0,3,0,1,0,0,0,12,1,0,3,0,20
1068823853,2024-07-03 13:53:41.001000,2024-07-04 06:19:07,59125.999,0,-1.0,,,424,0,0,424420,0,0,clinic - 98.685m; social_facility - 124.267m,"[{'road_type': 'footway', 'max_speed': '', 'access': '', 'distance_m': 13.149, 'lanes': ''}]","[{'distance_m': 117.13, 'signs': [], 'intersection_type': '', 'intersection_lanes': '', 'max_speed': '', 'access': '', 'crossing': '', 'railway': '', 'barrier': '', 'road_type': {'road_type': 'service', 'max_speed': '', 'access': 'private', 'distance_m': 13.149, 'lanes': ''}}, {'distance_m': 132.648, 'signs': [], 'intersection_type': '', 'intersection_lanes': '', 'max_speed': '', 'access': '', 'crossing': '', 'railway': '', 'barrier': '', 'road_type': {'road_type': 'service', 'max_speed': '', 'access': '', 'distance_m': 14.906, 'lanes': ''}}]",0,0,0,0,1,0,0,0,0,1,0,0,0,0,0,0,0,0,0,0,0,0,0,0,2
1068823853,2024-07-04 06:55:12,2024-07-04 08:53:02,7070.0,1,0.0831769008728779,2024-07-04 10:00:00,2024-07-04 10:01:00,424,0,0,424420,0,0,,"[{'road_type': 'service', 'max_speed': '', 'access': '', 'distance_m': 3.621, 'lanes': ''}, {'road_type': 'service', 'max_speed': '', 'access': '', 'distance_m': 3.621, 'lanes': ''}]","[{'distance_m': 24.329, 'signs': [], 'intersection_type': '', 'intersection_lanes': '', 'max_speed': '', 'access': '', 'crossing': '', 'railway': '', 'barrier': '', 'road_type': {'road_type': 'service', 'max_speed': '', 'access': '', 'distance_m': 3.621, 'lanes': ''}}, {'distance_m': 114.491, 'signs': [], 'intersection_type': 'turning_circle', 'intersection_lanes': '', 'max_speed': '', 'access': '', 'crossing': '', 'railway': '', 'barrier': '', 'road_type': {'road_type': 'service', 'max_speed': '', 'access': '', 'distance_m': 3.621, 'lanes': ''}}]",0,0,0,0,0,0,0,0,0,0,0,0,0,0,0,0,0,0,0,0,0,0,0,0,0
1068823853,2024-07-04 09:32:18,2024-07-04 09:48:22,964.0,1,0.0481746826019444,2024-07-04 10:38:28,2024-07-04 10:57:29,424,0,0,424420,0,0,loading_dock - 28.45m; restaurant - 40.417m; fitness_centre - 51.962m; restaurant - 52.779m; jewelry - 67.065m; clothes - 67.45m; shoes - 67.992m; mobile_phone - 70.118m; clothes - 70.269m; animal_shelter - 70.512m; clothes - 71.738m; clothes - 72.274m; furniture - 73.988m; shoes - 74.492m; clothes - 74.582m; shoes - 74.873m; clothes - 79.932m; bowling_alley - 81.349m; clothes - 83.048m; clothes - 83.772m; clothes - 84.977m; books - 86.456m; clothes - 88.566m; jewelry - 89.398m; ice_cream - 92.838m; clothes - 93.055m; jewelry - 93.42m; clothes - 93.614m; clothes - 94.132m; clothes - 95.296m; jewelry - 96.317m; clothes - 101.659m; indoor_play - 102.723m; cafe - 105.164m; jewelry - 109.916m; anime - 110.425m; shoes - 111.092m; sports - 112.532m; jewelry - 113.247m; sports - 113.545m; jewelry - 115.376m; mobile_phone - 117.263m; clothes - 117.955m; jewelry - 120.444m; clothes - 120.689m; electronics - 121.211m; perfumery - 123.677m; fast_food - 123.979m; fashion_accessories - 124.301m; fast_food - 125.013m; fast_food - 125.781m; clothes - 127.865m; beauty - 128.418m; cosmetics - 128.7m; cosmetics - 131.854m; shoes - 132.029m; department_store - 132.53m; clothes - 135.543m; jewelry - 138.267m; post_office - 138.596m; shoes - 138.843m; clothes - 139.033m; loading_dock - 140.869m; clothes - 140.887m; loading_dock - 141.749m; beauty - 144.005m; dentist - 144.365m; clothes - 146.541m; clothes - 147.017m; beauty - 147.425m; clothes - 150.415m,"[{'road_type': 'service', 'max_speed': '', 'access': '', 'distance_m': 5.582, 'lanes': ''}]","[{'distance_m': 137.016, 'signs': [], 'intersection_type': '', 'intersection_lanes': '', 'max_speed': '', 'access': '', 'crossing': '', 'railway': '', 'barrier': '', 'road_type': {'road_type': 'service', 'max_speed': '', 'access': '', 'distance_m': 24.731, 'lanes': ''}}, {'distance_m': 140.39, 'signs': [], 'intersection_type': '', 'intersection_lanes': '', 'max_speed': '', 'access': '', 'crossing': '', 'railway': '', 'barrier': '', 'road_type': {'road_type': 'service', 'max_speed': '', 'access': '', 'distance_m': 5.582, 'lanes': ''}}, {'distance_m': 148.65, 'signs': [], 'intersection_type': '', 'intersection_lanes': '', 'max_speed': '', 'access': '', 'crossing': '', 'railway': '', 'barrier': '', 'road_type': {'road_type': 'footway', 'max_speed': '', 'access': '', 'distance_m': 19.439, 'lanes': ''}}]",0,0,0,0,5,0,0,0,0,1,0,1,0,5,0,1,1,0,0,7,47,0,3,0,71
1068823853,2024-07-04 09:56:22,2024-07-04 10:00:24,242.0,1,0.0795484862831027,2024-07-04 11:06:13,2024-07-04 11:12:29,424,0,0,424420,0,0,fast_food - 17.51m; mobile_phone - 30.592m; tailor - 34.676m; herbalist - 35.334m; fast_food - 36.017m; dentist - 37.375m; waste_disposal - 37.641m; waste_disposal - 41.424m; post_office - 43.478m; bakery - 44.253m; video - 45.95m; clothes - 48.198m; waste_disposal - 49.114m; supermarket - 52.505m; clothes - 54.069m; fast_food - 58.103m; bank - 59.16m; fast_food - 59.232m; fast_food - 62.841m; food_court - 66.553m; fast_food - 66.905m; fast_food - 68.239m; fast_food - 68.319m; florist - 70.023m; restaurant - 72.293m; fast_food - 72.413m; fast_food - 72.692m; hairdresser - 74.13m; fast_food - 74.488m; fast_food - 75.271m; dance - 75.826m; restaurant - 81.491m; loading_dock - 83.727m; meditation_centre - 88.627m; optician - 93.554m; restaurant - 100.629m; platform - 105.493m; stop_position - 108.309m; stop_position - 115.494m; platform - 122.21m; dentist - 124.183m; restaurant - 136.407m; waste_disposal - 138.47m; doctors - 141.729m; beauty - 144.329m; bakery - 149.565m,"[{'road_type': 'service', 'max_speed': '', 'access': '', 'distance_m': 5.348, 'lanes': ''}]","[{'distance_m': 9.166, 'signs': [], 'intersection_type': '', 'intersection_lanes': '', 'max_speed': '', 'access': '', 'crossing': '', 'railway': '', 'barrier': '', 'road_type': {'road_type': 'service', 'max_speed': '', 'access': '', 'distance_m': 5.348, 'lanes': ''}}, {'distance_m': 24.353, 'signs': [], 'intersection_type': '', 'intersection_lanes': '', 'max_speed': '', 'access': '', 'crossing': '', 'railway': '', 'barrier': '', 'road_type': {'road_type': 'footway', 'max_speed': '', 'access': '', 'distance_m': 5.348, 'lanes': ''}}, {'distance_m': 79.336, 'signs': [], 'intersection_type': '', 'intersection_lanes': '', 'max_speed': '', 'access': '', 'crossing': '', 'railway': '', 'barrier': '', 'road_type': {'road_type': 'service', 'max_speed': '', 'access': '', 'distance_m': 5.348, 'lanes': ''}}, {'distance_m': 82.06, 'signs': [], 'intersection_type': '', 'intersection_lanes': '', 'max_speed': '', 'access': '', 'crossing': '', 'railway': '', 'barrier': '', 'road_type': {'road_type': 'footway', 'max_speed': '', 'access': '', 'distance_m': 5.348, 'lanes': ''}}, {'distance_m': 100.941, 'signs': [], 'intersection_type': '', 'intersection_lanes': '', 'max_speed': '', 'access': '', 'crossing': '', 'railway': '', 'barrier': '', 'road_type': {'road_type': 'service', 'max_speed': '', 'access': '', 'distance_m': 5.348, 'lanes': ''}}, {'distance_m': 107.006, 'signs': ['traffic_signals'], 'intersection_type': 'traffic_signals', 'intersection_lanes': '', 'max_speed': '', 'access': '', 'crossing': '', 'railway': '', 'barrier': '', 'road_type': {'road_type': 'secondary', 'max_speed': '', 'access': '', 'distance_m': 5.348, 'lanes': '5'}}, {'distance_m': 119.576, 'signs': [], 'intersection_type': '', 'intersection_lanes': '', 'max_speed': '', 'access': '', 'crossing': '', 'railway': '', 'barrier': '', 'road_type': {'road_type': 'secondary', 'max_speed': '', 'access': '', 'distance_m': 5.348, 'lanes': '5'}}, {'distance_m': 123.777, 'signs': [], 'intersection_type': '', 'intersection_lanes': '', 'max_speed': '', 'access': '', 'crossing': '', 'railway': '', 'barrier': '', 'road_type': {'road_type': 'footway', 'max_speed': '', 'access': '', 'distance_m': 5.348, 'lanes': ''}}, {'distance_m': 130.13, 'signs': [], 'intersection_type': '', 'intersection_lanes': '', 'max_speed': '', 'access': '', 'crossing': '', 'railway': '', 'barrier': '', 'road_type': {'road_type': 'secondary', 'max_speed': '', 'access': '', 'distance_m': 5.348, 'lanes': '5'}}, {'distance_m': 144.458, 'signs': [], 'intersection_type': '', 'intersection_lanes': '', 'max_speed': '', 'access': '', 'crossing': '', 'railway': '', 'barrier': '', 'road_type': {'road_type': 'residential', 'max_speed': '', 'access': '', 'distance_m': 107.006, 'lanes': ''}}]",0,0,1,0,0,0,1,0,0,5,0,0,0,3,0,1,1,0,0,19,6,0,5,4,46
1068823853,2024-07-04 10:04:12,2024-07-04 10:08:24,252.0,1,0.032556882596124,2024-07-04 11:18:01,2024-07-04 11:25:28,424,0,0,424420,0,0,vacant - 25.659m; beauty - 25.729m; pet - 27.933m; jewelry - 30.821m; restaurant - 35.578m; restaurant - 40.588m; restaurant - 44.832m; mobile_phone - 47.543m; pastry - 47.57m; nutrition_supplements - 48.842m; fast_food - 56.654m; post_office - 58.444m; money_transfer - 59.79m; ice_cream - 66.392m; cafe - 72.29m; waste_disposal - 81.122m; tobacco - 81.546m; money_lender - 86.126m; clinic - 129.645m,"[{'road_type': 'service', 'max_speed': '', 'access': '', 'distance_m': 39.839, 'lanes': ''}, {'road_type': 'service', 'max_speed': '', 'access': '', 'distance_m': 9.306, 'lanes': ''}]","[{'distance_m': 70.422, 'signs': [], 'intersection_type': '', 'intersection_lanes': '', 'max_speed': '', 'access': '', 'crossing': '', 'railway': '', 'barrier': '', 'road_type': {'road_type': 'tertiary', 'max_speed': '', 'access': '', 'distance_m': 9.306, 'lanes': '2'}}]",0,0,0,0,0,0,2,0,0,1,0,2,0,1,0,1,0,0,0,6,5,0,0,1,19
1068823853,2024-07-04 10:14:22,2024-07-04 10:30:25,963.0,1,0.018732561309027,2024-07-04 11:31:32,2024-07-04 11:40:41,424,0,0,424420,0,0,fast_food - 15.54m; cafe - 16.28m; car_repair - 20.671m; beauty - 21.058m; restaurant - 25.311m; dry_cleaning - 25.479m; fast_food - 29.47m; beauty - 30.033m; fast_food - 33.932m; post_office - 36.998m; car_repair - 44.321m; alcohol - 55.142m; water - 56.546m; restaurant - 60.013m; platform - 72.17m; stop_position - 76.723m; platform - 105.718m; stop_position - 113.248m; stop_position - 113.411m; platform - 128.839m; waste_disposal - 137.896m,"[{'road_type': 'service', 'max_speed': '', 'access': '', 'distance_m': 13.432, 'lanes': ''}, {'road_type': 'service', 'max_speed': '', 'access': '', 'distance_m': 13.432, 'lanes': ''}]","[{'distance_m': 25.485, 'signs': [], 'intersection_type': '', 'intersection_lanes': '', 'max_speed': '', 'access': '', 'crossing': '', 'railway': '', 'barrier': '', 'road_type': {'road_type': 'service', 'max_speed': '', 'access': '', 'distance_m': 13.432, 'lanes': ''}}, {'distance_m': 48.612, 'signs': [], 'intersection_type': '', 'intersection_lanes': '', 'max_speed': '', 'access': '', 'crossing': '', 'railway': '', 'barrier': '', 'road_type': {'road_type': 'service', 'max_speed': '', 'access': '', 'distance_m': 13.432, 'lanes': ''}}, {'distance_m': 65.301, 'signs': [], 'intersection_type': '', 'intersection_lanes': '', 'max_speed': '', 'access': '', 'crossing': '', 'railway': '', 'barrier': '', 'road_type': {'road_type': 'service', 'max_speed': '', 'access': '', 'distance_m': 13.432, 'lanes': ''}}, {'distance_m': 86.036, 'signs': [], 'intersection_type': '', 'intersection_lanes': '', 'max_speed': '', 'access': '', 'crossing': '', 'railway': '', 'barrier': '', 'road_type': {'road_type': 'primary', 'max_speed': '', 'access': '', 'distance_m': 13.432, 'lanes': '3'}}, {'distance_m': 106.04, 'signs': [], 'intersection_type': '', 'intersection_lanes': '', 'max_speed': '', 'access': '', 'crossing': '', 'railway': '', 'barrier': '', 'road_type': {'road_type': 'footway', 'max_speed': '', 'access': '', 'distance_m': 13.432, 'lanes': ''}}, {'distance_m': 119.857, 'signs': ['traffic_signals'], 'intersection_type': 'traffic_signals', 'intersection_lanes': '', 'max_speed': '', 'access': '', 'crossing': '', 'railway': '', 'barrier': '', 'road_type': {'road_type': 'primary', 'max_speed': '', 'access': '', 'distance_m': 13.432, 'lanes': '5'}}, {'distance_m': 126.019, 'signs': ['traffic_signals'], 'intersection_type': 'traffic_signals', 'intersection_lanes': '', 'max_speed': '', 'access': '', 'crossing': '', 'railway': '', 'barrier': '', 'road_type': {'road_type': 'primary', 'max_speed': '', 'access': '', 'distance_m': 37.366, 'lanes': '5'}}, {'distance_m': 126.292, 'signs': [], 'intersection_type': '', 'intersection_lanes': '', 'max_speed': '', 'access': '', 'crossing': '', 'railway': '', 'barrier': '', 'road_type': {'road_type': 'footway', 'max_speed': '', 'access': '', 'distance_m': 13.432, 'lanes': ''}}, {'distance_m': 131.786, 'signs': ['traffic_signals'], 'intersection_type': 'traffic_signals', 'intersection_lanes': '', 'max_speed': '', 'access': '', 'crossing': '', 'railway': '', 'barrier': '', 'road_type': {'road_type': 'secondary', 'max_speed': '35 mph', 'access': '', 'distance_m': 13.432, 'lanes': '2'}}, {'distance_m': 136.695, 'signs': ['traffic_signals'], 'intersection_type': 'traffic_signals', 'intersection_lanes': '', 'max_speed': '', 'access': '', 'crossing': '', 'railway': '', 'barrier': '', 'road_type': {'road_type': 'primary', 'max_speed': '', 'access': '', 'distance_m': 13.432, 'lanes': '3'}}]",0,2,0,0,0,0,0,0,0,0,0,1,0,2,0,1,1,0,0,6,1,0,6,1,21
1068823853,2024-07-04 10:37:05,2024-07-04 10:49:05,720.0,1,0.0229458189402885,2024-07-04 11:48:13,2024-07-04 12:06:25,424,0,0,424420,0,0,restaurant - 28.659m; bench - 42.102m; platform - 47.083m; stop_position - 54.302m; pet - 64.495m; stop_position - 84.515m; platform - 90.476m; vacant - 114.704m; beauty - 120.506m; bank - 130.697m,"[{'road_type': 'footway', 'max_speed': '', 'access': '', 'distance_m': 30.048, 'lanes': ''}]","[{'distance_m': 46.493, 'signs': [], 'intersection_type': '', 'intersection_lanes': '', 'max_speed': '', 'access': '', 'crossing': '', 'railway': '', 'barrier': '', 'road_type': {'road_type': 'primary', 'max_speed': '35 mph', 'access': '', 'distance_m': 30.048, 'lanes': '3'}}, {'distance_m': 61.158, 'signs': [], 'intersection_type': '', 'intersection_lanes': '', 'max_speed': '', 'access': '', 'crossing': '', 'railway': '', 'barrier': '', 'road_type': {'road_type': 'service', 'max_speed': '', 'access': '', 'distance_m': 30.048, 'lanes': ''}}, {'distance_m': 90.419, 'signs': [], 'intersection_type': '', 'intersection_lanes': '', 'max_speed': '', 'access': '', 'crossing': '', 'railway': '', 'barrier': '', 'road_type': {'road_type': 'service', 'max_speed': '', 'access': 'customers', 'distance_m': 30.048, 'lanes': ''}}, {'distance_m': 95.696, 'signs': [], 'intersection_type': '', 'intersection_lanes': '', 'max_speed': '', 'access': '', 'crossing': '', 'railway': '', 'barrier': '', 'road_type': {'road_type': 'primary', 'max_speed': '35 mph', 'access': '', 'distance_m': 30.048, 'lanes': '3'}}, {'distance_m': 113.266, 'signs': [], 'intersection_type': '', 'intersection_lanes': '', 'max_speed': '', 'access': '', 'crossing': '', 'railway': '', 'barrier': '', 'road_type': {'road_type': 'service', 'max_speed': '', 'access': 'customers', 'distance_m': 30.048, 'lanes': ''}}, {'distance_m': 120.134, 'signs': ['traffic_signals'], 'intersection_type': 'traffic_signals', 'intersection_lanes': '', 'max_speed': '', 'access': '', 'crossing': '', 'railway': '', 'barrier': '', 'road_type': {'road_type': 'primary', 'max_speed': '35 mph', 'access': '', 'distance_m': 30.048, 'lanes': '3'}}, {'distance_m': 120.843, 'signs': ['traffic_signals'], 'intersection_type': 'traffic_signals', 'intersection_lanes': '', 'max_speed': '', 'access': '', 'crossing': '', 'railway': '', 'barrier': '', 'road_type': {'road_type': 'primary', 'max_speed': '35 mph', 'access': '', 'distance_m': 30.048, 'lanes': '4'}}, {'distance_m': 129.902, 'signs': [], 'intersection_type': '', 'intersection_lanes': '', 'max_speed': '', 'access': '', 'crossing': '', 'railway': '', 'barrier': '', 'road_type': {'road_type': 'footway', 'max_speed': '', 'access': '', 'distance_m': 30.048, 'lanes': ''}}, {'distance_m': 149.013, 'signs': [], 'intersection_type': '', 'intersection_lanes': '', 'max_speed': '', 'access': '', 'crossing': '', 'railway': '', 'barrier': '', 'road_type': {'road_type': 'primary', 'max_speed': '35 mph', 'access': '', 'distance_m': 30.048, 'lanes': '4'}}]",0,0,0,0,0,0,1,0,0,0,0,3,0,1,0,0,0,0,0,1,0,0,4,0,10
1068823853,2024-07-04 10:56:51,2024-07-04 11:00:53,242.0,1,0.0179396273818967,2024-07-04 12:13:21,2024-07-04 12:22:00,424,0,0,424420,0,0,waste_disposal - 7.085m; waste_disposal - 13.983m; fast_food - 30.72m; dentist - 31.783m; cinema - 32.881m; ice_cream - 34.447m; prep_school - 38.103m; waste_disposal - 42.936m; waste_disposal - 59.538m; waste_disposal - 59.748m; restaurant - 63.505m; waste_disposal - 68.925m; massage - 71.63m; waste_disposal - 99.083m; beauty - 124.657m; waste_disposal - 139.017m; fitness_centre - 143.717m,"[{'road_type': 'service', 'max_speed': '', 'access': 'customers', 'distance_m': 19.405, 'lanes': ''}, {'road_type': 'service', 'max_speed': '', 'access': '', 'distance_m': 19.405, 'lanes': ''}]","[{'distance_m': 31.831, 'signs': [], 'intersection_type': '', 'intersection_lanes': '', 'max_speed': '', 'access': '', 'crossing': '', 'railway': '', 'barrier': '', 'road_type': {'road_type': 'service', 'max_speed': '', 'access': '', 'distance_m': 19.405, 'lanes': ''}}, {'distance_m': 32.421, 'signs': [], 'intersection_type': '', 'intersection_lanes': '', 'max_speed': '', 'access': '', 'crossing': '', 'railway': '', 'barrier': '', 'road_type': {'road_type': 'service', 'max_speed': '', 'access': 'customers', 'distance_m': 19.405, 'lanes': ''}}, {'distance_m': 44.655, 'signs': [], 'intersection_type': '', 'intersection_lanes': '', 'max_speed': '', 'access': '', 'crossing': '', 'railway': '', 'barrier': '', 'road_type': {'road_type': 'service', 'max_speed': '', 'access': '', 'distance_m': 19.405, 'lanes': ''}}, {'distance_m': 49.947, 'signs': [], 'intersection_type': '', 'intersection_lanes': '', 'max_speed': '', 'access': '', 'crossing': '', 'railway': '', 'barrier': '', 'road_type': {'road_type': 'service', 'max_speed': '', 'access': 'customers', 'distance_m': 19.405, 'lanes': ''}}, {'distance_m': 60.137, 'signs': [], 'intersection_type': '', 'intersection_lanes': '', 'max_speed': '', 'access': '', 'crossing': '', 'railway': '', 'barrier': '', 'road_type': {'road_type': 'service', 'max_speed': '', 'access': '', 'distance_m': 19.405, 'lanes': ''}}, {'distance_m': 68.337, 'signs': [], 'intersection_type': '', 'intersection_lanes': '', 'max_speed': '', 'access': '', 'crossing': '', 'railway': '', 'barrier': '', 'road_type': {'road_type': 'tertiary', 'max_speed': '35 mph', 'access': '', 'distance_m': 19.405, 'lanes': '5'}}, {'distance_m': 101.346, 'signs': [], 'intersection_type': '', 'intersection_lanes': '', 'max_speed': '', 'access': '', 'crossing': '', 'railway': '', 'barrier': '', 'road_type': {'road_type': 'tertiary', 'max_speed': '35 mph', 'access': '', 'distance_m': 50.632, 'lanes': '5'}}, {'distance_m': 112.174, 'signs': [], 'intersection_type': '', 'intersection_lanes': '', 'max_speed': '', 'access': '', 'crossing': '', 'railway': '', 'barrier': '', 'road_type': {'road_type': 'footway', 'max_speed': '', 'access': '', 'distance_m': 19.405, 'lanes': ''}}, {'distance_m': 130.278, 'signs': ['traffic_signals'], 'intersection_type': 'traffic_signals', 'intersection_lanes': '', 'max_speed': '', 'access': '', 'crossing': '', 'railway': '', 'barrier': '', 'road_type': {'road_type': 'tertiary', 'max_speed': '35 mph', 'access': '', 'distance_m': 56.661, 'lanes': '4'}}, {'distance_m': 138.117, 'signs': [], 'intersection_type': '', 'intersection_lanes': '', 'max_speed': '', 'access': '', 'crossing': '', 'railway': '', 'barrier': '', 'road_type': {'road_type': 'footway', 'max_speed': '', 'access': '', 'distance_m': 19.405, 'lanes': ''}}]",0,0,1,0,2,0,0,0,0,1,0,0,0,2,0,0,0,0,0,3,0,0,0,8,17
1068823853,2024-07-04 11:10:51,2024-07-04 11:18:53,482.0,1,0.0061185846266839,2024-07-04 12:30:04,2024-07-04 12:39:43,424,0,0,424420,0,0,bicycle_rental - 29.979m; ice_cream - 45.416m; parking_entrance - 67.525m; restaurant - 81.065m; platform - 89.727m; stop_position - 90.952m; parking_entrance - 96.789m; stop_position - 97.734m; platform - 99.581m; restaurant - 101.251m; parking_entrance - 105.78m; parking_entrance - 112.456m; fountain - 113.09m; ice_cream - 116.61m; restaurant - 120.494m; restaurant - 124.875m; restaurant - 125.26m; fast_food - 134.827m; platform - 135.468m; stop_position - 137.062m; fast_food - 140.665m; cafe - 142.214m; stop_position - 144.414m; beauty - 146.264m; platform - 147.271m; hairdresser - 148.597m; beauty - 150.111m,"[{'road_type': 'footway', 'max_speed': '', 'access': '', 'distance_m': 18.582, 'lanes': ''}]","[{'distance_m': 60.77, 'signs': [], 'intersection_type': '', 'intersection_lanes': '', 'max_speed': '', 'access': '', 'crossing': '', 'railway': '', 'barrier': '', 'road_type': {'road_type': 'footway', 'max_speed': '', 'access': '', 'distance_m': 18.582, 'lanes': ''}}, {'distance_m': 71.137, 'signs': [], 'intersection_type': '', 'intersection_lanes': '', 'max_speed': '', 'access': '', 'crossing': '', 'railway': '', 'barrier': '', 'road_type': {'road_type': 'service', 'max_speed': '', 'access': '', 'distance_m': 18.582, 'lanes': ''}}, {'distance_m': 90.504, 'signs': [], 'intersection_type': '', 'intersection_lanes': '', 'max_speed': '', 'access': '', 'crossing': '', 'railway': '', 'barrier': '', 'road_type': {'road_type': 'service', 'max_speed': '', 'access': '', 'distance_m': 18.582, 'lanes': ''}}, {'distance_m': 122.092, 'signs': [], 'intersection_type': '', 'intersection_lanes': '', 'max_speed': '', 'access': '', 'crossing': '', 'railway': '', 'barrier': '', 'road_type': {'road_type': 'footway', 'max_speed': '', 'access': '', 'distance_m': 18.582, 'lanes': ''}}, {'distance_m': 124.567, 'signs': [], 'intersection_type': '', 'intersection_lanes': '', 'max_speed': '', 'access': '', 'crossing': '', 'railway': '', 'barrier': '', 'road_type': {'road_type': 'footway', 'max_speed': '', 'access': '', 'distance_m': 18.582, 'lanes': ''}}, {'distance_m': 133.844, 'signs': ['traffic_signals'], 'intersection_type': 'traffic_signals', 'intersection_lanes': '', 'max_speed': '', 'access': '', 'crossing': '', 'railway': '', 'barrier': '', 'road_type': {'road_type': 'secondary', 'max_speed': '25 mph', 'access': '', 'distance_m': 25.61, 'lanes': '3'}}, {'distance_m': 145.072, 'signs': [], 'intersection_type': '', 'intersection_lanes': '', 'max_speed': '', 'access': '', 'crossing': '', 'railway': '', 'barrier': '', 'road_type': {'road_type': 'footway', 'max_speed': '', 'access': '', 'distance_m': 18.582, 'lanes': ''}}, {'distance_m': 146.262, 'signs': [], 'intersection_type': '', 'intersection_lanes': '', 'max_speed': '', 'access': '', 'crossing': '', 'railway': '', 'barrier': '', 'road_type': {'road_type': 'footway', 'max_speed': '', 'access': '', 'distance_m': 18.582, 'lanes': ''}}]",0,0,0,0,0,0,0,0,0,0,0,1,4,3,0,0,1,0,0,10,0,0,8,0,27
1068823853,2024-07-04 11:22:54,2024-07-04 11:29:25,391.0,1,0.0282784822145148,2024-07-04 12:45:01,2024-07-04 12:54:54,424,0,0,424420,0,0,platform - 5.797m; stop_position - 7.525m; platform - 44.55m; stop_position - 45.804m; fuel - 77.126m; vacuum_cleaner - 105.666m,"[{'road_type': 'secondary', 'max_speed': '35 mph', 'access': '', 'distance_m': 30.998, 'lanes': '5'}, {'road_type': 'secondary', 'max_speed': '35 mph', 'access': '', 'distance_m': 7.25, 'lanes': '5'}, {'road_type': 'service', 'max_speed': '', 'access': '', 'distance_m': 7.25, 'lanes': ''}]","[{'distance_m': 7.25, 'signs': [], 'intersection_type': '', 'intersection_lanes': '', 'max_speed': '', 'access': '', 'crossing': '', 'railway': '', 'barrier': '', 'road_type': {'road_type': 'service', 'max_speed': '', 'access': '', 'distance_m': 7.25, 'lanes': ''}}, {'distance_m': 28.294, 'signs': [], 'intersection_type': '', 'intersection_lanes': '', 'max_speed': '', 'access': '', 'crossing': '', 'railway': '', 'barrier': '', 'road_type': {'road_type': 'secondary', 'max_speed': '35 mph', 'access': '', 'distance_m': 7.25, 'lanes': '5'}}, {'distance_m': 37.35, 'signs': [], 'intersection_type': '', 'intersection_lanes': '', 'max_speed': '', 'access': '', 'crossing': '', 'railway': '', 'barrier': '', 'road_type': {'road_type': 'secondary', 'max_speed': '35 mph', 'access': '', 'distance_m': 7.25, 'lanes': '2'}}, {'distance_m': 43.282, 'signs': [], 'intersection_type': '', 'intersection_lanes': '', 'max_speed': '', 'access': '', 'crossing': '', 'railway': '', 'barrier': '', 'road_type': {'road_type': 'service', 'max_speed': '', 'access': '', 'distance_m': 7.25, 'lanes': ''}}, {'distance_m': 59.453, 'signs': [], 'intersection_type': '', 'intersection_lanes': '', 'max_speed': '', 'access': '', 'crossing': '', 'railway': '', 'barrier': '', 'road_type': {'road_type': 'secondary', 'max_speed': '35 mph', 'access': '', 'distance_m': 7.25, 'lanes': '2'}}, {'distance_m': 61.863, 'signs': [], 'intersection_type': '', 'intersection_lanes': '', 'max_speed': '', 'access': '', 'crossing': '', 'railway': '', 'barrier': '', 'road_type': {'road_type': 'service', 'max_speed': '', 'access': '', 'distance_m': 7.25, 'lanes': ''}}, {'distance_m': 96.213, 'signs': [], 'intersection_type': '', 'intersection_lanes': '', 'max_speed': '', 'access': '', 'crossing': '', 'railway': '', 'barrier': '', 'road_type': {'road_type': 'footway', 'max_speed': '', 'access': '', 'distance_m': 7.25, 'lanes': ''}}, {'distance_m': 96.35, 'signs': [], 'intersection_type': '', 'intersection_lanes': '', 'max_speed': '', 'access': '', 'crossing': '', 'railway': '', 'barrier': '', 'road_type': {'road_type': 'footway', 'max_speed': '', 'access': '', 'distance_m': 7.25, 'lanes': ''}}, {'distance_m': 103.805, 'signs': ['traffic_signals'], 'intersection_type': 'traffic_signals', 'intersection_lanes': '', 'max_speed': '', 'access': '', 'crossing': '', 'railway': '', 'barrier': '', 'road_type': {'road_type': 'secondary', 'max_speed': '35 mph', 'access': '', 'distance_m': 7.25, 'lanes': '3'}}, {'distance_m': 104.149, 'signs': [], 'intersection_type': '', 'intersection_lanes': '', 'max_speed': '', 'access': '', 'crossing': '', 'railway': '', 'barrier': '', 'road_type': {'road_type': 'service', 'max_speed': '', 'access': '', 'distance_m': 7.25, 'lanes': ''}}]",0,0,0,0,0,0,0,1,0,0,0,0,0,0,0,0,0,0,0,0,1,0,4,0,6
1068823853,2024-07-04 11:51:22,2024-07-04 12:08:44,1042.0,1,0.0303557951733351,2024-07-04 13:03:30,2024-07-04 13:24:05,424,0,0,424420,0,0,restaurant - 31.592m; platform - 43.919m; nutrition_supplements - 48.064m; stop_position - 51.203m; supermarket - 51.492m; stop_position - 53.686m; greengrocer - 54.975m; post_office - 57.606m; platform - 63.867m; fast_food - 73.589m; restaurant - 92.921m; bakery - 109.35m; dry_cleaning - 116.123m; fast_food - 118.868m; laundry - 120.673m; music - 131.984m; platform - 133.97m; stop_position - 135.559m; restaurant - 141.311m; information - 145.195m; supermarket - 147.923m,"[{'road_type': 'service', 'max_speed': '', 'access': '', 'distance_m': 5.286, 'lanes': ''}]","[{'distance_m': 53.556, 'signs': [], 'intersection_type': '', 'intersection_lanes': '', 'max_speed': '', 'access': '', 'crossing': '', 'railway': '', 'barrier': '', 'road_type': {'road_type': 'footway', 'max_speed': '', 'access': '', 'distance_m': 5.286, 'lanes': ''}}, {'distance_m': 64.705, 'signs': ['traffic_signals'], 'intersection_type': 'traffic_signals', 'intersection_lanes': '', 'max_speed': '', 'access': '', 'crossing': '', 'railway': '', 'barrier': '', 'road_type': {'road_type': 'primary', 'max_speed': '', 'access': '', 'distance_m': 5.286, 'lanes': '3'}}, {'distance_m': 67.61, 'signs': [], 'intersection_type': '', 'intersection_lanes': '', 'max_speed': '', 'access': '', 'crossing': '', 'railway': '', 'barrier': '', 'road_type': {'road_type': 'primary', 'max_speed': '', 'access': '', 'distance_m': 5.286, 'lanes': '6'}}, {'distance_m': 70.299, 'signs': [], 'intersection_type': '', 'intersection_lanes': '', 'max_speed': '', 'access': '', 'crossing': '', 'railway': '', 'barrier': '', 'road_type': {'road_type': 'primary', 'max_speed': '', 'access': '', 'distance_m': 5.286, 'lanes': '6'}}, {'distance_m': 71.439, 'signs': [], 'intersection_type': '', 'intersection_lanes': '', 'max_speed': '', 'access': '', 'crossing': '', 'railway': '', 'barrier': '', 'road_type': {'road_type': 'primary', 'max_speed': '', 'access': '', 'distance_m': 5.286, 'lanes': '3'}}, {'distance_m': 71.724, 'signs': ['traffic_signals'], 'intersection_type': 'traffic_signals', 'intersection_lanes': '', 'max_speed': '', 'access': '', 'crossing': '', 'railway': '', 'barrier': '', 'road_type': {'road_type': 'secondary', 'max_speed': '', 'access': '', 'distance_m': 5.286, 'lanes': '3'}}, {'distance_m': 72.571, 'signs': [], 'intersection_type': '', 'intersection_lanes': '', 'max_speed': '', 'access': '', 'crossing': '', 'railway': '', 'barrier': '', 'road_type': {'road_type': 'footway', 'max_speed': '', 'access': '', 'distance_m': 5.286, 'lanes': ''}}, {'distance_m': 78.065, 'signs': ['traffic_signals'], 'intersection_type': 'traffic_signals', 'intersection_lanes': '', 'max_speed': '', 'access': '', 'crossing': '', 'railway': '', 'barrier': '', 'road_type': {'road_type': 'primary', 'max_speed': '', 'access': '', 'distance_m': 5.286, 'lanes': '5'}}, {'distance_m': 82.682, 'signs': [], 'intersection_type': '', 'intersection_lanes': '', 'max_speed': '', 'access': '', 'crossing': '', 'railway': '', 'barrier': '', 'road_type': {'road_type': 'primary', 'max_speed': '', 'access': '', 'distance_m': 5.286, 'lanes': '3'}}, {'distance_m': 84.498, 'signs': ['traffic_signals'], 'intersection_type': 'traffic_signals', 'intersection_lanes': '', 'max_speed': '', 'access': '', 'crossing': '', 'railway': '', 'barrier': '', 'road_type': {'road_type': 'secondary', 'max_speed': '', 'access': '', 'distance_m': 5.286, 'lanes': '3'}}]",0,0,0,0,0,0,0,0,0,0,0,2,0,0,0,1,2,0,0,6,4,0,6,0,21
1068823853,2024-07-04 12:11:00,2024-07-04 12:17:22,382.0,1,0.1516698466320131,2024-07-04 13:03:30,2024-07-04 13:24:05,424,0,0,424420,0,0,restaurant - 18.242m; stop_position - 49.283m; platform - 54.882m; platform - 87.816m; laundry - 87.956m; dry_cleaning - 88.13m; stop_position - 93.663m; platform - 111.76m; stop_position - 112.221m; stop_position - 114.591m; platform - 117.008m; restaurant - 118.922m; restaurant - 121.868m; bakery - 122.715m; beauty - 124.568m; restaurant - 125.335m; interior_decoration - 135.186m; waste_disposal - 146.622m; restaurant - 149.486m,"[{'road_type': 'service', 'max_speed': '', 'access': '', 'distance_m': 22.537, 'lanes': ''}]","[{'distance_m': 37.013, 'signs': [], 'intersection_type': '', 'intersection_lanes': '', 'max_speed': '', 'access': '', 'crossing': '', 'railway': '', 'barrier': '', 'road_type': {'road_type': 'secondary', 'max_speed': '', 'access': '', 'distance_m': 22.537, 'lanes': '3'}}, {'distance_m': 50.976, 'signs': [], 'intersection_type': '', 'intersection_lanes': '', 'max_speed': '', 'access': '', 'crossing': '', 'railway': '', 'barrier': '', 'road_type': {'road_type': 'secondary', 'max_speed': '', 'access': '', 'distance_m': 22.537, 'lanes': '3'}}, {'distance_m': 52.835, 'signs': [], 'intersection_type': '', 'intersection_lanes': '', 'max_speed': '', 'access': '', 'crossing': '', 'railway': '', 'barrier': '', 'road_type': {'road_type': 'secondary', 'max_speed': '', 'access': '', 'distance_m': 22.537, 'lanes': '2'}}, {'distance_m': 61.14, 'signs': [], 'intersection_type': '', 'intersection_lanes': '', 'max_speed': '', 'access': '', 'crossing': '', 'railway': '', 'barrier': '', 'road_type': {'road_type': 'secondary', 'max_speed': '', 'access': '', 'distance_m': 22.537, 'lanes': '2'}}, {'distance_m': 65.934, 'signs': ['traffic_signals'], 'intersection_type': 'traffic_signals', 'intersection_lanes': '', 'max_speed': '', 'access': '', 'crossing': '', 'railway': '', 'barrier': '', 'road_type': {'road_type': 'secondary', 'max_speed': '', 'access': '', 'distance_m': 22.537, 'lanes': '3'}}, {'distance_m': 72.818, 'signs': ['traffic_signals'], 'intersection_type': 'traffic_signals', 'intersection_lanes': '', 'max_speed': '', 'access': '', 'crossing': '', 'railway': '', 'barrier': '', 'road_type': {'road_type': 'primary', 'max_speed': '', 'access': '', 'distance_m': 22.537, 'lanes': '5'}}, {'distance_m': 80.901, 'signs': ['traffic_signals'], 'intersection_type': 'traffic_signals', 'intersection_lanes': '', 'max_speed': '', 'access': '', 'crossing': '', 'railway': '', 'barrier': '', 'road_type': {'road_type': 'secondary', 'max_speed': '', 'access': '', 'distance_m': 22.537, 'lanes': '3'}}, {'distance_m': 85.835, 'signs': ['traffic_signals'], 'intersection_type': 'traffic_signals', 'intersection_lanes': '', 'max_speed': '', 'access': '', 'crossing': '', 'railway': '', 'barrier': '', 'road_type': {'road_type': 'primary', 'max_speed': '', 'access': '', 'distance_m': 22.537, 'lanes': '3'}}, {'distance_m': 86.383, 'signs': [], 'intersection_type': '', 'intersection_lanes': '', 'max_speed': '', 'access': '', 'crossing': '', 'railway': '', 'barrier': '', 'road_type': {'road_type': 'primary', 'max_speed': '', 'access': '', 'distance_m': 22.537, 'lanes': '6'}}, {'distance_m': 87.118, 'signs': [], 'intersection_type': '', 'intersection_lanes': '', 'max_speed': '', 'access': '', 'crossing': '', 'railway': '', 'barrier': '', 'road_type': {'road_type': 'footway', 'max_speed': '', 'access': '', 'distance_m': 22.537, 'lanes': ''}}]",0,0,0,0,0,0,0,0,0,0,0,0,0,1,0,0,2,0,0,6,1,0,8,1,19
1068823853,2024-07-04 12:21:23,2024-07-04 12:47:25,1562.0,1,0.1063352550069484,2024-07-04 13:39:26,2024-07-04 13:47:44,424,0,0,424420,0,0,waste_disposal - 9.719m; restaurant - 29.028m; restaurant - 30.781m; cafe - 31.758m; restaurant - 32.666m; restaurant - 35.88m; restaurant - 38.441m; herbalist - 41.257m; bank - 44.73m; dentist - 46.082m; fast_food - 48.636m; ice_cream - 51.024m; pharmacy - 51.841m; doctors - 54.261m; vacant - 56.92m; beauty - 57.987m; beauty - 60.241m; fast_food - 61.045m; restaurant - 61.192m; restaurant - 64.761m; doctors - 65.164m; bar - 69.538m; fast_food - 70.645m; fast_food - 71.91m; tattoo - 73.654m; restaurant - 74.836m; restaurant - 76.171m; hairdresser_supply - 77.878m; doctors - 78.057m; restaurant - 78.09m; fast_food - 83.34m; doctors - 84.684m; religion - 85.926m; post_office - 86.626m; restaurant - 87.784m; bakery - 88.756m; fast_food - 88.76m; waste_disposal - 89.633m; hairdresser - 91.712m; information - 91.965m; confectionery - 93.119m; doctors - 94.702m; beauty - 94.9m; music - 95.382m; ice_cream - 96.052m; cafe - 96.763m; doctors - 100.237m; restaurant - 101.26m; beauty - 101.78m; fast_food - 104.103m; clothes - 104.773m; mobile_phone - 105.62m; hairdresser - 105.82m; art - 106.732m; furniture - 106.989m; post_office - 107.276m; beauty - 107.661m; bakery - 108.055m; hifi - 108.397m; fast_food - 109.387m; vacant - 109.715m; gift - 110.343m; vacant - 110.813m; dentist - 111.364m; nutrition_supplements - 111.569m; art - 113.425m; mobile_phone - 113.514m; optician - 113.56m; yes - 113.982m; restaurant - 114.351m; toys - 114.746m; dry_food - 115.331m; hairdresser - 117.224m; ice_cream - 117.615m; fast_food - 117.73m; jewelry - 118.883m; restaurant - 119.358m; nutrition_supplements - 120.151m; waste_disposal - 120.188m; restaurant - 120.293m; restaurant - 120.633m; construction - 121.779m; cafe - 121.803m; beauty - 122.83m; restaurant - 123.259m; waste_disposal - 123.372m; gift - 124.53m; cafe - 125.488m; beauty - 125.813m; fast_food - 125.85m; herbalist - 126.193m; dentist - 127.48m; fountain - 127.739m; jewelry - 127.751m; vacant - 127.778m; jewelry - 128.152m; yes - 128.452m; cafe - 131.626m; waste_disposal - 131.812m; jewelry - 132.306m; clothes - 133.102m; jewelry - 133.789m; cafe - 133.831m; fast_food - 133.955m; yes - 134.475m; doctors - 137.168m; jewelry - 139.749m; beauty - 140.187m; jewelry - 140.349m; fast_food - 140.368m; shoes - 142.216m; jewelry - 145.227m; restaurant - 145.311m; doctors - 146.689m; dry_food - 147.371m; hairdresser - 150.333m,"[{'road_type': 'service', 'max_speed': '', 'access': '', 'distance_m': 31.931, 'lanes': ''}]","[{'distance_m': 34.642, 'signs': [], 'intersection_type': '', 'intersection_lanes': '', 'max_speed': '', 'access': '', 'crossing': '', 'railway': '', 'barrier': '', 'road_type': {'road_type': 'service', 'max_speed': '', 'access': '', 'distance_m': 31.931, 'lanes': ''}}, {'distance_m': 80.475, 'signs': [], 'intersection_type': '', 'intersection_lanes': '', 'max_speed': '', 'access': '', 'crossing': '', 'railway': '', 'barrier': '', 'road_type': {'road_type': 'service', 'max_speed': '', 'access': '', 'distance_m': 31.931, 'lanes': ''}}, {'distance_m': 95.85, 'signs': [], 'intersection_type': '', 'intersection_lanes': '', 'max_speed': '', 'access': '', 'crossing': '', 'railway': '', 'barrier': '', 'road_type': {'road_type': 'service', 'max_speed': '', 'access': '', 'distance_m': 33.566, 'lanes': ''}}, {'distance_m': 113.596, 'signs': [], 'intersection_type': '', 'intersection_lanes': '', 'max_speed': '', 'access': '', 'crossing': '', 'railway': '', 'barrier': '', 'road_type': {'road_type': 'service', 'max_speed': '', 'access': '', 'distance_m': 31.931, 'lanes': ''}}, {'distance_m': 124.782, 'signs': [], 'intersection_type': '', 'intersection_lanes': '', 'max_speed': '', 'access': '', 'crossing': '', 'railway': '', 'barrier': '', 'road_type': {'road_type': 'service', 'max_speed': '', 'access': '', 'distance_m': 31.931, 'lanes': '1'}}, {'distance_m': 125.967, 'signs': [], 'intersection_type': '', 'intersection_lanes': '', 'max_speed': '', 'access': '', 'crossing': '', 'railway': '', 'barrier': '', 'road_type': {'road_type': 'service', 'max_speed': '', 'access': '', 'distance_m': 31.931, 'lanes': ''}}, {'distance_m': 131.79, 'signs': [], 'intersection_type': '', 'intersection_lanes': '', 'max_speed': '', 'access': '', 'crossing': '', 'railway': '', 'barrier': '', 'road_type': {'road_type': 'footway', 'max_speed': '', 'access': '', 'distance_m': 31.931, 'lanes': ''}}, {'distance_m': 133.877, 'signs': [], 'intersection_type': '', 'intersection_lanes': '', 'max_speed': '', 'access': '', 'crossing': '', 'railway': '', 'barrier': '', 'road_type': {'road_type': 'service', 'max_speed': '', 'access': '', 'distance_m': 31.931, 'lanes': ''}}, {'distance_m': 140.468, 'signs': [], 'intersection_type': '', 'intersection_lanes': '', 'max_speed': '', 'access': '', 'crossing': '', 'railway': '', 'barrier': '', 'road_type': {'road_type': 'footway', 'max_speed': '', 'access': '', 'distance_m': 31.931, 'lanes': ''}}, {'distance_m': 143.739, 'signs': ['traffic_signals'], 'intersection_type': 'traffic_signals', 'intersection_lanes': '', 'max_speed': '', 'access': '', 'crossing': '', 'railway': '', 'barrier': '', 'road_type': {'road_type': 'service', 'max_speed': '', 'access': '', 'distance_m': 31.931, 'lanes': '3'}}]",0,0,0,0,0,0,1,0,0,15,1,13,0,14,0,2,0,1,0,44,20,0,0,5,116
1068823853,2024-07-04 12:50:11,2024-07-04 13:05:26,915.0,1,0.1971202065706011,2024-07-04 13:39:26,2024-07-04 13:47:44,424,0,0,424420,0,0,cafe - 14.577m; restaurant - 19.513m; dentist - 22.86m; restaurant - 25.134m; restaurant - 26.799m; fast_food - 27.005m; beauty - 31.004m; post_office - 32.664m; bakery - 34.334m; herbalist - 36.189m; hifi - 37.943m; restaurant - 38.074m; vacant - 41.065m; dentist - 41.478m; prep_school - 44.354m; vacant - 45.378m; yes - 47.607m; yes - 49.829m; construction - 53.377m; dry_food - 54.017m; cafe - 58.455m; yes - 58.505m; ice_cream - 58.949m; cafe - 63.083m; nutrition_supplements - 64.175m; gift - 68.131m; beauty - 68.82m; restaurant - 69.328m; waste_disposal - 70.483m; restaurant - 72.415m; beauty - 74.896m; restaurant - 79.159m; vacant - 82.838m; letter_box - 84.461m; vacant - 84.535m; letter_box - 85.276m; letter_box - 85.975m; doctors - 86.723m; letter_box - 86.985m; letter_box - 87.74m; letter_box - 88.419m; letter_box - 89.337m; letter_box - 90.018m; letter_box - 90.779m; fast_food - 91.591m; pharmacy - 94.726m; doctors - 95.995m; restaurant - 96.199m; fast_food - 96.278m; beauty - 98.48m; fast_food - 100.42m; doctors - 100.873m; restaurant - 100.876m; doctors - 103.108m; hairdresser_supply - 103.398m; waste_disposal - 104.755m; restaurant - 105.221m; hairdresser - 106.06m; bar - 106.192m; cafe - 107.525m; tattoo - 108.901m; cafe - 109.458m; post_office - 110.235m; dentist - 111.741m; doctors - 111.882m; yes - 112.68m; ice_cream - 113.821m; hairdresser - 114.322m; restaurant - 115.447m; beauty - 117.216m; cafe - 118.46m; yes - 121.468m; restaurant - 122.784m; fast_food - 123.701m; doctors - 125.829m; nutrition_supplements - 130.953m; restaurant - 132.094m; doctors - 132.933m; hairdresser - 135.843m; waste_disposal - 136.97m; doctors - 137.008m; stop_position - 139.06m; waste_disposal - 140.275m; hairdresser - 141.224m; dentist - 145.438m; cafe - 145.637m; platform - 147.507m,"[{'road_type': 'service', 'max_speed': '', 'access': '', 'distance_m': 17.359, 'lanes': ''}]","[{'distance_m': 58.363, 'signs': [], 'intersection_type': '', 'intersection_lanes': '', 'max_speed': '', 'access': '', 'crossing': '', 'railway': '', 'barrier': '', 'road_type': {'road_type': 'service', 'max_speed': '', 'access': '', 'distance_m': 17.359, 'lanes': ''}}, {'distance_m': 77.506, 'signs': [], 'intersection_type': '', 'intersection_lanes': '', 'max_speed': '', 'access': '', 'crossing': '', 'railway': '', 'barrier': '', 'road_type': {'road_type': 'service', 'max_speed': '', 'access': '', 'distance_m': 17.359, 'lanes': ''}}, {'distance_m': 99.82, 'signs': [], 'intersection_type': '', 'intersection_lanes': '', 'max_speed': '', 'access': '', 'crossing': '', 'railway': '', 'barrier': '', 'road_type': {'road_type': 'service', 'max_speed': '', 'access': '', 'distance_m': 17.359, 'lanes': '1'}}, {'distance_m': 101.609, 'signs': [], 'intersection_type': '', 'intersection_lanes': '', 'max_speed': '', 'access': '', 'crossing': '', 'railway': '', 'barrier': '', 'road_type': {'road_type': 'service', 'max_speed': '', 'access': '', 'distance_m': 17.359, 'lanes': ''}}, {'distance_m': 105.537, 'signs': [], 'intersection_type': '', 'intersection_lanes': '', 'max_speed': '', 'access': '', 'crossing': '', 'railway': '', 'barrier': '', 'road_type': {'road_type': 'service', 'max_speed': '', 'access': '', 'distance_m': 17.359, 'lanes': '1'}}, {'distance_m': 114.851, 'signs': [], 'intersection_type': '', 'intersection_lanes': '', 'max_speed': '', 'access': '', 'crossing': '', 'railway': '', 'barrier': '', 'road_type': {'road_type': 'service', 'max_speed': '', 'access': '', 'distance_m': 17.359, 'lanes': ''}}, {'distance_m': 123.043, 'signs': [], 'intersection_type': '', 'intersection_lanes': '', 'max_speed': '', 'access': '', 'crossing': '', 'railway': '', 'barrier': '', 'road_type': {'road_type': 'footway', 'max_speed': '', 'access': '', 'distance_m': 17.359, 'lanes': ''}}, {'distance_m': 124.538, 'signs': ['crossing'], 'intersection_type': 'crossing', 'intersection_lanes': '', 'max_speed': '', 'access': '', 'crossing': 'zebra', 'railway': '', 'barrier': '', 'road_type': {'road_type': 'footway', 'max_speed': '', 'access': '', 'distance_m': 17.359, 'lanes': ''}}, {'distance_m': 139.53, 'signs': [], 'intersection_type': '', 'intersection_lanes': '', 'max_speed': '', 'access': '', 'crossing': '', 'railway': '', 'barrier': '', 'road_type': {'road_type': 'footway', 'max_speed': '', 'access': '', 'distance_m': 17.359, 'lanes': ''}}, {'distance_m': 141.218, 'signs': ['traffic_signals'], 'intersection_type': 'traffic_signals', 'intersection_lanes': '', 'max_speed': '', 'access': '', 'crossing': '', 'railway': '', 'barrier': '', 'road_type': {'road_type': 'tertiary', 'max_speed': '', 'access': '', 'distance_m': 17.359, 'lanes': '5'}}]",0,0,1,0,0,0,0,0,0,14,1,19,0,11,0,2,0,0,0,30,3,0,2,4,87
1068823853,2024-07-04 13:09:24,2024-07-04 13:21:27,723.0,1,0.0346687249814707,2024-07-04 14:38:24,2024-07-04 14:52:37,424,0,0,424420,0,0,restaurant - 22.842m; platform - 30.563m; stop_position - 37.542m; restaurant - 42.951m; waste_basket - 62.144m; beauty - 73.393m; ice_cream - 85.775m; dentist - 85.78m; beauty - 86.037m; cafe - 87.246m; prep_school - 89.07m; fast_food - 91.206m; restaurant - 93.543m; waste_disposal - 100.81m; stop_position - 111.643m; platform - 116.945m,"[{'road_type': 'service', 'max_speed': '', 'access': '', 'distance_m': 4.205, 'lanes': ''}, {'road_type': 'service', 'max_speed': '', 'access': '', 'distance_m': 4.205, 'lanes': ''}]","[{'distance_m': 65.337, 'signs': [], 'intersection_type': '', 'intersection_lanes': '', 'max_speed': '', 'access': '', 'crossing': '', 'railway': '', 'barrier': '', 'road_type': {'road_type': 'footway', 'max_speed': '', 'access': '', 'distance_m': 4.205, 'lanes': ''}}, {'distance_m': 73.92, 'signs': ['pedestrian_traffic_signals', 'crossing'], 'intersection_type': 'crossing', 'intersection_lanes': '', 'max_speed': '', 'access': '', 'crossing': 'traffic_signals', 'railway': '', 'barrier': '', 'road_type': {'road_type': 'footway', 'max_speed': '', 'access': '', 'distance_m': 4.205, 'lanes': ''}}, {'distance_m': 76.921, 'signs': ['traffic_signals'], 'intersection_type': 'traffic_signals', 'intersection_lanes': '', 'max_speed': '', 'access': '', 'crossing': '', 'railway': '', 'barrier': '', 'road_type': {'road_type': 'tertiary', 'max_speed': '25 mph', 'access': '', 'distance_m': 25.847, 'lanes': '3'}}, {'distance_m': 79.854, 'signs': [], 'intersection_type': '', 'intersection_lanes': '', 'max_speed': '', 'access': '', 'crossing': '', 'railway': '', 'barrier': '', 'road_type': {'road_type': 'footway', 'max_speed': '', 'access': '', 'distance_m': 4.205, 'lanes': ''}}, {'distance_m': 82.779, 'signs': ['traffic_signals'], 'intersection_type': 'traffic_signals', 'intersection_lanes': '', 'max_speed': '', 'access': '', 'crossing': '', 'railway': '', 'barrier': '', 'road_type': {'road_type': 'tertiary', 'max_speed': '', 'access': '', 'distance_m': 25.847, 'lanes': '4'}}, {'distance_m': 83.657, 'signs': [], 'intersection_type': '', 'intersection_lanes': '', 'max_speed': '', 'access': '', 'crossing': '', 'railway': '', 'barrier': '', 'road_type': {'road_type': 'footway', 'max_speed': '', 'access': '', 'distance_m': 4.205, 'lanes': ''}}, {'distance_m': 89.919, 'signs': [], 'intersection_type': '', 'intersection_lanes': '', 'max_speed': '', 'access': '', 'crossing': '', 'railway': '', 'barrier': '', 'road_type': {'road_type': 'service', 'max_speed': '', 'access': 'private', 'distance_m': 4.205, 'lanes': ''}}, {'distance_m': 97.24, 'signs': [], 'intersection_type': '', 'intersection_lanes': '', 'max_speed': '', 'access': '', 'crossing': '', 'railway': '', 'barrier': '', 'road_type': {'road_type': 'footway', 'max_speed': '', 'access': '', 'distance_m': 4.205, 'lanes': ''}}, {'distance_m': 110.215, 'signs': [], 'intersection_type': '', 'intersection_lanes': '', 'max_speed': '', 'access': '', 'crossing': '', 'railway': '', 'barrier': '', 'road_type': {'road_type': 'service', 'max_speed': '', 'access': '', 'distance_m': 4.205, 'lanes': ''}}, {'distance_m': 140.117, 'signs': [], 'intersection_type': '', 'intersection_lanes': '', 'max_speed': '', 'access': '', 'crossing': '', 'railway': '', 'barrier': '', 'road_type': {'road_type': 'footway', 'max_speed': '', 'access': '', 'distance_m': 4.205, 'lanes': ''}}]",0,0,1,0,0,0,0,0,0,1,0,0,0,2,0,0,0,0,0,6,0,0,4,2,16
1068823853,2024-07-04 13:33:49.001000,2024-07-04 13:40:26.002000,397.001,0,-1.0,,,424,0,0,424420,0,0,,"[{'road_type': 'residential', 'max_speed': '', 'access': '', 'distance_m': 7.16, 'lanes': ''}, {'road_type': 'residential', 'max_speed': '', 'access': '', 'distance_m': 7.16, 'lanes': ''}]",[],0,0,0,0,0,0,0,0,0,0,0,0,0,0,0,0,0,0,0,0,0,0,0,0,0
1068823853,2024-07-04 13:53:47.001000,2024-07-04 14:00:52,424.999,0,-1.0,,,424,0,0,424420,0,0,convenience - 26.65m; car_repair - 27.265m; platform - 29.635m; bus_station - 34.793m; stop_position - 35.918m; stop_position - 36.751m; convenience - 47.326m; florist - 56.835m; hairdresser - 58.806m; stop_position - 62.729m; bar - 65.153m; platform - 67.651m; platform - 70.22m; stop_position - 70.982m; stop_position - 74.666m; platform - 77.596m; restaurant - 78.081m; stop_position - 80.652m; restaurant - 97.267m; fast_food - 99.222m; hairdresser - 99.394m; bar - 100.672m; mobile_phone - 119.94m; convenience - 127.823m; vacant - 132.805m; supermarket - 142.117m,"[{'road_type': 'service', 'max_speed': '', 'access': 'customers', 'distance_m': 1.406, 'lanes': ''}]","[{'distance_m': 13.84, 'signs': [], 'intersection_type': '', 'intersection_lanes': '', 'max_speed': '', 'access': '', 'crossing': '', 'railway': '', 'barrier': '', 'road_type': {'road_type': 'footway', 'max_speed': '', 'access': '', 'distance_m': 10.744, 'lanes': ''}}, {'distance_m': 28.396, 'signs': ['traffic_signals'], 'intersection_type': 'traffic_signals', 'intersection_lanes': '', 'max_speed': '', 'access': '', 'crossing': '', 'railway': '', 'barrier': '', 'road_type': {'road_type': 'primary', 'max_speed': '', 'access': '', 'distance_m': 1.406, 'lanes': '2'}}, {'distance_m': 33.704, 'signs': [], 'intersection_type': '', 'intersection_lanes': '', 'max_speed': '', 'access': '', 'crossing': '', 'railway': '', 'barrier': '', 'road_type': {'road_type': 'service', 'max_speed': '', 'access': 'customers', 'distance_m': 10.744, 'lanes': ''}}, {'distance_m': 33.764, 'signs': ['traffic_signals'], 'intersection_type': 'traffic_signals', 'intersection_lanes': '', 'max_speed': '', 'access': '', 'crossing': '', 'railway': '', 'barrier': '', 'road_type': {'road_type': 'busway', 'max_speed': '', 'access': 'no', 'distance_m': 1.406, 'lanes': '2'}}, {'distance_m': 41.023, 'signs': [], 'intersection_type': '', 'intersection_lanes': '', 'max_speed': '', 'access': '', 'crossing': '', 'railway': '', 'barrier': '', 'road_type': {'road_type': 'footway', 'max_speed': '', 'access': '', 'distance_m': 13.84, 'lanes': ''}}, {'distance_m': 41.253, 'signs': ['traffic_signals'], 'intersection_type': 'traffic_signals', 'intersection_lanes': '', 'max_speed': '', 'access': '', 'crossing': '', 'railway': '', 'barrier': '', 'road_type': {'road_type': 'primary', 'max_speed': '', 'access': '', 'distance_m': 1.406, 'lanes': '3'}}, {'distance_m': 41.433, 'signs': [], 'intersection_type': '', 'intersection_lanes': '', 'max_speed': '', 'access': '', 'crossing': '', 'railway': '', 'barrier': '', 'road_type': {'road_type': 'footway', 'max_speed': '', 'access': '', 'distance_m': 10.744, 'lanes': ''}}, {'distance_m': 54.32, 'signs': [], 'intersection_type': '', 'intersection_lanes': '', 'max_speed': '', 'access': '', 'crossing': '', 'railway': '', 'barrier': '', 'road_type': {'road_type': 'footway', 'max_speed': '', 'access': '', 'distance_m': 10.744, 'lanes': ''}}, {'distance_m': 79.124, 'signs': [], 'intersection_type': '', 'intersection_lanes': '', 'max_speed': '', 'access': '', 'crossing': '', 'railway': '', 'barrier': '', 'road_type': {'road_type': 'service', 'max_speed': '', 'access': '', 'distance_m': 10.744, 'lanes': ''}}, {'distance_m': 110.212, 'signs': [], 'intersection_type': '', 'intersection_lanes': '', 'max_speed': '', 'access': '', 'crossing': '', 'railway': '', 'barrier': '', 'road_type': {'road_type': 'primary', 'max_speed': '', 'access': '', 'distance_m': 1.406, 'lanes': '3'}}]",0,1,0,0,0,0,0,0,0,0,0,1,0,2,0,0,0,0,0,5,6,0,11,0,26
1068823853,2024-07-04 14:06:28.001000,2024-07-05 06:21:17,58488.999,0,-1.0,,,424,0,0,424420,0,0,clinic - 66.291m; platform - 100.46m; pharmacy - 106.006m; stop_position - 109.506m; stop_position - 114.583m; post_box - 115.186m; platform - 122.857m; dentist - 128.202m; dentist - 133.424m; dentist - 136.949m,"[{'road_type': 'tertiary', 'max_speed': '', 'access': '', 'distance_m': 27.559, 'lanes': ''}, {'road_type': 'service', 'max_speed': '', 'access': '', 'distance_m': 27.559, 'lanes': ''}]","[{'distance_m': 58.194, 'signs': [], 'intersection_type': '', 'intersection_lanes': '', 'max_speed': '', 'access': '', 'crossing': '', 'railway': '', 'barrier': '', 'road_type': {'road_type': 'service', 'max_speed': '', 'access': '', 'distance_m': 27.559, 'lanes': ''}}, {'distance_m': 76.411, 'signs': [], 'intersection_type': '', 'intersection_lanes': '', 'max_speed': '', 'access': '', 'crossing': '', 'railway': '', 'barrier': '', 'road_type': {'road_type': 'footway', 'max_speed': '', 'access': '', 'distance_m': 27.559, 'lanes': ''}}, {'distance_m': 90.451, 'signs': [], 'intersection_type': '', 'intersection_lanes': '', 'max_speed': '', 'access': '', 'crossing': '', 'railway': '', 'barrier': '', 'road_type': {'road_type': 'secondary', 'max_speed': '', 'access': '', 'distance_m': 27.559, 'lanes': '5'}}, {'distance_m': 90.497, 'signs': [], 'intersection_type': '', 'intersection_lanes': '', 'max_speed': '', 'access': '', 'crossing': '', 'railway': '', 'barrier': '', 'road_type': {'road_type': 'secondary', 'max_speed': '', 'access': '', 'distance_m': 27.559, 'lanes': '5'}}, {'distance_m': 91.062, 'signs': [], 'intersection_type': '', 'intersection_lanes': '', 'max_speed': '', 'access': '', 'crossing': '', 'railway': '', 'barrier': '', 'road_type': {'road_type': 'secondary', 'max_speed': '', 'access': '', 'distance_m': 27.559, 'lanes': '5'}}, {'distance_m': 99.503, 'signs': [], 'intersection_type': '', 'intersection_lanes': '', 'max_speed': '', 'access': '', 'crossing': '', 'railway': '', 'barrier': '', 'road_type': {'road_type': 'secondary', 'max_speed': '', 'access': '', 'distance_m': 27.559, 'lanes': '5'}}, {'distance_m': 102.06, 'signs': [], 'intersection_type': '', 'intersection_lanes': '', 'max_speed': '', 'access': '', 'crossing': '', 'railway': '', 'barrier': '', 'road_type': {'road_type': 'service', 'max_speed': '', 'access': '', 'distance_m': 27.559, 'lanes': ''}}, {'distance_m': 103.354, 'signs': [], 'intersection_type': '', 'intersection_lanes': '', 'max_speed': '', 'access': '', 'crossing': '', 'railway': '', 'barrier': '', 'road_type': {'road_type': 'service', 'max_speed': '', 'access': '', 'distance_m': 27.559, 'lanes': ''}}, {'distance_m': 103.771, 'signs': [], 'intersection_type': '', 'intersection_lanes': '', 'max_speed': '', 'access': '', 'crossing': '', 'railway': '', 'barrier': '', 'road_type': {'road_type': 'service', 'max_speed': '', 'access': '', 'distance_m': 27.559, 'lanes': ''}}, {'distance_m': 114.636, 'signs': [], 'intersection_type': '', 'intersection_lanes': '', 'max_speed': '', 'access': '', 'crossing': '', 'railway': '', 'barrier': '', 'road_type': {'road_type': 'footway', 'max_speed': '', 'access': '', 'distance_m': 27.559, 'lanes': ''}}]",0,0,0,0,0,0,0,0,0,5,0,0,0,0,0,1,0,0,0,0,0,0,4,0,10
1068823853,2024-07-05 06:56:52,2024-07-05 10:06:24,11372.0,1,0.0722006032070102,2024-07-05 10:00:00,2024-07-05 10:01:00,424,0,0,424420,0,0,,"[{'road_type': 'service', 'max_speed': '', 'access': '', 'distance_m': 8.622, 'lanes': ''}, {'road_type': 'service', 'max_speed': '', 'access': '', 'distance_m': 8.622, 'lanes': ''}]","[{'distance_m': 34.527, 'signs': [], 'intersection_type': '', 'intersection_lanes': '', 'max_speed': '', 'access': '', 'crossing': '', 'railway': '', 'barrier': '', 'road_type': {'road_type': 'service', 'max_speed': '', 'access': '', 'distance_m': 8.622, 'lanes': ''}}, {'distance_m': 113.402, 'signs': [], 'intersection_type': 'turning_circle', 'intersection_lanes': '', 'max_speed': '', 'access': '', 'crossing': '', 'railway': '', 'barrier': '', 'road_type': {'road_type': 'service', 'max_speed': '', 'access': '', 'distance_m': 8.622, 'lanes': ''}}]",0,0,0,0,0,0,0,0,0,0,0,0,0,0,0,0,0,0,0,0,0,0,0,0,0
1068823853,2024-07-05 11:08:17,2024-07-05 11:26:19,1082.0,1,0.1271915572906099,2024-07-05 10:53:31,2024-07-05 11:03:47,424,0,0,424420,0,0,bicycle - 34.024m; hairdresser - 36.036m; cafe - 42.872m; clothes - 45.544m; fast_food - 50.195m; bicycle - 51.425m; hairdresser - 54.957m; restaurant - 59.812m; stop_position - 64.786m; jewelry - 65.037m; fast_food - 66.04m; fitness_centre - 66.331m; fast_food - 69.469m; hairdresser - 69.63m; hairdresser - 73.11m; houseware - 73.683m; beauty - 74.062m; hairdresser - 80.777m; stationery - 85.007m; beauty - 87.568m; boutique - 90.671m; bar - 96.407m; bank - 100.623m; clothes - 102.181m; restaurant - 108.008m; restaurant - 113.859m; restaurant - 119.741m; shoes - 119.959m; gift - 122.819m; restaurant - 124.972m; hairdresser - 127.551m; hairdresser - 128.88m; psychic - 132.946m; restaurant - 139.092m; platform - 141.663m; clothes - 144.681m; dry_cleaning - 148.6m; bench - 149.169m; bank - 149.556m,"[{'road_type': 'footway', 'max_speed': '', 'access': '', 'distance_m': 11.223, 'lanes': ''}]","[{'distance_m': 93.853, 'signs': [], 'intersection_type': '', 'intersection_lanes': '', 'max_speed': '', 'access': '', 'crossing': '', 'railway': '', 'barrier': '', 'road_type': {'road_type': 'footway', 'max_speed': '', 'access': '', 'distance_m': 11.223, 'lanes': ''}}, {'distance_m': 101.963, 'signs': [], 'intersection_type': '', 'intersection_lanes': '', 'max_speed': '', 'access': '', 'crossing': '', 'railway': '', 'barrier': '', 'road_type': {'road_type': 'primary', 'max_speed': '15 mph', 'access': '', 'distance_m': 11.223, 'lanes': ''}}, {'distance_m': 111.018, 'signs': [], 'intersection_type': '', 'intersection_lanes': '', 'max_speed': '', 'access': '', 'crossing': '', 'railway': '', 'barrier': '', 'road_type': {'road_type': 'primary', 'max_speed': '15 mph', 'access': '', 'distance_m': 11.223, 'lanes': ''}}, {'distance_m': 122.367, 'signs': [], 'intersection_type': '', 'intersection_lanes': '', 'max_speed': '', 'access': '', 'crossing': '', 'railway': '', 'barrier': '', 'road_type': {'road_type': 'primary', 'max_speed': '15 mph', 'access': '', 'distance_m': 11.287, 'lanes': ''}}, {'distance_m': 139.558, 'signs': [], 'intersection_type': '', 'intersection_lanes': '', 'max_speed': '', 'access': '', 'crossing': '', 'railway': '', 'barrier': '', 'road_type': {'road_type': 'service', 'max_speed': '', 'access': '', 'distance_m': 11.287, 'lanes': ''}}]",0,0,0,0,1,0,2,0,0,0,0,1,0,9,0,0,2,0,0,11,11,0,2,0,39
1068823853,2024-07-05 11:28:17,2024-07-05 11:32:19,242.0,1,0.031268227860461,2024-07-05 10:44:04,2024-07-05 10:51:17,424,0,0,424420,0,0,music_school - 42.339m; fast_food - 42.772m; bench - 49.456m; restaurant - 50.353m; bicycle_parking - 50.355m; waste_basket - 50.822m; restaurant - 53.199m; jewelry - 56.706m; stop_position - 60.509m; shoes - 62.383m; hairdresser - 63.871m; fast_food - 67.769m; waste_basket - 71.293m; platform - 71.597m; clothes - 71.828m; waste_basket - 73.826m; bench - 74.607m; bench - 76.01m; gift - 76.021m; bench - 78.263m; mobile_phone - 78.474m; bench - 79.16m; bench - 80.037m; restaurant - 80.335m; bicycle_parking - 80.612m; waste_basket - 80.758m; vending_machine - 81.088m; bench - 84.724m; nightclub - 84.739m; fast_food - 87.538m; bench - 88.739m; bench - 88.887m; bench - 89.466m; houseware - 89.739m; drinking_water - 90.779m; bench - 91.448m; bench - 92.729m; bench - 93.612m; boutique - 93.802m; bar - 94.177m; boutique - 96.69m; platform - 98.919m; furniture - 99.424m; second_hand - 99.656m; cafe - 100.454m; stop_position - 100.516m; waste_basket - 100.624m; waste_basket - 101.513m; florist - 101.8m; bench - 102.431m; waste_basket - 104.578m; bench - 105.678m; clothes - 108.253m; restaurant - 108.481m; hairdresser - 109.701m; waste_basket - 110.132m; beauty - 110.428m; bicycle_parking - 112.862m; bench - 112.944m; restaurant - 113.805m; jewelry - 114.282m; post_box - 116.165m; waste_basket - 116.576m; drinking_water - 116.702m; electronics - 116.978m; furniture - 118.065m; parking_space - 120.72m; clothes - 121.069m; art - 122.24m; cafe - 124.892m; furniture - 127.294m; bakery - 127.465m; post_box - 129.725m; beauty - 129.77m; dry_cleaning - 130.065m; hardware - 130.674m; restaurant - 132.326m; beauty - 133.703m; shoes - 135.291m; kitchen - 136.339m; bicycle_parking - 137.416m; toys - 138.476m; kitchen - 140.796m; pub - 141.406m; school - 141.777m; hairdresser - 142.121m; hairdresser - 143.966m; confectionery - 144.726m; restaurant - 145.104m; clothes - 145.162m; post_office - 147.227m; parking_space - 149.003m; bathroom_furnishing - 149.318m,"[{'road_type': 'service', 'max_speed': '', 'access': '', 'distance_m': 16.286, 'lanes': ''}, {'road_type': 'footway', 'max_speed': '', 'access': '', 'distance_m': 16.286, 'lanes': ''}]","[{'distance_m': 31.163, 'signs': [], 'intersection_type': '', 'intersection_lanes': '', 'max_speed': '', 'access': '', 'crossing': '', 'railway': '', 'barrier': '', 'road_type': {'road_type': 'footway', 'max_speed': '', 'access': '', 'distance_m': 16.286, 'lanes': ''}}, {'distance_m': 50.709, 'signs': [], 'intersection_type': '', 'intersection_lanes': '', 'max_speed': '', 'access': '', 'crossing': '', 'railway': '', 'barrier': '', 'road_type': {'road_type': 'footway', 'max_speed': '', 'access': '', 'distance_m': 16.286, 'lanes': ''}}, {'distance_m': 51.494, 'signs': [], 'intersection_type': '', 'intersection_lanes': '', 'max_speed': '', 'access': '', 'crossing': '', 'railway': '', 'barrier': '', 'road_type': {'road_type': 'footway', 'max_speed': '', 'access': '', 'distance_m': 16.286, 'lanes': ''}}, {'distance_m': 56.041, 'signs': [], 'intersection_type': '', 'intersection_lanes': '', 'max_speed': '', 'access': '', 'crossing': '', 'railway': '', 'barrier': '', 'road_type': {'road_type': 'footway', 'max_speed': '', 'access': '', 'distance_m': 16.286, 'lanes': ''}}, {'distance_m': 60.892, 'signs': ['traffic_signals'], 'intersection_type': 'traffic_signals', 'intersection_lanes': '', 'max_speed': '', 'access': '', 'crossing': '', 'railway': '', 'barrier': '', 'road_type': {'road_type': 'secondary', 'max_speed': '', 'access': '', 'distance_m': 16.286, 'lanes': ''}}, {'distance_m': 71.831, 'signs': [], 'intersection_type': '', 'intersection_lanes': '', 'max_speed': '', 'access': '', 'crossing': '', 'railway': '', 'barrier': '', 'road_type': {'road_type': 'footway', 'max_speed': '', 'access': '', 'distance_m': 16.286, 'lanes': ''}}, {'distance_m': 76.066, 'signs': [], 'intersection_type': '', 'intersection_lanes': '', 'max_speed': '', 'access': '', 'crossing': '', 'railway': '', 'barrier': '', 'road_type': {'road_type': 'footway', 'max_speed': '', 'access': '', 'distance_m': 16.286, 'lanes': ''}}, {'distance_m': 88.213, 'signs': [], 'intersection_type': '', 'intersection_lanes': '', 'max_speed': '', 'access': '', 'crossing': '', 'railway': '', 'barrier': '', 'road_type': {'road_type': 'footway', 'max_speed': '', 'access': '', 'distance_m': 16.286, 'lanes': ''}}, {'distance_m': 93.546, 'signs': [], 'intersection_type': '', 'intersection_lanes': '', 'max_speed': '', 'access': '', 'crossing': '', 'railway': '', 'barrier': '', 'road_type': {'road_type': 'secondary', 'max_speed': '', 'access': '', 'distance_m': 16.286, 'lanes': '2'}}, {'distance_m': 98.349, 'signs': [], 'intersection_type': '', 'intersection_lanes': '', 'max_speed': '', 'access': '', 'crossing': '', 'railway': '', 'barrier': '', 'road_type': {'road_type': 'primary', 'max_speed': '25 mph', 'access': '', 'distance_m': 16.286, 'lanes': ''}}]",0,0,2,0,1,0,0,0,0,0,0,21,6,7,0,3,2,0,0,15,23,0,4,9,93
1068823853,2024-07-05 11:35:26,2024-07-05 11:47:30,724.0,1,0.0289856711782363,2024-07-05 11:20:20,2024-07-05 11:35:18,424,0,0,424420,0,0,kitchen - 18.445m; antiques - 18.949m; charity - 19.796m; restaurant - 25.906m; restaurant - 30.203m; ice_cream - 32.878m; hairdresser - 36.522m; cafe - 42.66m; restaurant - 43.613m; restaurant - 63.407m; stop_position - 69.751m; platform - 72.507m; tobacco - 77.036m; bench - 78.558m; bicycle_parking - 81.045m; artwork - 86.844m; dentist - 87.213m; parking_space - 92.02m; museum - 92.867m; hairdresser - 95.623m; stop_position - 97.055m; platform - 97.265m; drinking_water - 102.052m; bicycle_repair_station - 103.315m; bench - 119.065m; artwork - 121.058m; charging_station - 121.924m; bench - 143.783m; drinking_water - 145.898m; bicycle - 149.002m,"[{'road_type': 'secondary', 'max_speed': '25 mph', 'access': '', 'distance_m': 3.451, 'lanes': ''}]","[{'distance_m': 58.682, 'signs': [], 'intersection_type': '', 'intersection_lanes': '', 'max_speed': '', 'access': '', 'crossing': '', 'railway': '', 'barrier': '', 'road_type': {'road_type': 'footway', 'max_speed': '', 'access': '', 'distance_m': 7.758, 'lanes': ''}}, {'distance_m': 66.317, 'signs': [], 'intersection_type': '', 'intersection_lanes': '', 'max_speed': '', 'access': '', 'crossing': '', 'railway': '', 'barrier': '', 'road_type': {'road_type': 'footway', 'max_speed': '', 'access': '', 'distance_m': 3.451, 'lanes': ''}}, {'distance_m': 79.951, 'signs': [], 'intersection_type': '', 'intersection_lanes': '', 'max_speed': '', 'access': '', 'crossing': '', 'railway': '', 'barrier': '', 'road_type': {'road_type': 'cycleway', 'max_speed': '15 mph', 'access': '', 'distance_m': 3.451, 'lanes': ''}}, {'distance_m': 82.061, 'signs': [], 'intersection_type': '', 'intersection_lanes': '', 'max_speed': '', 'access': '', 'crossing': '', 'railway': '', 'barrier': '', 'road_type': {'road_type': 'footway', 'max_speed': '', 'access': '', 'distance_m': 13.823, 'lanes': ''}}, {'distance_m': 82.377, 'signs': [], 'intersection_type': '', 'intersection_lanes': '', 'max_speed': '', 'access': '', 'crossing': '', 'railway': '', 'barrier': '', 'road_type': {'road_type': 'service', 'max_speed': '', 'access': '', 'distance_m': 7.758, 'lanes': ''}}, {'distance_m': 83.492, 'signs': [], 'intersection_type': '', 'intersection_lanes': '', 'max_speed': '', 'access': '', 'crossing': '', 'railway': '', 'barrier': '', 'road_type': {'road_type': 'footway', 'max_speed': '', 'access': '', 'distance_m': 3.451, 'lanes': ''}}, {'distance_m': 90.513, 'signs': [], 'intersection_type': '', 'intersection_lanes': '', 'max_speed': '', 'access': '', 'crossing': '', 'railway': '', 'barrier': '', 'road_type': {'road_type': 'cycleway', 'max_speed': '', 'access': '', 'distance_m': 7.758, 'lanes': ''}}, {'distance_m': 97.622, 'signs': [], 'intersection_type': '', 'intersection_lanes': '', 'max_speed': '', 'access': '', 'crossing': '', 'railway': '', 'barrier': '', 'road_type': {'road_type': 'service', 'max_speed': '', 'access': '', 'distance_m': 7.758, 'lanes': ''}}, {'distance_m': 109.99, 'signs': [], 'intersection_type': '', 'intersection_lanes': '', 'max_speed': '', 'access': '', 'crossing': '', 'railway': '', 'barrier': '', 'road_type': {'road_type': 'footway', 'max_speed': '', 'access': '', 'distance_m': 7.758, 'lanes': ''}}, {'distance_m': 113.556, 'signs': [], 'intersection_type': '', 'intersection_lanes': '', 'max_speed': '', 'access': '', 'crossing': '', 'railway': '', 'barrier': '', 'road_type': {'road_type': 'service', 'max_speed': '', 'access': '', 'distance_m': 53.672, 'lanes': ''}}]",0,0,0,0,0,0,0,1,1,1,0,6,2,2,0,0,1,0,0,6,5,1,4,0,30
1068823853,2024-07-05 11:53:26,2024-07-05 11:57:30,244.0,1,0.1364197068972275,2024-07-05 11:41:14,2024-07-05 11:49:42,424,0,0,424420,0,0,beauty - 32.649m; fitness_centre - 35.529m; restaurant - 35.787m; beauty - 38.636m; bank - 44.194m; dance - 44.781m; atm - 47.393m; fast_food - 52.55m; pet - 60.384m; chemist - 63.25m; fast_food - 69.415m; pharmacy - 73.182m; toys - 80.919m; post_box - 94.675m; cafe - 98.639m; supermarket - 112.789m,"[{'road_type': 'service', 'max_speed': '', 'access': '', 'distance_m': 21.857, 'lanes': ''}]","[{'distance_m': 124.761, 'signs': [], 'intersection_type': '', 'intersection_lanes': '', 'max_speed': '', 'access': '', 'crossing': '', 'railway': '', 'barrier': '', 'road_type': {'road_type': 'service', 'max_speed': '', 'access': '', 'distance_m': 21.857, 'lanes': ''}}, {'distance_m': 141.694, 'signs': ['traffic_signals'], 'intersection_type': 'traffic_signals', 'intersection_lanes': '', 'max_speed': '', 'access': '', 'crossing': '', 'railway': '', 'barrier': '', 'road_type': {'road_type': 'secondary', 'max_speed': '35 mph', 'access': '', 'distance_m': 21.857, 'lanes': '3'}}]",0,0,1,0,1,0,2,0,0,1,0,1,0,2,1,1,0,0,0,4,2,0,0,0,16
1068823853,2024-07-05 11:59:28,2024-07-05 12:07:31,483.0,1,0.1476235829845611,2024-07-05 11:41:14,2024-07-05 11:49:42,424,0,0,424420,0,0,laundry - 31.741m; restaurant - 36.875m; chemist - 39.038m; pharmacy - 41.435m; supermarket - 61.717m; fast_food - 94.29m; childcare - 95.106m; hairdresser - 97.456m; police - 104.91m; platform - 104.948m; stop_position - 115.107m; charging_station - 116.504m; stop_position - 131.396m; jewelry - 137.948m; platform - 140.538m,"[{'road_type': 'footway', 'max_speed': '', 'access': '', 'distance_m': 11.797, 'lanes': ''}]","[{'distance_m': 105.348, 'signs': [], 'intersection_type': '', 'intersection_lanes': '', 'max_speed': '', 'access': '', 'crossing': '', 'railway': '', 'barrier': '', 'road_type': {'road_type': 'service', 'max_speed': '', 'access': '', 'distance_m': 11.797, 'lanes': ''}}, {'distance_m': 118.45, 'signs': [], 'intersection_type': '', 'intersection_lanes': '', 'max_speed': '', 'access': '', 'crossing': '', 'railway': '', 'barrier': '', 'road_type': {'road_type': 'service', 'max_speed': '', 'access': '', 'distance_m': 11.797, 'lanes': ''}}, {'distance_m': 118.834, 'signs': [], 'intersection_type': '', 'intersection_lanes': '', 'max_speed': '', 'access': '', 'crossing': '', 'railway': '', 'barrier': '', 'road_type': {'road_type': 'footway', 'max_speed': '', 'access': '', 'distance_m': 11.797, 'lanes': ''}}, {'distance_m': 122.94, 'signs': [], 'intersection_type': '', 'intersection_lanes': '', 'max_speed': '', 'access': '', 'crossing': '', 'railway': '', 'barrier': '', 'road_type': {'road_type': 'primary', 'max_speed': '35 mph', 'access': '', 'distance_m': 11.797, 'lanes': '3'}}, {'distance_m': 123.066, 'signs': [], 'intersection_type': '', 'intersection_lanes': '', 'max_speed': '', 'access': '', 'crossing': '', 'railway': '', 'barrier': '', 'road_type': {'road_type': 'primary', 'max_speed': '35 mph', 'access': '', 'distance_m': 11.797, 'lanes': '3'}}, {'distance_m': 130.52, 'signs': ['traffic_signals'], 'intersection_type': 'traffic_signals', 'intersection_lanes': '', 'max_speed': '', 'access': '', 'crossing': '', 'railway': '', 'barrier': '', 'road_type': {'road_type': 'secondary', 'max_speed': '35 mph', 'access': '', 'distance_m': 11.797, 'lanes': '2'}}, {'distance_m': 132.736, 'signs': [], 'intersection_type': '', 'intersection_lanes': '', 'max_speed': '', 'access': '', 'crossing': '', 'railway': '', 'barrier': '', 'road_type': {'road_type': 'primary', 'max_speed': '35 mph', 'access': '', 'distance_m': 11.797, 'lanes': '2'}}, {'distance_m': 133.526, 'signs': [], 'intersection_type': '', 'intersection_lanes': '', 'max_speed': '', 'access': '', 'crossing': '', 'railway': '', 'barrier': '', 'road_type': {'road_type': 'primary', 'max_speed': '35 mph', 'access': '', 'distance_m': 11.797, 'lanes': '4'}}, {'distance_m': 136.322, 'signs': [], 'intersection_type': '', 'intersection_lanes': '', 'max_speed': '', 'access': '', 'crossing': '', 'railway': '', 'barrier': '', 'road_type': {'road_type': 'primary', 'max_speed': '35 mph', 'access': '', 'distance_m': 11.797, 'lanes': '3'}}, {'distance_m': 141.868, 'signs': ['traffic_signals'], 'intersection_type': 'traffic_signals', 'intersection_lanes': '', 'max_speed': '', 'access': '', 'crossing': '', 'railway': '', 'barrier': '', 'road_type': {'road_type': 'secondary', 'max_speed': '35 mph', 'access': '', 'distance_m': 11.797, 'lanes': '3'}}]",0,0,1,0,0,0,0,1,1,1,0,0,0,1,1,0,1,0,0,2,2,0,4,0,15
1068823853,2024-07-05 12:24:39,2024-07-05 12:32:44,485.0,0,-1.0,,,424,0,0,424420,0,0,restaurant - 17.636m; vacant - 23.258m; restaurant - 26.605m; tobacco - 29.402m; cinema - 36.069m; beauty - 42.92m; fitness_centre - 63.566m; restaurant - 106.609m; fast_food - 126.347m; fast_food - 137.722m; fast_food - 147.74m,"[{'road_type': 'service', 'max_speed': '', 'access': '', 'distance_m': 3.654, 'lanes': ''}, {'road_type': 'service', 'max_speed': '', 'access': '', 'distance_m': 3.654, 'lanes': ''}]","[{'distance_m': 71.899, 'signs': [], 'intersection_type': '', 'intersection_lanes': '', 'max_speed': '', 'access': '', 'crossing': '', 'railway': '', 'barrier': '', 'road_type': {'road_type': 'footway', 'max_speed': '', 'access': '', 'distance_m': 3.654, 'lanes': ''}}, {'distance_m': 95.211, 'signs': [], 'intersection_type': '', 'intersection_lanes': '', 'max_speed': '', 'access': '', 'crossing': '', 'railway': '', 'barrier': '', 'road_type': {'road_type': 'secondary', 'max_speed': '35 mph', 'access': '', 'distance_m': 3.654, 'lanes': '2'}}, {'distance_m': 112.179, 'signs': [], 'intersection_type': '', 'intersection_lanes': '', 'max_speed': '', 'access': '', 'crossing': '', 'railway': '', 'barrier': '', 'road_type': {'road_type': 'primary_link', 'max_speed': '', 'access': '', 'distance_m': 3.654, 'lanes': ''}}, {'distance_m': 128.387, 'signs': ['traffic_signals'], 'intersection_type': 'traffic_signals', 'intersection_lanes': '', 'max_speed': '', 'access': '', 'crossing': '', 'railway': '', 'barrier': '', 'road_type': {'road_type': 'primary', 'max_speed': '35 mph', 'access': '', 'distance_m': 3.654, 'lanes': '2'}}, {'distance_m': 131.098, 'signs': [], 'intersection_type': '', 'intersection_lanes': '', 'max_speed': '', 'access': '', 'crossing': '', 'railway': '', 'barrier': '', 'road_type': {'road_type': 'service', 'max_speed': '', 'access': '', 'distance_m': 3.654, 'lanes': ''}}, {'distance_m': 133.001, 'signs': ['traffic_signals'], 'intersection_type': 'traffic_signals', 'intersection_lanes': '', 'max_speed': '', 'access': '', 'crossing': '', 'railway': '', 'barrier': '', 'road_type': {'road_type': 'primary', 'max_speed': '35 mph', 'access': '', 'distance_m': 3.654, 'lanes': '2'}}, {'distance_m': 135.57, 'signs': [], 'intersection_type': '', 'intersection_lanes': '', 'max_speed': '', 'access': '', 'crossing': '', 'railway': '', 'barrier': '', 'road_type': {'road_type': 'footway', 'max_speed': '', 'access': '', 'distance_m': 3.654, 'lanes': ''}}, {'distance_m': 144.774, 'signs': ['traffic_signals'], 'intersection_type': 'traffic_signals', 'intersection_lanes': '', 'max_speed': '', 'access': '', 'crossing': '', 'railway': '', 'barrier': '', 'road_type': {'road_type': 'primary', 'max_speed': '35 mph', 'access': '', 'distance_m': 3.654, 'lanes': '3'}}, {'distance_m': 145.984, 'signs': [], 'intersection_type': '', 'intersection_lanes': '', 'max_speed': '', 'access': '', 'crossing': '', 'railway': '', 'barrier': '', 'road_type': {'road_type': 'service', 'max_speed': '', 'access': '', 'distance_m': 3.654, 'lanes': ''}}]",0,0,0,0,2,0,0,0,0,0,0,1,0,1,0,0,0,0,0,6,1,0,0,0,11
1068823853,2024-07-05 12:42:39,2024-07-05 12:56:44,845.0,1,0.0669487208415711,2024-07-05 12:47:13,2024-07-05 12:58:29,424,0,0,424420,0,0,fast_food - 25.249m; hairdresser - 28.612m; restaurant - 31.054m; stop_position - 120.624m; platform - 127.071m; platform - 128.496m; stop_position - 133.098m,"[{'road_type': 'service', 'max_speed': '', 'access': 'customers', 'distance_m': 6.912, 'lanes': ''}]","[{'distance_m': 74.108, 'signs': [], 'intersection_type': '', 'intersection_lanes': '', 'max_speed': '', 'access': '', 'crossing': '', 'railway': '', 'barrier': '', 'road_type': {'road_type': 'service', 'max_speed': '', 'access': '', 'distance_m': 15.602, 'lanes': ''}}, {'distance_m': 116.106, 'signs': [], 'intersection_type': '', 'intersection_lanes': '', 'max_speed': '', 'access': '', 'crossing': '', 'railway': '', 'barrier': '', 'road_type': {'road_type': 'footway', 'max_speed': '', 'access': '', 'distance_m': 56.933, 'lanes': ''}}, {'distance_m': 124.775, 'signs': [], 'intersection_type': '', 'intersection_lanes': '', 'max_speed': '', 'access': '', 'crossing': '', 'railway': '', 'barrier': '', 'road_type': {'road_type': 'primary', 'max_speed': '35 mph', 'access': '', 'distance_m': 67.649, 'lanes': '2'}}, {'distance_m': 129.76, 'signs': [], 'intersection_type': '', 'intersection_lanes': '', 'max_speed': '', 'access': '', 'crossing': '', 'railway': '', 'barrier': '', 'road_type': {'road_type': 'footway', 'max_speed': '', 'access': '', 'distance_m': 56.933, 'lanes': ''}}, {'distance_m': 130.649, 'signs': [], 'intersection_type': '', 'intersection_lanes': '', 'max_speed': '', 'access': '', 'crossing': '', 'railway': '', 'barrier': '', 'road_type': {'road_type': 'footway', 'max_speed': '', 'access': '', 'distance_m': 56.933, 'lanes': ''}}, {'distance_m': 131.396, 'signs': [], 'intersection_type': '', 'intersection_lanes': '', 'max_speed': '', 'access': '', 'crossing': '', 'railway': '', 'barrier': '', 'road_type': {'road_type': 'secondary', 'max_speed': '35 mph', 'access': '', 'distance_m': 56.933, 'lanes': '5'}}, {'distance_m': 137.942, 'signs': [], 'intersection_type': '', 'intersection_lanes': '', 'max_speed': '', 'access': '', 'crossing': '', 'railway': '', 'barrier': '', 'road_type': {'road_type': 'service', 'max_speed': '', 'access': '', 'distance_m': 6.912, 'lanes': ''}}]",0,0,0,0,0,0,0,0,0,0,0,0,0,1,0,0,0,0,0,2,0,0,4,0,7
1068823853,2024-07-05 13:08:43,2024-07-05 13:26:45,1082.0,1,0.00913971156892,2024-07-05 13:15:18,2024-07-05 13:37:54,424,0,0,424420,0,0,convenience - 44.084m; stop_position - 51.582m; post_office - 56.63m; platform - 60.189m; platform - 61.531m; stop_position - 65.242m; fuel - 67.338m; hairdresser - 91.569m; hookah_lounge - 107.923m; kitchen - 112.585m; fast_food - 113.884m; pastry - 118.428m; butcher - 121.852m; beauty - 149.419m,"[{'road_type': 'service', 'max_speed': '', 'access': '', 'distance_m': 6.908, 'lanes': ''}]","[{'distance_m': 24.835, 'signs': [], 'intersection_type': '', 'intersection_lanes': '', 'max_speed': '', 'access': '', 'crossing': '', 'railway': '', 'barrier': '', 'road_type': {'road_type': 'footway', 'max_speed': '', 'access': '', 'distance_m': 15.574, 'lanes': ''}}, {'distance_m': 39.023, 'signs': [], 'intersection_type': '', 'intersection_lanes': '', 'max_speed': '', 'access': '', 'crossing': '', 'railway': '', 'barrier': '', 'road_type': {'road_type': 'primary', 'max_speed': '40 mph', 'access': '', 'distance_m': 22.572, 'lanes': '2'}}, {'distance_m': 41.056, 'signs': [], 'intersection_type': '', 'intersection_lanes': '', 'max_speed': '', 'access': '', 'crossing': '', 'railway': '', 'barrier': '', 'road_type': {'road_type': 'footway', 'max_speed': '', 'access': '', 'distance_m': 6.908, 'lanes': ''}}, {'distance_m': 42.005, 'signs': [], 'intersection_type': '', 'intersection_lanes': '', 'max_speed': '', 'access': '', 'crossing': '', 'railway': '', 'barrier': '', 'road_type': {'road_type': 'service', 'max_speed': '', 'access': '', 'distance_m': 6.908, 'lanes': ''}}, {'distance_m': 43.209, 'signs': [], 'intersection_type': '', 'intersection_lanes': '', 'max_speed': '', 'access': '', 'crossing': '', 'railway': '', 'barrier': '', 'road_type': {'road_type': 'service', 'max_speed': '', 'access': '', 'distance_m': 6.908, 'lanes': ''}}, {'distance_m': 53.1, 'signs': ['pedestrian_traffic_signals', 'crossing'], 'intersection_type': 'crossing', 'intersection_lanes': '', 'max_speed': '', 'access': '', 'crossing': 'traffic_signals', 'railway': '', 'barrier': '', 'road_type': {'road_type': 'primary_link', 'max_speed': '', 'access': '', 'distance_m': 6.908, 'lanes': ''}}, {'distance_m': 66.379, 'signs': [], 'intersection_type': '', 'intersection_lanes': '', 'max_speed': '', 'access': '', 'crossing': '', 'railway': '', 'barrier': '', 'road_type': {'road_type': 'primary_link', 'max_speed': '', 'access': '', 'distance_m': 6.908, 'lanes': ''}}, {'distance_m': 76.476, 'signs': [], 'intersection_type': '', 'intersection_lanes': '', 'max_speed': '', 'access': '', 'crossing': '', 'railway': '', 'barrier': '', 'road_type': {'road_type': 'primary', 'max_speed': '40 mph', 'access': '', 'distance_m': 22.572, 'lanes': '3'}}, {'distance_m': 94.397, 'signs': [], 'intersection_type': '', 'intersection_lanes': '', 'max_speed': '', 'access': '', 'crossing': '', 'railway': '', 'barrier': '', 'road_type': {'road_type': 'primary', 'max_speed': '40 mph', 'access': '', 'distance_m': 22.572, 'lanes': '2'}}, {'distance_m': 100.255, 'signs': [], 'intersection_type': '', 'intersection_lanes': '', 'max_speed': '', 'access': '', 'crossing': '', 'railway': '', 'barrier': '', 'road_type': {'road_type': 'service', 'max_speed': '', 'access': '', 'distance_m': 6.908, 'lanes': ''}}]",0,0,0,0,0,0,0,1,0,0,0,1,0,2,0,1,0,0,0,2,3,0,4,0,14
1068823853,2024-07-05 13:30:43,2024-07-05 13:36:46,363.0,1,0.0891874563520046,2024-07-05 13:42:54,2024-07-05 13:54:14,424,0,0,424420,0,0,beauty - 18.781m; restaurant - 31.792m; dentist - 38.865m; beauty - 46.592m; vacant - 56.037m; fitness_centre - 64.54m; platform - 99.055m; stop_position - 106.021m; fast_food - 129.76m; fuel - 143.136m; beauty - 145.71m,"[{'road_type': 'service', 'max_speed': '', 'access': '', 'distance_m': 4.748, 'lanes': ''}]","[{'distance_m': 12.541, 'signs': [], 'intersection_type': '', 'intersection_lanes': '', 'max_speed': '', 'access': '', 'crossing': '', 'railway': '', 'barrier': '', 'road_type': {'road_type': 'service', 'max_speed': '', 'access': '', 'distance_m': 4.748, 'lanes': ''}}, {'distance_m': 86.86, 'signs': [], 'intersection_type': '', 'intersection_lanes': '', 'max_speed': '', 'access': '', 'crossing': '', 'railway': '', 'barrier': '', 'road_type': {'road_type': 'service', 'max_speed': '', 'access': '', 'distance_m': 4.748, 'lanes': ''}}, {'distance_m': 101.536, 'signs': [], 'intersection_type': '', 'intersection_lanes': '', 'max_speed': '', 'access': '', 'crossing': '', 'railway': '', 'barrier': '', 'road_type': {'road_type': 'primary_link', 'max_speed': '', 'access': '', 'distance_m': 12.541, 'lanes': '1'}}, {'distance_m': 131.918, 'signs': [], 'intersection_type': 'turning_circle', 'intersection_lanes': '', 'max_speed': '', 'access': '', 'crossing': '', 'railway': '', 'barrier': '', 'road_type': {'road_type': 'footway', 'max_speed': '', 'access': '', 'distance_m': 4.748, 'lanes': ''}}]",0,0,0,0,1,0,0,1,0,1,0,1,0,3,0,0,0,0,0,2,0,0,2,0,11
1068823853,2024-07-05 13:44:44,2024-07-05 13:54:46,602.0,1,0.0438097395852042,2024-07-05 14:03:16,2024-07-05 14:15:18,424,0,0,424420,0,0,restaurant - 26.219m; fast_food - 37.568m; supermarket - 40.411m; hairdresser - 47.503m; dry_cleaning - 48.601m; e-cigarette - 52.057m; restaurant - 55.71m; pet - 61.902m; bar - 65.16m; vacant - 70.209m; fitness_centre - 74.405m; platform - 76.846m; stop_position - 80.752m; restaurant - 86.789m; cosmetics - 95.089m; restaurant - 97.929m; cosmetics - 101.348m; pet - 105.299m; stop_position - 108.849m; pet - 109.706m; platform - 114.079m; supermarket - 114.525m; fast_food - 145.839m,"[{'road_type': 'residential', 'max_speed': '', 'access': '', 'distance_m': 13.277, 'lanes': ''}, {'road_type': 'service', 'max_speed': '', 'access': 'customers', 'distance_m': 13.277, 'lanes': ''}]","[{'distance_m': 34.08, 'signs': [], 'intersection_type': '', 'intersection_lanes': '', 'max_speed': '', 'access': '', 'crossing': '', 'railway': '', 'barrier': '', 'road_type': {'road_type': 'footway', 'max_speed': '', 'access': '', 'distance_m': 13.277, 'lanes': ''}}, {'distance_m': 35.464, 'signs': [], 'intersection_type': '', 'intersection_lanes': '', 'max_speed': '', 'access': '', 'crossing': '', 'railway': '', 'barrier': '', 'road_type': {'road_type': 'primary', 'max_speed': '40 mph', 'access': '', 'distance_m': 13.277, 'lanes': '3'}}, {'distance_m': 45.092, 'signs': [], 'intersection_type': '', 'intersection_lanes': '', 'max_speed': '', 'access': '', 'crossing': '', 'railway': '', 'barrier': '', 'road_type': {'road_type': 'service', 'max_speed': '', 'access': '', 'distance_m': 13.277, 'lanes': ''}}, {'distance_m': 50.723, 'signs': [], 'intersection_type': '', 'intersection_lanes': '', 'max_speed': '', 'access': '', 'crossing': '', 'railway': '', 'barrier': '', 'road_type': {'road_type': 'service', 'max_speed': '', 'access': '', 'distance_m': 13.277, 'lanes': ''}}, {'distance_m': 68.082, 'signs': [], 'intersection_type': '', 'intersection_lanes': '', 'max_speed': '', 'access': '', 'crossing': '', 'railway': '', 'barrier': '', 'road_type': {'road_type': 'primary', 'max_speed': '40 mph', 'access': '', 'distance_m': 13.277, 'lanes': '4'}}, {'distance_m': 122.864, 'signs': [], 'intersection_type': '', 'intersection_lanes': '', 'max_speed': '', 'access': '', 'crossing': '', 'railway': '', 'barrier': '', 'road_type': {'road_type': 'primary', 'max_speed': '40 mph', 'access': '', 'distance_m': 13.277, 'lanes': '3'}}, {'distance_m': 128.089, 'signs': [], 'intersection_type': '', 'intersection_lanes': '', 'max_speed': '', 'access': '', 'crossing': '', 'railway': '', 'barrier': '', 'road_type': {'road_type': 'footway', 'max_speed': '', 'access': '', 'distance_m': 13.277, 'lanes': ''}}, {'distance_m': 139.218, 'signs': [], 'intersection_type': '', 'intersection_lanes': '', 'max_speed': '', 'access': '', 'crossing': '', 'railway': '', 'barrier': '', 'road_type': {'road_type': 'service', 'max_speed': '', 'access': 'customers', 'distance_m': 13.277, 'lanes': ''}}]",0,0,0,0,1,0,0,0,0,0,0,4,0,3,0,0,1,0,0,7,2,0,4,0,22
1068823853,2024-07-05 14:07:53,2024-07-05 14:13:55,362.0,1,0.1983141866229697,2024-07-05 14:21:34,2024-07-05 14:27:22,424,0,0,424420,0,0,cafe - 19.994m; restaurant - 26.018m; hairdresser - 31.989m; cafe - 32.034m; stop_position - 37.142m; platform - 41.641m; restaurant - 52.719m; platform - 56.2m; stop_position - 64.384m; fuel - 98.082m; cafe - 116.944m; beauty - 118.584m; fast_food - 129.37m; beauty - 131.512m; cafe - 132.165m; post_office - 136.547m; restaurant - 137.542m; restaurant - 140.218m; alcohol - 143.327m; supermarket - 148.088m; restaurant - 148.287m,"[{'road_type': 'footway', 'max_speed': '', 'access': '', 'distance_m': 3.472, 'lanes': ''}, {'road_type': 'service', 'max_speed': '', 'access': '', 'distance_m': 3.472, 'lanes': ''}]","[{'distance_m': 35.196, 'signs': [], 'intersection_type': '', 'intersection_lanes': '', 'max_speed': '', 'access': '', 'crossing': '', 'railway': '', 'barrier': '', 'road_type': {'road_type': 'service', 'max_speed': '', 'access': '', 'distance_m': 3.472, 'lanes': ''}}, {'distance_m': 41.682, 'signs': [], 'intersection_type': '', 'intersection_lanes': '', 'max_speed': '', 'access': '', 'crossing': '', 'railway': '', 'barrier': '', 'road_type': {'road_type': 'secondary', 'max_speed': '30 mph', 'access': '', 'distance_m': 3.472, 'lanes': '4'}}, {'distance_m': 51.781, 'signs': [], 'intersection_type': '', 'intersection_lanes': '', 'max_speed': '', 'access': '', 'crossing': '', 'railway': '', 'barrier': '', 'road_type': {'road_type': 'secondary', 'max_speed': '30 mph', 'access': '', 'distance_m': 3.472, 'lanes': '4'}}, {'distance_m': 56.552, 'signs': [], 'intersection_type': '', 'intersection_lanes': '', 'max_speed': '', 'access': '', 'crossing': '', 'railway': '', 'barrier': '', 'road_type': {'road_type': 'service', 'max_speed': '', 'access': '', 'distance_m': 9.93, 'lanes': ''}}, {'distance_m': 59.384, 'signs': [], 'intersection_type': '', 'intersection_lanes': '', 'max_speed': '', 'access': '', 'crossing': '', 'railway': '', 'barrier': '', 'road_type': {'road_type': 'primary', 'max_speed': '35 mph', 'access': '', 'distance_m': 9.93, 'lanes': '3'}}, {'distance_m': 75.732, 'signs': [], 'intersection_type': '', 'intersection_lanes': '', 'max_speed': '', 'access': '', 'crossing': '', 'railway': '', 'barrier': '', 'road_type': {'road_type': 'primary', 'max_speed': '35 mph', 'access': '', 'distance_m': 9.93, 'lanes': '4'}}, {'distance_m': 78.476, 'signs': ['traffic_signals'], 'intersection_type': 'traffic_signals', 'intersection_lanes': '', 'max_speed': '', 'access': '', 'crossing': '', 'railway': '', 'barrier': '', 'road_type': {'road_type': 'primary', 'max_speed': '35 mph', 'access': '', 'distance_m': 3.472, 'lanes': '5'}}, {'distance_m': 87.093, 'signs': [], 'intersection_type': '', 'intersection_lanes': '', 'max_speed': '', 'access': '', 'crossing': '', 'railway': '', 'barrier': '', 'road_type': {'road_type': 'secondary', 'max_speed': '30 mph', 'access': '', 'distance_m': 9.93, 'lanes': '5'}}, {'distance_m': 90.172, 'signs': [], 'intersection_type': '', 'intersection_lanes': '', 'max_speed': '', 'access': '', 'crossing': '', 'railway': '', 'barrier': '', 'road_type': {'road_type': 'service', 'max_speed': '', 'access': '', 'distance_m': 3.472, 'lanes': ''}}, {'distance_m': 96.16, 'signs': ['traffic_signals'], 'intersection_type': 'traffic_signals', 'intersection_lanes': '', 'max_speed': '', 'access': '', 'crossing': '', 'railway': '', 'barrier': '', 'road_type': {'road_type': 'residential', 'max_speed': '30 mph', 'access': '', 'distance_m': 3.472, 'lanes': '4'}}]",0,0,0,0,0,0,0,1,0,0,0,0,0,3,0,1,0,0,0,10,2,0,4,0,21
1068823853,2024-07-05 14:15:53,2024-07-05 14:27:55,722.0,1,0.1564958429694971,2024-07-05 14:30:06,2024-07-05 14:37:23,424,0,0,424420,0,0,restaurant - 20.122m; post_office - 28.798m; supermarket - 28.918m; cafe - 47.067m; restaurant - 48.302m; loading_dock - 49.824m; beauty - 57.442m; beauty - 62.122m; fast_food - 68.429m; cafe - 76.302m; restaurant - 77.383m; restaurant - 81.302m; restaurant - 83.998m; restaurant - 95.348m; hairdresser - 144.333m,"[{'road_type': 'service', 'max_speed': '', 'access': '', 'distance_m': 8.769, 'lanes': ''}, {'road_type': 'service', 'max_speed': '', 'access': '', 'distance_m': 8.769, 'lanes': ''}]","[{'distance_m': 93.323, 'signs': [], 'intersection_type': '', 'intersection_lanes': '', 'max_speed': '', 'access': '', 'crossing': '', 'railway': '', 'barrier': '', 'road_type': {'road_type': 'footway', 'max_speed': '', 'access': '', 'distance_m': 8.769, 'lanes': ''}}, {'distance_m': 99.507, 'signs': [], 'intersection_type': '', 'intersection_lanes': '', 'max_speed': '', 'access': '', 'crossing': '', 'railway': '', 'barrier': '', 'road_type': {'road_type': 'service', 'max_speed': '', 'access': '', 'distance_m': 8.769, 'lanes': ''}}, {'distance_m': 102.234, 'signs': [], 'intersection_type': '', 'intersection_lanes': '', 'max_speed': '', 'access': '', 'crossing': '', 'railway': '', 'barrier': '', 'road_type': {'road_type': 'secondary', 'max_speed': '30 mph', 'access': '', 'distance_m': 8.769, 'lanes': '5'}}, {'distance_m': 103.799, 'signs': [], 'intersection_type': '', 'intersection_lanes': '', 'max_speed': '', 'access': '', 'crossing': '', 'railway': '', 'barrier': '', 'road_type': {'road_type': 'footway', 'max_speed': '', 'access': '', 'distance_m': 8.769, 'lanes': ''}}, {'distance_m': 111.363, 'signs': ['traffic_signals'], 'intersection_type': 'traffic_signals', 'intersection_lanes': '', 'max_speed': '', 'access': '', 'crossing': '', 'railway': '', 'barrier': '', 'road_type': {'road_type': 'service', 'max_speed': '', 'access': '', 'distance_m': 8.769, 'lanes': ''}}, {'distance_m': 121.539, 'signs': ['traffic_signals'], 'intersection_type': 'traffic_signals', 'intersection_lanes': '', 'max_speed': '', 'access': '', 'crossing': '', 'railway': '', 'barrier': '', 'road_type': {'road_type': 'primary', 'max_speed': '35 mph', 'access': '', 'distance_m': 8.769, 'lanes': '4'}}, {'distance_m': 137.532, 'signs': ['traffic_signals'], 'intersection_type': 'traffic_signals', 'intersection_lanes': '', 'max_speed': '', 'access': '', 'crossing': '', 'railway': '', 'barrier': '', 'road_type': {'road_type': 'service', 'max_speed': '', 'access': '', 'distance_m': 8.769, 'lanes': '1'}}]",0,0,0,0,0,0,0,0,0,0,0,0,0,3,0,1,0,0,0,9,1,0,1,0,15
1068823853,2024-07-05 14:47:20,2024-07-05 14:57:36,616.0,0,-1.0,,,424,0,0,424420,0,0,clinic - 57.034m; dentist - 76.081m; dentist - 84.602m; dentist - 89.107m; pharmacy - 97.858m; post_box - 108.675m; dentist - 112.015m; platform - 118.291m; stop_position - 124.499m; stop_position - 128.186m; platform - 134.09m,"[{'road_type': 'service', 'max_speed': '', 'access': '', 'distance_m': 13.739, 'lanes': ''}, {'road_type': 'service', 'max_speed': '', 'access': '', 'distance_m': 13.739, 'lanes': ''}]","[{'distance_m': 59.497, 'signs': [], 'intersection_type': '', 'intersection_lanes': '', 'max_speed': '', 'access': '', 'crossing': '', 'railway': '', 'barrier': '', 'road_type': {'road_type': 'service', 'max_speed': '', 'access': '', 'distance_m': 13.739, 'lanes': ''}}, {'distance_m': 60.825, 'signs': [], 'intersection_type': '', 'intersection_lanes': '', 'max_speed': '', 'access': '', 'crossing': '', 'railway': '', 'barrier': '', 'road_type': {'road_type': 'service', 'max_speed': '', 'access': '', 'distance_m': 13.739, 'lanes': ''}}, {'distance_m': 61.045, 'signs': [], 'intersection_type': '', 'intersection_lanes': '', 'max_speed': '', 'access': '', 'crossing': '', 'railway': '', 'barrier': '', 'road_type': {'road_type': 'service', 'max_speed': '', 'access': '', 'distance_m': 13.739, 'lanes': ''}}, {'distance_m': 63.361, 'signs': [], 'intersection_type': '', 'intersection_lanes': '', 'max_speed': '', 'access': '', 'crossing': '', 'railway': '', 'barrier': '', 'road_type': {'road_type': 'footway', 'max_speed': '', 'access': '', 'distance_m': 13.739, 'lanes': ''}}, {'distance_m': 71.717, 'signs': [], 'intersection_type': '', 'intersection_lanes': '', 'max_speed': '', 'access': '', 'crossing': '', 'railway': '', 'barrier': '', 'road_type': {'road_type': 'service', 'max_speed': '', 'access': '', 'distance_m': 13.739, 'lanes': ''}}, {'distance_m': 109.741, 'signs': [], 'intersection_type': '', 'intersection_lanes': '', 'max_speed': '', 'access': '', 'crossing': '', 'railway': '', 'barrier': '', 'road_type': {'road_type': 'footway', 'max_speed': '', 'access': '', 'distance_m': 13.739, 'lanes': ''}}, {'distance_m': 111.094, 'signs': [], 'intersection_type': '', 'intersection_lanes': '', 'max_speed': '', 'access': '', 'crossing': '', 'railway': '', 'barrier': '', 'road_type': {'road_type': 'footway', 'max_speed': '', 'access': '', 'distance_m': 13.739, 'lanes': ''}}, {'distance_m': 113.471, 'signs': [], 'intersection_type': '', 'intersection_lanes': '', 'max_speed': '', 'access': '', 'crossing': '', 'railway': '', 'barrier': '', 'road_type': {'road_type': 'footway', 'max_speed': '', 'access': '', 'distance_m': 13.739, 'lanes': ''}}, {'distance_m': 114.43, 'signs': [], 'intersection_type': '', 'intersection_lanes': '', 'max_speed': '', 'access': '', 'crossing': '', 'railway': '', 'barrier': '', 'road_type': {'road_type': 'footway', 'max_speed': '', 'access': '', 'distance_m': 13.739, 'lanes': ''}}, {'distance_m': 115.918, 'signs': [], 'intersection_type': '', 'intersection_lanes': '', 'max_speed': '', 'access': '', 'crossing': '', 'railway': '', 'barrier': '', 'road_type': {'road_type': 'service', 'max_speed': '', 'access': 'private', 'distance_m': 13.739, 'lanes': ''}}]",0,0,0,0,0,0,0,0,0,6,0,0,0,0,0,1,0,0,0,0,0,0,4,0,11
1068823853,2024-07-05 14:59:18,2024-07-05 15:17:30,1092.0,0,-1.0,,,424,0,0,424420,0,0,clinic - 108.547m; social_facility - 134.364m,"[{'road_type': 'footway', 'max_speed': '', 'access': '', 'distance_m': 13.152, 'lanes': ''}, {'road_type': 'service', 'max_speed': '', 'access': '', 'distance_m': 13.152, 'lanes': ''}]","[{'distance_m': 124.119, 'signs': [], 'intersection_type': '', 'intersection_lanes': '', 'max_speed': '', 'access': '', 'crossing': '', 'railway': '', 'barrier': '', 'road_type': {'road_type': 'service', 'max_speed': '', 'access': 'private', 'distance_m': 13.152, 'lanes': ''}}, {'distance_m': 139.517, 'signs': [], 'intersection_type': '', 'intersection_lanes': '', 'max_speed': '', 'access': '', 'crossing': '', 'railway': '', 'barrier': '', 'road_type': {'road_type': 'service', 'max_speed': '', 'access': '', 'distance_m': 14.886, 'lanes': ''}}]",0,0,0,0,1,0,0,0,0,1,0,0,0,0,0,0,0,0,0,0,0,0,0,0,2
1069322029,2024-06-30 17:14:28.740000,2024-07-01 07:34:47.426000,51618.686,0,-1.0,,,424,0,0,424420,0,0,swimming_pool - 57.827m; swimming_pool - 79.883m; swimming_pool - 114.739m; swimming_pool - 139.183m,"[{'road_type': 'residential', 'max_speed': '', 'access': '', 'distance_m': 15.341, 'lanes': ''}]","[{'distance_m': 76.222, 'signs': [], 'intersection_type': '', 'intersection_lanes': '', 'max_speed': '', 'access': '', 'crossing': '', 'railway': '', 'barrier': '', 'road_type': {'road_type': 'residential', 'max_speed': '', 'access': '', 'distance_m': 15.341, 'lanes': ''}}]",0,0,0,0,4,0,0,0,0,0,0,0,0,0,0,0,0,0,0,0,0,0,0,0,4
1069322029,2024-07-01 08:20:13.731000,2024-07-01 10:21:16.431000,7262.7,1,0.0267827222191649,2024-07-01 10:00:00,2024-07-01 10:01:00,424,0,0,424420,0,0,,"[{'road_type': 'service', 'max_speed': '', 'access': '', 'distance_m': 10.189, 'lanes': ''}, {'road_type': 'service', 'max_speed': '', 'access': '', 'distance_m': 10.189, 'lanes': ''}]","[{'distance_m': 144.889, 'signs': [], 'intersection_type': '', 'intersection_lanes': '', 'max_speed': '', 'access': '', 'crossing': '', 'railway': '', 'barrier': '', 'road_type': {'road_type': 'tertiary', 'max_speed': '', 'access': '', 'distance_m': 24.156, 'lanes': ''}}]",0,0,0,0,0,0,0,0,0,0,0,0,0,0,0,0,0,0,0,0,0,0,0,0,0
1069322029,2024-07-01 10:40:19.316000,2024-07-01 10:54:55.307000,875.991,1,0.0242060475737838,2024-07-01 10:18:00,2024-07-01 10:26:52,424,0,0,424420,0,0,fast_food - 23.645m; supermarket - 87.927m,"[{'road_type': 'service', 'max_speed': '', 'access': '', 'distance_m': 11.052, 'lanes': ''}]","[{'distance_m': 105.549, 'signs': [], 'intersection_type': '', 'intersection_lanes': '', 'max_speed': '', 'access': '', 'crossing': '', 'railway': '', 'barrier': '', 'road_type': {'road_type': 'service', 'max_speed': '', 'access': '', 'distance_m': 12.002, 'lanes': ''}}, {'distance_m': 113.512, 'signs': [], 'intersection_type': '', 'intersection_lanes': '', 'max_speed': '', 'access': '', 'crossing': '', 'railway': '', 'barrier': '', 'road_type': {'road_type': 'service', 'max_speed': '', 'access': '', 'distance_m': 11.052, 'lanes': ''}}, {'distance_m': 114.711, 'signs': [], 'intersection_type': '', 'intersection_lanes': '', 'max_speed': '', 'access': '', 'crossing': '', 'railway': '', 'barrier': '', 'road_type': {'road_type': 'service', 'max_speed': '', 'access': '', 'distance_m': 11.052, 'lanes': ''}}, {'distance_m': 124.998, 'signs': [], 'intersection_type': '', 'intersection_lanes': '', 'max_speed': '', 'access': '', 'crossing': '', 'railway': '', 'barrier': '', 'road_type': {'road_type': 'service', 'max_speed': '', 'access': '', 'distance_m': 12.002, 'lanes': ''}}]",0,0,0,0,0,0,0,0,0,0,0,0,0,0,0,0,0,0,0,1,1,0,0,0,2
1069322029,2024-07-01 11:03:01.780000,2024-07-01 11:42:01,2339.22,1,0.1222616406107752,2024-07-01 10:32:16,2024-07-01 10:57:59,424,0,0,424420,0,0,charging_station - 36.005m; fast_food - 97.784m; restaurant - 105.152m; confectionery - 110.498m; beauty - 116.411m,"[{'road_type': 'service', 'max_speed': '', 'access': '', 'distance_m': 4.106, 'lanes': ''}]","[{'distance_m': 39.148, 'signs': [], 'intersection_type': '', 'intersection_lanes': '', 'max_speed': '', 'access': '', 'crossing': '', 'railway': '', 'barrier': '', 'road_type': {'road_type': 'service', 'max_speed': '', 'access': '', 'distance_m': 4.106, 'lanes': ''}}, {'distance_m': 56.094, 'signs': ['traffic_signals'], 'intersection_type': 'traffic_signals', 'intersection_lanes': '', 'max_speed': '', 'access': '', 'crossing': '', 'railway': '', 'barrier': '', 'road_type': {'road_type': 'motorway_link', 'max_speed': '', 'access': '', 'distance_m': 21.847, 'lanes': '2'}}, {'distance_m': 58.132, 'signs': [], 'intersection_type': '', 'intersection_lanes': '', 'max_speed': '', 'access': '', 'crossing': '', 'railway': '', 'barrier': '', 'road_type': {'road_type': 'service', 'max_speed': '', 'access': '', 'distance_m': 21.847, 'lanes': ''}}, {'distance_m': 112.514, 'signs': ['traffic_signals'], 'intersection_type': 'traffic_signals', 'intersection_lanes': '', 'max_speed': '', 'access': '', 'crossing': '', 'railway': '', 'barrier': '', 'road_type': {'road_type': 'tertiary', 'max_speed': '', 'access': '', 'distance_m': 21.847, 'lanes': ''}}, {'distance_m': 131.17, 'signs': [], 'intersection_type': '', 'intersection_lanes': '', 'max_speed': '', 'access': '', 'crossing': '', 'railway': '', 'barrier': '', 'road_type': {'road_type': 'secondary', 'max_speed': '', 'access': '', 'distance_m': 21.847, 'lanes': ''}}, {'distance_m': 132.581, 'signs': [], 'intersection_type': '', 'intersection_lanes': '', 'max_speed': '', 'access': '', 'crossing': '', 'railway': '', 'barrier': '', 'road_type': {'road_type': 'service', 'max_speed': '', 'access': '', 'distance_m': 21.847, 'lanes': ''}}, {'distance_m': 139.542, 'signs': [], 'intersection_type': '', 'intersection_lanes': '', 'max_speed': '', 'access': '', 'crossing': '', 'railway': '', 'barrier': '', 'road_type': {'road_type': 'service', 'max_speed': '', 'access': '', 'distance_m': 21.847, 'lanes': ''}}]",0,0,0,0,0,0,0,1,0,0,0,0,0,1,0,0,0,0,0,2,1,0,0,0,5
1069322029,2024-07-01 12:04:46.514000,2024-07-01 12:11:04.478000,377.964,1,0.1259664551990692,2024-07-01 11:11:07,2024-07-01 11:17:47,424,0,0,424420,0,0,,"[{'road_type': 'service', 'max_speed': '', 'access': '', 'distance_m': 12.407, 'lanes': ''}]","[{'distance_m': 121.518, 'signs': [], 'intersection_type': '', 'intersection_lanes': '', 'max_speed': '', 'access': '', 'crossing': '', 'railway': '', 'barrier': '', 'road_type': {'road_type': 'service', 'max_speed': '', 'access': '', 'distance_m': 54.116, 'lanes': ''}}]",0,0,0,0,0,0,0,0,0,0,0,0,0,0,0,0,0,0,0,0,0,0,0,0,0
1069322029,2024-07-01 12:13:09.577000,2024-07-01 12:19:24.069000,374.492,1,0.1397799962171038,2024-07-01 11:11:07,2024-07-01 11:17:47,424,0,0,424420,0,0,fast_food - 70.509m,"[{'road_type': 'service', 'max_speed': '', 'access': '', 'distance_m': 11.693, 'lanes': ''}]","[{'distance_m': 105.312, 'signs': [], 'intersection_type': '', 'intersection_lanes': '', 'max_speed': '', 'access': '', 'crossing': '', 'railway': '', 'barrier': '', 'road_type': {'road_type': 'tertiary', 'max_speed': '', 'access': '', 'distance_m': 11.693, 'lanes': ''}}, {'distance_m': 106.585, 'signs': [], 'intersection_type': '', 'intersection_lanes': '', 'max_speed': '', 'access': '', 'crossing': '', 'railway': '', 'barrier': '', 'road_type': {'road_type': 'tertiary', 'max_speed': '', 'access': '', 'distance_m': 29.206, 'lanes': ''}}, {'distance_m': 115.407, 'signs': [], 'intersection_type': '', 'intersection_lanes': '', 'max_speed': '', 'access': '', 'crossing': '', 'railway': '', 'barrier': '', 'road_type': {'road_type': 'tertiary', 'max_speed': '', 'access': '', 'distance_m': 11.693, 'lanes': ''}}, {'distance_m': 116.858, 'signs': [], 'intersection_type': '', 'intersection_lanes': '', 'max_speed': '', 'access': '', 'crossing': '', 'railway': '', 'barrier': '', 'road_type': {'road_type': 'secondary', 'max_speed': '', 'access': '', 'distance_m': 11.693, 'lanes': ''}}]",0,0,0,0,0,0,0,0,0,0,0,0,0,0,0,0,0,0,0,1,0,0,0,0,1
1069322029,2024-07-01 12:27:44.008000,2024-07-01 12:35:05.266000,441.258,1,0.0700362129511017,2024-07-01 11:24:07,2024-07-01 11:31:20,424,0,0,424420,0,0,,"[{'road_type': 'service', 'max_speed': '', 'access': '', 'distance_m': 18.521, 'lanes': ''}]","[{'distance_m': 94.567, 'signs': [], 'intersection_type': '', 'intersection_lanes': '', 'max_speed': '', 'access': '', 'crossing': '', 'railway': '', 'barrier': '', 'road_type': {'road_type': 'service', 'max_speed': '', 'access': '', 'distance_m': 30.401, 'lanes': ''}}, {'distance_m': 116.733, 'signs': [], 'intersection_type': '', 'intersection_lanes': '', 'max_speed': '', 'access': '', 'crossing': '', 'railway': '', 'barrier': '', 'road_type': {'road_type': 'service', 'max_speed': '', 'access': '', 'distance_m': 18.521, 'lanes': ''}}, {'distance_m': 141.172, 'signs': ['traffic_signals'], 'intersection_type': 'traffic_signals', 'intersection_lanes': '', 'max_speed': '', 'access': '', 'crossing': '', 'railway': '', 'barrier': '', 'road_type': {'road_type': 'tertiary', 'max_speed': '', 'access': '', 'distance_m': 18.521, 'lanes': ''}}]",0,0,0,0,0,0,0,0,0,0,0,0,0,0,0,0,0,0,0,0,0,0,0,0,0
1069322029,2024-07-01 12:47:51.293000,2024-07-01 13:15:05.672000,1634.379,1,0.0578787700206441,2024-07-01 11:44:00,2024-07-01 11:51:13,424,0,0,424420,0,0,waste_disposal - 15.726m; waste_basket - 34.865m; restaurant - 35.38m; waste_basket - 73.406m; hairdresser - 79.097m; restaurant - 82.95m; waste_disposal - 91.512m; bicycle_parking - 137.357m,"[{'road_type': 'footway', 'max_speed': '', 'access': '', 'distance_m': 4.525, 'lanes': ''}]","[{'distance_m': 40.362, 'signs': ['crossing'], 'intersection_type': 'crossing', 'intersection_lanes': '', 'max_speed': '', 'access': '', 'crossing': '', 'railway': '', 'barrier': '', 'road_type': {'road_type': 'service', 'max_speed': '', 'access': '', 'distance_m': 4.525, 'lanes': ''}}, {'distance_m': 66.202, 'signs': [], 'intersection_type': '', 'intersection_lanes': '', 'max_speed': '', 'access': '', 'crossing': '', 'railway': '', 'barrier': '', 'road_type': {'road_type': 'service', 'max_speed': '', 'access': 'private', 'distance_m': 4.525, 'lanes': ''}}, {'distance_m': 67.062, 'signs': ['crossing'], 'intersection_type': 'crossing', 'intersection_lanes': '', 'max_speed': '', 'access': '', 'crossing': '', 'railway': '', 'barrier': '', 'road_type': {'road_type': 'service', 'max_speed': '', 'access': '', 'distance_m': 4.525, 'lanes': ''}}, {'distance_m': 69.081, 'signs': [], 'intersection_type': '', 'intersection_lanes': '', 'max_speed': '', 'access': '', 'crossing': '', 'railway': '', 'barrier': '', 'road_type': {'road_type': 'service', 'max_speed': '', 'access': '', 'distance_m': 4.525, 'lanes': ''}}, {'distance_m': 72.685, 'signs': [], 'intersection_type': '', 'intersection_lanes': '', 'max_speed': '', 'access': '', 'crossing': '', 'railway': '', 'barrier': '', 'road_type': {'road_type': 'service', 'max_speed': '', 'access': '', 'distance_m': 4.525, 'lanes': ''}}, {'distance_m': 108.905, 'signs': [], 'intersection_type': '', 'intersection_lanes': '', 'max_speed': '', 'access': '', 'crossing': '', 'railway': '', 'barrier': '', 'road_type': {'road_type': 'service', 'max_speed': '', 'access': '', 'distance_m': 4.525, 'lanes': ''}}]",0,0,0,0,0,0,0,0,0,0,0,0,1,1,0,0,0,0,0,2,0,0,0,4,8
1069322029,2024-07-01 13:23:40.804000,2024-07-01 13:39:47.866000,967.062,1,0.1625809511527234,2024-07-01 11:59:41,2024-07-01 12:08:27,424,0,0,424420,0,0,,"[{'road_type': 'service', 'max_speed': '', 'access': '', 'distance_m': 39.34, 'lanes': ''}, {'road_type': 'service', 'max_speed': '', 'access': '', 'distance_m': 35.915, 'lanes': ''}]","[{'distance_m': 99.931, 'signs': [], 'intersection_type': '', 'intersection_lanes': '', 'max_speed': '', 'access': '', 'crossing': '', 'railway': '', 'barrier': '', 'road_type': {'road_type': 'service', 'max_speed': '', 'access': '', 'distance_m': 35.915, 'lanes': ''}}, {'distance_m': 107.727, 'signs': [], 'intersection_type': '', 'intersection_lanes': '', 'max_speed': '', 'access': '', 'crossing': '', 'railway': '', 'barrier': '', 'road_type': {'road_type': 'service', 'max_speed': '', 'access': '', 'distance_m': 35.915, 'lanes': ''}}, {'distance_m': 119.952, 'signs': [], 'intersection_type': '', 'intersection_lanes': '', 'max_speed': '', 'access': '', 'crossing': '', 'railway': '', 'barrier': '', 'road_type': {'road_type': 'service', 'max_speed': '', 'access': '', 'distance_m': 35.915, 'lanes': ''}}, {'distance_m': 149.164, 'signs': [], 'intersection_type': '', 'intersection_lanes': '', 'max_speed': '', 'access': '', 'crossing': '', 'railway': '', 'barrier': '', 'road_type': {'road_type': 'residential', 'max_speed': '', 'access': '', 'distance_m': 35.915, 'lanes': ''}}]",0,0,0,0,0,0,0,0,0,0,0,0,0,0,0,0,0,0,0,0,0,0,0,0,0
1069322029,2024-07-01 13:43:51.164000,2024-07-01 13:58:30.180000,879.016,1,0.1416387054506727,2024-07-01 12:10:39,2024-07-01 12:19:38,424,0,0,424420,0,0,place_of_worship - 123.673m,"[{'road_type': 'service', 'max_speed': '', 'access': '', 'distance_m': 54.754, 'lanes': ''}, {'road_type': 'service', 'max_speed': '', 'access': '', 'distance_m': 50.961, 'lanes': ''}]","[{'distance_m': 72.367, 'signs': [], 'intersection_type': '', 'intersection_lanes': '', 'max_speed': '', 'access': '', 'crossing': '', 'railway': '', 'barrier': '', 'road_type': {'road_type': 'service', 'max_speed': '', 'access': '', 'distance_m': 50.961, 'lanes': ''}}, {'distance_m': 103.034, 'signs': ['traffic_signals'], 'intersection_type': 'traffic_signals', 'intersection_lanes': '', 'max_speed': '', 'access': '', 'crossing': '', 'railway': '', 'barrier': '', 'road_type': {'road_type': 'secondary', 'max_speed': '', 'access': '', 'distance_m': 54.754, 'lanes': ''}}, {'distance_m': 126.978, 'signs': [], 'intersection_type': '', 'intersection_lanes': '', 'max_speed': '', 'access': '', 'crossing': '', 'railway': '', 'barrier': '', 'road_type': {'road_type': 'service', 'max_speed': '', 'access': '', 'distance_m': 50.961, 'lanes': ''}}, {'distance_m': 127.866, 'signs': [], 'intersection_type': '', 'intersection_lanes': '', 'max_speed': '', 'access': '', 'crossing': '', 'railway': '', 'barrier': '', 'road_type': {'road_type': 'service', 'max_speed': '', 'access': '', 'distance_m': 50.961, 'lanes': ''}}, {'distance_m': 143.649, 'signs': [], 'intersection_type': '', 'intersection_lanes': '', 'max_speed': '', 'access': '', 'crossing': '', 'railway': '', 'barrier': '', 'road_type': {'road_type': 'service', 'max_speed': '', 'access': 'customers', 'distance_m': 50.961, 'lanes': ''}}]",0,0,0,0,0,0,0,0,0,0,0,0,0,0,0,0,0,1,0,0,0,0,0,0,1
1069322029,2024-07-01 14:01:33.181000,2024-07-01 14:16:52.859000,919.678,1,0.0407366014651873,2024-07-01 12:10:39,2024-07-01 12:19:38,424,0,0,424420,0,0,,"[{'road_type': 'service', 'max_speed': '', 'access': '', 'distance_m': 7.743, 'lanes': ''}, {'road_type': 'service', 'max_speed': '', 'access': '', 'distance_m': 7.743, 'lanes': ''}]","[{'distance_m': 25.19, 'signs': [], 'intersection_type': '', 'intersection_lanes': '', 'max_speed': '', 'access': '', 'crossing': '', 'railway': '', 'barrier': '', 'road_type': {'road_type': 'service', 'max_speed': '', 'access': '', 'distance_m': 7.743, 'lanes': ''}}, {'distance_m': 71.663, 'signs': [], 'intersection_type': '', 'intersection_lanes': '', 'max_speed': '', 'access': '', 'crossing': '', 'railway': '', 'barrier': '', 'road_type': {'road_type': 'service', 'max_speed': '', 'access': '', 'distance_m': 7.743, 'lanes': ''}}, {'distance_m': 90.996, 'signs': ['traffic_signals'], 'intersection_type': 'traffic_signals', 'intersection_lanes': '', 'max_speed': '', 'access': '', 'crossing': '', 'railway': '', 'barrier': '', 'road_type': {'road_type': 'secondary', 'max_speed': '', 'access': '', 'distance_m': 25.19, 'lanes': ''}}, {'distance_m': 108.284, 'signs': [], 'intersection_type': '', 'intersection_lanes': '', 'max_speed': '', 'access': '', 'crossing': '', 'railway': '', 'barrier': '', 'road_type': {'road_type': 'service', 'max_speed': '', 'access': '', 'distance_m': 7.743, 'lanes': ''}}, {'distance_m': 110.365, 'signs': [], 'intersection_type': '', 'intersection_lanes': '', 'max_speed': '', 'access': '', 'crossing': '', 'railway': '', 'barrier': '', 'road_type': {'road_type': 'service', 'max_speed': '', 'access': '', 'distance_m': 25.19, 'lanes': ''}}]",0,0,0,0,0,0,0,0,0,0,0,0,0,0,0,0,0,0,0,0,0,0,0,0,0
1069322029,2024-07-01 14:31:11.770000,2024-07-01 14:41:09.409000,597.639,1,0.1638816491749045,2024-07-01 12:43:18,2024-07-01 12:56:43,424,0,0,424420,0,0,restaurant - 33.632m; hairdresser - 34.051m; mobile_phone - 35.483m; beauty - 37.757m; fast_food - 44.966m; restaurant - 48.583m; tobacco - 56.812m; restaurant - 62.588m; ice_cream - 81.93m; restaurant - 90.231m; supermarket - 95.759m; cafe - 104.427m; restaurant - 105.065m; fast_food - 105.599m; gift - 106.587m,"[{'road_type': 'service', 'max_speed': '', 'access': '', 'distance_m': 19.7, 'lanes': ''}, {'road_type': 'service', 'max_speed': '', 'access': '', 'distance_m': 19.7, 'lanes': ''}]","[{'distance_m': 108.601, 'signs': [], 'intersection_type': '', 'intersection_lanes': '', 'max_speed': '', 'access': '', 'crossing': '', 'railway': '', 'barrier': '', 'road_type': {'road_type': 'service', 'max_speed': '', 'access': '', 'distance_m': 19.7, 'lanes': ''}}, {'distance_m': 147.963, 'signs': [], 'intersection_type': '', 'intersection_lanes': '', 'max_speed': '', 'access': '', 'crossing': '', 'railway': '', 'barrier': '', 'road_type': {'road_type': 'residential', 'max_speed': '', 'access': '', 'distance_m': 130.611, 'lanes': ''}}]",0,0,0,0,0,0,0,0,0,0,0,0,0,2,0,0,0,0,0,9,4,0,0,0,15
1069322029,2024-07-01 14:43:14.952000,2024-07-01 14:56:53.842000,818.89,0,-1.0,,,424,0,0,424420,0,0,dry_cleaning - 15.448m; wine - 16.459m; beverages - 17.407m; restaurant - 18.353m; beauty - 21.637m; beauty - 24.68m; fast_food - 27.468m; hairdresser - 29.028m; restaurant - 33.354m; pharmacy - 36.465m; restaurant - 40.061m; dentist - 42.594m; restaurant - 42.963m; fast_food - 115.433m; fast_food - 117.881m; fast_food - 145.61m,"[{'road_type': 'service', 'max_speed': '', 'access': '', 'distance_m': 8.49, 'lanes': ''}, {'road_type': 'service', 'max_speed': '', 'access': '', 'distance_m': 8.49, 'lanes': ''}, {'road_type': 'service', 'max_speed': '', 'access': '', 'distance_m': 8.49, 'lanes': ''}]","[{'distance_m': 8.49, 'signs': [], 'intersection_type': '', 'intersection_lanes': '', 'max_speed': '', 'access': '', 'crossing': '', 'railway': '', 'barrier': '', 'road_type': {'road_type': 'service', 'max_speed': '', 'access': '', 'distance_m': 8.49, 'lanes': ''}}, {'distance_m': 30.856, 'signs': [], 'intersection_type': '', 'intersection_lanes': '', 'max_speed': '', 'access': '', 'crossing': '', 'railway': '', 'barrier': '', 'road_type': {'road_type': 'service', 'max_speed': '', 'access': '', 'distance_m': 8.49, 'lanes': ''}}, {'distance_m': 35.475, 'signs': [], 'intersection_type': '', 'intersection_lanes': '', 'max_speed': '', 'access': '', 'crossing': '', 'railway': '', 'barrier': '', 'road_type': {'road_type': 'service', 'max_speed': '', 'access': '', 'distance_m': 8.49, 'lanes': ''}}, {'distance_m': 63.83, 'signs': [], 'intersection_type': '', 'intersection_lanes': '', 'max_speed': '', 'access': '', 'crossing': '', 'railway': '', 'barrier': '', 'road_type': {'road_type': 'secondary', 'max_speed': '', 'access': '', 'distance_m': 49.865, 'lanes': '4'}}, {'distance_m': 70.792, 'signs': [], 'intersection_type': '', 'intersection_lanes': '', 'max_speed': '', 'access': '', 'crossing': '', 'railway': '', 'barrier': '', 'road_type': {'road_type': 'tertiary', 'max_speed': '40 mph', 'access': '', 'distance_m': 49.865, 'lanes': '4'}}, {'distance_m': 76.382, 'signs': [], 'intersection_type': '', 'intersection_lanes': '', 'max_speed': '', 'access': '', 'crossing': '', 'railway': '', 'barrier': '', 'road_type': {'road_type': 'secondary', 'max_speed': '', 'access': '', 'distance_m': 49.865, 'lanes': ''}}, {'distance_m': 85.105, 'signs': [], 'intersection_type': '', 'intersection_lanes': '', 'max_speed': '', 'access': '', 'crossing': '', 'railway': '', 'barrier': '', 'road_type': {'road_type': 'secondary', 'max_speed': '', 'access': '', 'distance_m': 49.865, 'lanes': ''}}, {'distance_m': 102.121, 'signs': [], 'intersection_type': '', 'intersection_lanes': '', 'max_speed': '', 'access': '', 'crossing': '', 'railway': '', 'barrier': '', 'road_type': {'road_type': 'service', 'max_speed': '', 'access': '', 'distance_m': 23.666, 'lanes': ''}}, {'distance_m': 114.972, 'signs': [], 'intersection_type': '', 'intersection_lanes': '', 'max_speed': '', 'access': '', 'crossing': '', 'railway': '', 'barrier': '', 'road_type': {'road_type': 'residential', 'max_speed': '', 'access': '', 'distance_m': 49.865, 'lanes': ''}}, {'distance_m': 119.714, 'signs': [], 'intersection_type': '', 'intersection_lanes': '', 'max_speed': '', 'access': '', 'crossing': '', 'railway': '', 'barrier': '', 'road_type': {'road_type': 'secondary', 'max_speed': '', 'access': '', 'distance_m': 8.49, 'lanes': '2'}}]",0,0,0,0,0,0,0,0,0,2,0,0,0,3,0,0,1,0,0,8,2,0,0,0,16
1069322029,2024-07-01 15:39:04.768000,2024-07-01 15:56:51.777000,1067.009,0,-1.0,,,424,0,0,424420,0,0,atm - 40.526m; vending_machine - 45.94m; vending_machine - 79.69m; vending_machine - 117.507m; vending_machine - 118.511m; department_store - 149.295m,"[{'road_type': 'service', 'max_speed': '', 'access': '', 'distance_m': 2.64, 'lanes': ''}]","[{'distance_m': 47.58, 'signs': [], 'intersection_type': '', 'intersection_lanes': '', 'max_speed': '', 'access': '', 'crossing': '', 'railway': '', 'barrier': '', 'road_type': {'road_type': 'service', 'max_speed': '', 'access': '', 'distance_m': 14.762, 'lanes': ''}}, {'distance_m': 128.078, 'signs': [], 'intersection_type': '', 'intersection_lanes': '', 'max_speed': '', 'access': '', 'crossing': '', 'railway': '', 'barrier': '', 'road_type': {'road_type': 'service', 'max_speed': '', 'access': '', 'distance_m': 14.762, 'lanes': ''}}, {'distance_m': 135.45, 'signs': [], 'intersection_type': '', 'intersection_lanes': '', 'max_speed': '', 'access': '', 'crossing': '', 'railway': '', 'barrier': '', 'road_type': {'road_type': 'service', 'max_speed': '', 'access': '', 'distance_m': 14.762, 'lanes': ''}}]",0,0,0,0,0,0,1,0,0,0,0,0,0,0,0,0,0,0,0,0,5,0,0,0,6
1069322029,2024-07-01 16:03:57.777000,2024-07-01 16:23:33.864000,1176.087,1,0.0631088428394147,2024-07-01 13:59:56,2024-07-01 14:14:55,424,0,0,424420,0,0,,"[{'road_type': 'residential', 'max_speed': '', 'access': '', 'distance_m': 5.181, 'lanes': ''}]","[{'distance_m': 19.89, 'signs': [], 'intersection_type': '', 'intersection_lanes': '', 'max_speed': '', 'access': '', 'crossing': '', 'railway': '', 'barrier': '', 'road_type': {'road_type': 'service', 'max_speed': '', 'access': '', 'distance_m': 5.181, 'lanes': ''}}, {'distance_m': 59.412, 'signs': [], 'intersection_type': '', 'intersection_lanes': '', 'max_speed': '', 'access': '', 'crossing': '', 'railway': '', 'barrier': '', 'road_type': {'road_type': 'residential', 'max_speed': '', 'access': '', 'distance_m': 5.181, 'lanes': ''}}, {'distance_m': 65.855, 'signs': [], 'intersection_type': '', 'intersection_lanes': '', 'max_speed': '', 'access': '', 'crossing': '', 'railway': '', 'barrier': '', 'road_type': {'road_type': 'residential', 'max_speed': '', 'access': '', 'distance_m': 5.181, 'lanes': ''}}, {'distance_m': 67.15, 'signs': [], 'intersection_type': '', 'intersection_lanes': '', 'max_speed': '', 'access': '', 'crossing': '', 'railway': '', 'barrier': '', 'road_type': {'road_type': 'residential', 'max_speed': '', 'access': '', 'distance_m': 5.181, 'lanes': ''}}, {'distance_m': 81.512, 'signs': [], 'intersection_type': '', 'intersection_lanes': '', 'max_speed': '', 'access': '', 'crossing': '', 'railway': '', 'barrier': '', 'road_type': {'road_type': 'residential', 'max_speed': '', 'access': '', 'distance_m': 5.181, 'lanes': ''}}, {'distance_m': 82.518, 'signs': [], 'intersection_type': '', 'intersection_lanes': '', 'max_speed': '', 'access': '', 'crossing': '', 'railway': '', 'barrier': '', 'road_type': {'road_type': 'residential', 'max_speed': '', 'access': '', 'distance_m': 5.181, 'lanes': ''}}, {'distance_m': 140.51, 'signs': [], 'intersection_type': '', 'intersection_lanes': '', 'max_speed': '', 'access': '', 'crossing': '', 'railway': '', 'barrier': '', 'road_type': {'road_type': 'service', 'max_speed': '', 'access': '', 'distance_m': 5.181, 'lanes': ''}}]",0,0,0,0,0,0,0,0,0,0,0,0,0,0,0,0,0,0,0,0,0,0,0,0,0
1069322029,2024-07-01 17:17:14.177000,2024-07-01 17:29:20.475000,726.298,1,0.0170293071199006,2024-07-01 14:41:51,2024-07-01 14:56:05,424,0,0,424420,0,0,,"[{'road_type': 'primary', 'max_speed': '', 'access': '', 'distance_m': 29.304, 'lanes': '3'}]","[{'distance_m': 125.761, 'signs': [], 'intersection_type': '', 'intersection_lanes': '', 'max_speed': '', 'access': '', 'crossing': '', 'railway': '', 'barrier': '', 'road_type': {'road_type': 'service', 'max_speed': '', 'access': 'private', 'distance_m': 29.304, 'lanes': ''}}, {'distance_m': 132.558, 'signs': [], 'intersection_type': '', 'intersection_lanes': '', 'max_speed': '', 'access': '', 'crossing': '', 'railway': '', 'barrier': '', 'road_type': {'road_type': 'primary', 'max_speed': '', 'access': '', 'distance_m': 29.304, 'lanes': ''}}, {'distance_m': 141.842, 'signs': [], 'intersection_type': '', 'intersection_lanes': '', 'max_speed': '', 'access': '', 'crossing': '', 'railway': '', 'barrier': '', 'road_type': {'road_type': 'service', 'max_speed': '', 'access': 'customers', 'distance_m': 29.304, 'lanes': ''}}]",0,0,0,0,0,0,0,0,0,0,0,0,0,0,0,0,0,0,0,0,0,0,0,0,0
1069322029,2024-07-01 17:45:20.565000,2024-07-01 17:56:35.941000,675.376,1,0.0337421918986762,2024-07-01 15:11:25,2024-07-01 15:19:16,424,0,0,424420,0,0,restaurant - 34.846m,"[{'road_type': 'residential', 'max_speed': '', 'access': '', 'distance_m': 6.037, 'lanes': ''}, {'road_type': 'service', 'max_speed': '', 'access': '', 'distance_m': 6.037, 'lanes': ''}]","[{'distance_m': 52.291, 'signs': [], 'intersection_type': '', 'intersection_lanes': '', 'max_speed': '', 'access': '', 'crossing': '', 'railway': '', 'barrier': '', 'road_type': {'road_type': 'tertiary', 'max_speed': '', 'access': '', 'distance_m': 6.037, 'lanes': ''}}, {'distance_m': 88.768, 'signs': [], 'intersection_type': '', 'intersection_lanes': '', 'max_speed': '', 'access': '', 'crossing': '', 'railway': '', 'barrier': '', 'road_type': {'road_type': 'residential', 'max_speed': '', 'access': '', 'distance_m': 6.037, 'lanes': ''}}]",0,0,0,0,0,0,0,0,0,0,0,0,0,0,0,0,0,0,0,1,0,0,0,0,1
1069322029,2024-07-01 17:59:32.936000,2024-07-01 18:24:02.991000,1470.055,1,0.0630761443369871,2024-07-01 15:21:54,2024-07-01 15:30:29,424,0,0,424420,0,0,,"[{'road_type': 'residential', 'max_speed': '', 'access': '', 'distance_m': 26.465, 'lanes': ''}]","[{'distance_m': 103.638, 'signs': ['traffic_signals'], 'intersection_type': 'traffic_signals', 'intersection_lanes': '', 'max_speed': '', 'access': '', 'crossing': '', 'railway': '', 'barrier': '', 'road_type': {'road_type': 'tertiary', 'max_speed': '', 'access': '', 'distance_m': 26.465, 'lanes': ''}}]",0,0,0,0,0,0,0,0,0,0,0,0,0,0,0,0,0,0,0,0,0,0,0,0,0
1069322029,2024-07-01 18:33:49.779000,2024-07-01 18:44:06.409000,616.63,1,0.0687336578347759,2024-07-01 15:42:09,2024-07-01 15:55:52,424,0,0,424420,0,0,,"[{'road_type': 'service', 'max_speed': '', 'access': '', 'distance_m': 24.186, 'lanes': ''}, {'road_type': 'tertiary', 'max_speed': '', 'access': '', 'distance_m': 24.186, 'lanes': ''}]","[{'distance_m': 30.813, 'signs': [], 'intersection_type': '', 'intersection_lanes': '', 'max_speed': '', 'access': '', 'crossing': '', 'railway': '', 'barrier': '', 'road_type': {'road_type': 'service', 'max_speed': '', 'access': '', 'distance_m': 24.186, 'lanes': ''}}, {'distance_m': 33.393, 'signs': [], 'intersection_type': '', 'intersection_lanes': '', 'max_speed': '', 'access': '', 'crossing': '', 'railway': '', 'barrier': '', 'road_type': {'road_type': 'service', 'max_speed': '', 'access': '', 'distance_m': 24.186, 'lanes': ''}}, {'distance_m': 37.31, 'signs': [], 'intersection_type': '', 'intersection_lanes': '', 'max_speed': '', 'access': '', 'crossing': '', 'railway': '', 'barrier': '', 'road_type': {'road_type': 'tertiary', 'max_speed': '', 'access': '', 'distance_m': 24.186, 'lanes': ''}}, {'distance_m': 92.056, 'signs': [], 'intersection_type': '', 'intersection_lanes': '', 'max_speed': '', 'access': '', 'crossing': '', 'railway': '', 'barrier': '', 'road_type': {'road_type': 'service', 'max_speed': '', 'access': '', 'distance_m': 24.186, 'lanes': ''}}, {'distance_m': 101.489, 'signs': [], 'intersection_type': '', 'intersection_lanes': '', 'max_speed': '', 'access': '', 'crossing': '', 'railway': '', 'barrier': '', 'road_type': {'road_type': 'tertiary', 'max_speed': '', 'access': '', 'distance_m': 24.186, 'lanes': ''}}, {'distance_m': 111.228, 'signs': [], 'intersection_type': '', 'intersection_lanes': '', 'max_speed': '', 'access': '', 'crossing': '', 'railway': '', 'barrier': '', 'road_type': {'road_type': 'service', 'max_speed': '', 'access': '', 'distance_m': 24.186, 'lanes': ''}}, {'distance_m': 116.973, 'signs': [], 'intersection_type': '', 'intersection_lanes': '', 'max_speed': '', 'access': '', 'crossing': '', 'railway': '', 'barrier': '', 'road_type': {'road_type': 'tertiary', 'max_speed': '', 'access': '', 'distance_m': 24.186, 'lanes': ''}}, {'distance_m': 137.817, 'signs': [], 'intersection_type': '', 'intersection_lanes': '', 'max_speed': '', 'access': '', 'crossing': '', 'railway': '', 'barrier': '', 'road_type': {'road_type': 'service', 'max_speed': '', 'access': '', 'distance_m': 98.6, 'lanes': ''}}, {'distance_m': 142.36, 'signs': [], 'intersection_type': '', 'intersection_lanes': '', 'max_speed': '', 'access': '', 'crossing': '', 'railway': '', 'barrier': '', 'road_type': {'road_type': 'tertiary', 'max_speed': '', 'access': '', 'distance_m': 24.186, 'lanes': ''}}, {'distance_m': 146.756, 'signs': [], 'intersection_type': '', 'intersection_lanes': '', 'max_speed': '', 'access': '', 'crossing': '', 'railway': '', 'barrier': '', 'road_type': {'road_type': 'secondary', 'max_speed': '', 'access': '', 'distance_m': 111.228, 'lanes': '3'}}]",0,0,0,0,0,0,0,0,0,0,0,0,0,0,0,0,0,0,0,0,0,0,0,0,0
